

================================================================
== Synthesis Summary Report of 'bnn_top'
================================================================
+ General Information: 
    * Date:           Mon Mar 23 17:20:14 2026
    * Version:        2024.1 (Build 5069499 on May 21 2024)
    * Project:        bnn_top_iostream
    * Solution:       hls (Vivado IP Flow Target)
    * Product family: zynquplus
    * Target device:  xczu3eg-sfvc784-2-e
    

+ Performance & Resource Estimates: 
    
    PS: '+' for module; 'o' for loop; '*' for dataflow
    +--------------------------------+------+------+---------+---------+----------+---------+------+----------+-----------+----+-------------+-------------+-----+
    |             Modules            | Issue|      | Latency | Latency | Iteration|         | Trip |          |           |    |             |             |     |
    |             & Loops            | Type | Slack| (cycles)|   (ns)  |  Latency | Interval| Count| Pipelined|   BRAM    | DSP|      FF     |     LUT     | URAM|
    +--------------------------------+------+------+---------+---------+----------+---------+------+----------+-----------+----+-------------+-------------+-----+
    |+ bnn_top                       |     -|  0.00|      322|  966.000|         -|      323|     -|        no|  211 (48%)|   -|  15860 (11%)|  56358 (79%)|    -|
    | + bnn_top_Pipeline_RECV_INPUT  |     -|  0.02|       29|   87.000|         -|       29|     -|        no|          -|   -|    2480 (1%)|  11524 (16%)|    -|
    |  o RECV_INPUT                  |     -|  2.19|       27|   81.000|         4|        1|    25|       yes|          -|   -|            -|            -|    -|
    | + bnn_top_Pipeline_L1_NEURON   |     -|  0.03|       71|  213.000|         -|       71|     -|        no|          -|   -|    3315 (2%)|  20413 (28%)|    -|
    |  o L1_NEURON                   |     -|  2.19|       69|  207.000|         7|        1|    64|       yes|          -|   -|            -|            -|    -|
    | + bnn_top_Pipeline_L2_NEURON   |     -|  0.03|       70|  210.000|         -|       70|     -|        no|          -|   -|    1653 (1%)|  11762 (16%)|    -|
    |  o L2_NEURON                   |     -|  2.19|       68|  204.000|         6|        1|    64|       yes|          -|   -|            -|            -|    -|
    | + bnn_top_Pipeline_L3_NEURON   |     -|  0.17|       16|   48.000|         -|       16|     -|        no|          -|   -|    453 (~0%)|    3222 (4%)|    -|
    |  o L3_NEURON                   |     -|  2.19|       14|   42.000|         6|        1|    10|       yes|          -|   -|            -|            -|    -|
    | + bnn_top_Pipeline_L1_LOAD     |     -|  0.00|      259|  777.000|         -|      259|     -|        no|          -|   -|    814 (~0%)|     82 (~0%)|    -|
    |  o L1_LOAD                     |     -|  2.19|      257|  771.000|         3|        1|   256|       yes|          -|   -|            -|            -|    -|
    | + bnn_top_Pipeline_L2_LOAD     |     -|  0.00|      259|  777.000|         -|      259|     -|        no|          -|   -|    286 (~0%)|     82 (~0%)|    -|
    |  o L2_LOAD                     |     -|  2.19|      257|  771.000|         3|        1|   256|       yes|          -|   -|            -|            -|    -|
    | + bnn_top_Pipeline_L3_LOAD     |     -|  0.00|       13|   39.000|         -|       13|     -|        no|          -|   -|    273 (~0%)|     73 (~0%)|    -|
    |  o L3_LOAD                     |     -|  2.19|       11|   33.000|         3|        1|    10|       yes|          -|   -|            -|            -|    -|
    +--------------------------------+------+------+---------+---------+----------+---------+------+----------+-----------+----+-------------+-------------+-----+


================================================================
== HW Interfaces
================================================================
* M_AXI
+-------------+------------+-------------+---------------+---------+--------+----------+-----------+--------------+--------------+-------------+-------------+-------------------+
| Interface   | Read/Write | Data Width  | Address Width | Latency | Offset | Register | Max Widen | Max Read     | Max Write    | Num Read    | Num Write   | Resource Estimate |
|             |            | (SW->HW)    |               |         |        |          | Bitwidth  | Burst Length | Burst Length | Outstanding | Outstanding |                   |
+-------------+------------+-------------+---------------+---------+--------+----------+-----------+--------------+--------------+-------------+-------------+-------------------+
| m_axi_gmem0 | READ_ONLY  | 784 -> 1024 | 64            | 0       | slave  | 0        | 0         | 16           | 16           | 16          | 16          | BRAM=57           |
| m_axi_gmem1 | READ_ONLY  | 256 -> 256  | 64            | 0       | slave  | 0        | 0         | 16           | 16           | 16          | 16          | BRAM=15           |
| m_axi_gmem2 | READ_ONLY  | 256 -> 256  | 64            | 0       | slave  | 0        | 0         | 16           | 16           | 16          | 16          | BRAM=15           |
+-------------+------------+-------------+---------------+---------+--------+----------+-----------+--------------+--------------+-------------+-------------+-------------------+

* S_AXILITE Interfaces
+---------------+------------+---------------+--------+----------+
| Interface     | Data Width | Address Width | Offset | Register |
+---------------+------------+---------------+--------+----------+
| s_axi_control | 32         | 6             | 16     | 0        |
+---------------+------------+---------------+--------+----------+

* S_AXILITE Registers
+---------------+--------------+--------+-------+--------+----------------------------------+----------------------------------------------------------------------+
| Interface     | Register     | Offset | Width | Access | Description                      | Bit Fields                                                           |
+---------------+--------------+--------+-------+--------+----------------------------------+----------------------------------------------------------------------+
| s_axi_control | CTRL         | 0x00   | 32    | RW     | Control signals                  | 0=AP_START 1=AP_DONE 2=AP_IDLE 3=AP_READY 7=AUTO_RESTART 9=INTERRUPT |
| s_axi_control | GIER         | 0x04   | 32    | RW     | Global Interrupt Enable Register | 0=Enable                                                             |
| s_axi_control | IP_IER       | 0x08   | 32    | RW     | IP Interrupt Enable Register     | 0=CHAN0_INT_EN 1=CHAN1_INT_EN                                        |
| s_axi_control | IP_ISR       | 0x0c   | 32    | RW     | IP Interrupt Status Register     | 0=CHAN0_INT_ST 1=CHAN1_INT_ST                                        |
| s_axi_control | l1_weights_1 | 0x10   | 32    | W      | Data signal of l1_weights        |                                                                      |
| s_axi_control | l1_weights_2 | 0x14   | 32    | W      | Data signal of l1_weights        |                                                                      |
| s_axi_control | l2_weights_1 | 0x1c   | 32    | W      | Data signal of l2_weights        |                                                                      |
| s_axi_control | l2_weights_2 | 0x20   | 32    | W      | Data signal of l2_weights        |                                                                      |
| s_axi_control | l3_weights_1 | 0x28   | 32    | W      | Data signal of l3_weights        |                                                                      |
| s_axi_control | l3_weights_2 | 0x2c   | 32    | W      | Data signal of l3_weights        |                                                                      |
| s_axi_control | load_weights | 0x34   | 32    | W      | Data signal of load_weights      |                                                                      |
+---------------+--------------+--------+-------+--------+----------------------------------+----------------------------------------------------------------------+

* AXIS
+---------------+-----------+---------------+-------+-------+-------+--------+-------+--------+
| Interface     | Direction | Register Mode | TDATA | TKEEP | TLAST | TREADY | TSTRB | TVALID |
+---------------+-----------+---------------+-------+-------+-------+--------+-------+--------+
| input_stream  | in        | both          | 32    | 4     | 1     | 1      | 4     | 1      |
| output_stream | out       | both          | 16    | 2     | 1     | 1      | 2     | 1      |
+---------------+-----------+---------------+-------+-------+-------+--------+-------+--------+

* TOP LEVEL CONTROL
+-----------+------------+-----------+
| Interface | Type       | Ports     |
+-----------+------------+-----------+
| ap_clk    | clock      | ap_clk    |
| ap_rst_n  | reset      | ap_rst_n  |
| interrupt | interrupt  | interrupt |
| ap_ctrl   | ap_ctrl_hs |           |
+-----------+------------+-----------+


================================================================
== SW I/O Information
================================================================
* Top Function Arguments
+---------------+-----------+---------------------------------------------------------+
| Argument      | Direction | Datatype                                                |
+---------------+-----------+---------------------------------------------------------+
| input_stream  | in        | stream<hls::axis<ap_uint<32>, 0, 0, 0, '8', false>, 0>& |
| output_stream | out       | stream<hls::axis<ap_uint<16>, 0, 0, 0, '8', false>, 0>& |
| l1_weights    | in        | ap_uint<784>*                                           |
| l2_weights    | in        | ap_uint<256>*                                           |
| l3_weights    | in        | ap_uint<256>*                                           |
| load_weights  | in        | ap_uint<1>                                              |
+---------------+-----------+---------------------------------------------------------+

* SW-to-HW Mapping
+---------------+---------------+-----------+----------+----------------------------------------+
| Argument      | HW Interface  | HW Type   | HW Usage | HW Info                                |
+---------------+---------------+-----------+----------+----------------------------------------+
| input_stream  | input_stream  | interface |          |                                        |
| output_stream | output_stream | interface |          |                                        |
| l1_weights    | m_axi_gmem0   | interface |          | channel=0                              |
| l1_weights    | s_axi_control | register  | offset   | name=l1_weights_1 offset=0x10 range=32 |
| l1_weights    | s_axi_control | register  | offset   | name=l1_weights_2 offset=0x14 range=32 |
| l2_weights    | m_axi_gmem1   | interface |          | channel=0                              |
| l2_weights    | s_axi_control | register  | offset   | name=l2_weights_1 offset=0x1c range=32 |
| l2_weights    | s_axi_control | register  | offset   | name=l2_weights_2 offset=0x20 range=32 |
| l3_weights    | m_axi_gmem2   | interface |          | channel=0                              |
| l3_weights    | s_axi_control | register  | offset   | name=l3_weights_1 offset=0x28 range=32 |
| l3_weights    | s_axi_control | register  | offset   | name=l3_weights_2 offset=0x2c range=32 |
| load_weights  | s_axi_control | register  |          | name=load_weights offset=0x34 range=32 |
+---------------+---------------+-----------+----------+----------------------------------------+


================================================================
== M_AXI Burst Information
================================================================
 Note: All burst requests might be further partitioned into multiple requests during RTL generation based on max_read_burst_length or max_write_burst_length settings.

* Inferred Burst Summary
+--------------+-----------+--------+-------+---------+-------------------+
| HW Interface | Direction | Length | Width | Loop    | Loop Location     |
+--------------+-----------+--------+-------+---------+-------------------+
| m_axi_gmem0  | read      | 256    | 1024  | L1_LOAD | bnn_top.cpp:33:18 |
| m_axi_gmem1  | read      | 256    | 256   | L2_LOAD | bnn_top.cpp:38:18 |
| m_axi_gmem2  | read      | 10     | 256   | L3_LOAD | bnn_top.cpp:43:18 |
+--------------+-----------+--------+-------+---------+-------------------+

* All M_AXI Variable Accesses
+--------------+------------+-------------------+-----------+--------------+--------+---------+-------------------+------------+--------------------------------------------------------------------------------------------------------+
| HW Interface | Variable   | Access Location   | Direction | Burst Status | Length | Loop    | Loop Location     | Resolution | Problem                                                                                                |
+--------------+------------+-------------------+-----------+--------------+--------+---------+-------------------+------------+--------------------------------------------------------------------------------------------------------+
| m_axi_gmem0  | l1_weights | bnn_top.cpp:36:22 | read      | Widen Fail   |        |         |                   |            | i784 allocated space contains padding. This is unsupported                                             |
| m_axi_gmem0  | l1_weights | bnn_top.cpp:36:22 | read      | Inferred     | 256    | L1_LOAD | bnn_top.cpp:33:18 |            |                                                                                                        |
| m_axi_gmem1  | l2_weights | bnn_top.cpp:41:22 | read      | Widen Fail   |        | L2_LOAD | bnn_top.cpp:38:18 | 214-353    | Could not widen since type i256 size is greater than or equal to the max_widen_bitwidth threshold of 0 |
| m_axi_gmem1  | l2_weights | bnn_top.cpp:41:22 | read      | Inferred     | 256    | L2_LOAD | bnn_top.cpp:38:18 |            |                                                                                                        |
| m_axi_gmem2  | l3_weights | bnn_top.cpp:46:22 | read      | Widen Fail   |        | L3_LOAD | bnn_top.cpp:43:18 | 214-353    | Could not widen since type i256 size is greater than or equal to the max_widen_bitwidth threshold of 0 |
| m_axi_gmem2  | l3_weights | bnn_top.cpp:46:22 | read      | Inferred     | 10     | L3_LOAD | bnn_top.cpp:43:18 |            |                                                                                                        |
+--------------+------------+-------------------+-----------+--------------+--------+---------+-------------------+------------+--------------------------------------------------------------------------------------------------------+

    * Resolution URL: docs.xilinx.com/access/sources/dita/topic?Doc_Version=2024.1%20English&url=ug1448-hls-guidance&resourceid=XXX-YYY.html (replace XXX-YYY with column value)

================================================================
== Bind Op Report
================================================================
+--------------------------------+-----+--------+----------------+--------+-----------+---------+
| Name                           | DSP | Pragma | Variable       | Op     | Impl      | Latency |
+--------------------------------+-----+--------+----------------+--------+-----------+---------+
| + bnn_top                      | 0   |        |                |        |           |         |
|  + bnn_top_Pipeline_RECV_INPUT | 0   |        |                |        |           |         |
|    icmp_ln55_fu_106_p2         |     |        | icmp_ln55      | seteq  | auto      | 0       |
|    i_2_fu_112_p2               |     |        | i_2            | add    | fabric    | 0       |
|    icmp_ln63_fu_130_p2         |     |        | icmp_ln63      | setlt  | auto      | 0       |
|    hi_fu_142_p3                |     |        | hi             | select | auto_sel  | 0       |
|    xor_ln64_fu_154_p2          |     |        | xor_ln64       | xor    | auto      | 0       |
|    lshr_ln64_fu_164_p2         |     |        | lshr_ln64      | lshr   | auto_pipe | 0       |
|    and_ln64_fu_179_p2          |     |        | and_ln64       | and    | auto      | 0       |
|    icmp_ln64_fu_170_p2         |     |        | icmp_ln64      | setgt  | auto      | 0       |
|    sub_ln64_fu_188_p2          |     |        | sub_ln64       | sub    | fabric    | 0       |
|    select_ln64_fu_193_p3       |     |        | select_ln64    | select | auto_sel  | 0       |
|    select_ln64_1_fu_198_p3     |     |        | select_ln64_1  | select | auto_sel  | 0       |
|    select_ln64_2_fu_203_p3     |     |        | select_ln64_2  | select | auto_sel  | 0       |
|    sub_ln64_1_fu_209_p2        |     |        | sub_ln64_1     | sub    | fabric    | 0       |
|    shl_ln64_fu_227_p2          |     |        | shl_ln64       | shl    | auto_pipe | 0       |
|    select_ln64_3_fu_263_p3     |     |        | select_ln64_3  | select | auto_sel  | 0       |
|    shl_ln64_1_fu_233_p2        |     |        | shl_ln64_1     | shl    | auto_pipe | 0       |
|    lshr_ln64_1_fu_239_p2       |     |        | lshr_ln64_1    | lshr   | auto_pipe | 0       |
|    and_ln64_1_fu_245_p2        |     |        | and_ln64_1     | and    | auto      | 0       |
|    xor_ln64_1_fu_269_p2        |     |        | xor_ln64_1     | xor    | auto      | 0       |
|    and_ln64_2_fu_274_p2        |     |        | and_ln64_2     | and    | auto      | 0       |
|    and_ln64_3_fu_280_p2        |     |        | and_ln64_3     | and    | auto      | 0       |
|    input_1_fu_285_p2           |     |        | input_1        | or     | auto      | 0       |
|  + bnn_top_Pipeline_L1_NEURON  | 0   |        |                |        |           |         |
|    xor_ln76_fu_1789_p2         |     |        | xor_ln76       | xor    | auto      | 0       |
|    xnor_result_fu_1794_p2      |     |        | xnor_result    | xor    | auto      | 0       |
|    add_ln83_4_fu_51728_p2      |     |        | add_ln83_4     | add    | fabric    | 0       |
|    add_ln83_9_fu_51744_p2      |     |        | add_ln83_9     | add    | fabric    | 0       |
|    add_ln83_10_fu_51754_p2     |     |        | add_ln83_10    | add    | fabric    | 0       |
|    add_ln83_15_fu_51770_p2     |     |        | add_ln83_15    | add    | fabric    | 0       |
|    add_ln83_20_fu_51786_p2     |     |        | add_ln83_20    | add    | fabric    | 0       |
|    add_ln83_21_fu_51796_p2     |     |        | add_ln83_21    | add    | fabric    | 0       |
|    add_ln83_22_fu_51806_p2     |     |        | add_ln83_22    | add    | fabric    | 0       |
|    add_ln83_27_fu_51818_p2     |     |        | add_ln83_27    | add    | fabric    | 0       |
|    add_ln83_32_fu_51834_p2     |     |        | add_ln83_32    | add    | fabric    | 0       |
|    add_ln83_33_fu_51844_p2     |     |        | add_ln83_33    | add    | fabric    | 0       |
|    add_ln83_38_fu_51860_p2     |     |        | add_ln83_38    | add    | fabric    | 0       |
|    add_ln83_41_fu_11384_p2     |     |        | add_ln83_41    | add    | fabric    | 0       |
|    add_ln83_42_fu_11390_p2     |     |        | add_ln83_42    | add    | fabric    | 0       |
|    add_ln83_45_fu_51895_p2     |     |        | add_ln83_45    | add    | fabric    | 0       |
|    add_ln83_46_fu_51905_p2     |     |        | add_ln83_46    | add    | fabric    | 0       |
|    add_ln83_47_fu_63824_p2     |     |        | add_ln83_47    | add    | fabric    | 0       |
|    add_ln83_52_fu_51917_p2     |     |        | add_ln83_52    | add    | fabric    | 0       |
|    add_ln83_57_fu_51933_p2     |     |        | add_ln83_57    | add    | fabric    | 0       |
|    add_ln83_58_fu_51943_p2     |     |        | add_ln83_58    | add    | fabric    | 0       |
|    add_ln83_63_fu_51959_p2     |     |        | add_ln83_63    | add    | fabric    | 0       |
|    add_ln83_68_fu_51975_p2     |     |        | add_ln83_68    | add    | fabric    | 0       |
|    add_ln83_69_fu_51985_p2     |     |        | add_ln83_69    | add    | fabric    | 0       |
|    add_ln83_70_fu_51995_p2     |     |        | add_ln83_70    | add    | fabric    | 0       |
|    add_ln83_75_fu_52007_p2     |     |        | add_ln83_75    | add    | fabric    | 0       |
|    add_ln83_80_fu_52023_p2     |     |        | add_ln83_80    | add    | fabric    | 0       |
|    add_ln83_81_fu_52033_p2     |     |        | add_ln83_81    | add    | fabric    | 0       |
|    add_ln83_86_fu_52049_p2     |     |        | add_ln83_86    | add    | fabric    | 0       |
|    add_ln83_89_fu_11576_p2     |     |        | add_ln83_89    | add    | fabric    | 0       |
|    add_ln83_90_fu_11582_p2     |     |        | add_ln83_90    | add    | fabric    | 0       |
|    add_ln83_93_fu_52084_p2     |     |        | add_ln83_93    | add    | fabric    | 0       |
|    add_ln83_94_fu_52094_p2     |     |        | add_ln83_94    | add    | fabric    | 0       |
|    add_ln83_95_fu_63840_p2     |     |        | add_ln83_95    | add    | fabric    | 0       |
|    add_ln83_96_fu_63850_p2     |     |        | add_ln83_96    | add    | fabric    | 0       |
|    add_ln83_101_fu_52106_p2    |     |        | add_ln83_101   | add    | fabric    | 0       |
|    add_ln83_106_fu_52122_p2    |     |        | add_ln83_106   | add    | fabric    | 0       |
|    add_ln83_107_fu_52132_p2    |     |        | add_ln83_107   | add    | fabric    | 0       |
|    add_ln83_112_fu_52148_p2    |     |        | add_ln83_112   | add    | fabric    | 0       |
|    add_ln83_117_fu_52164_p2    |     |        | add_ln83_117   | add    | fabric    | 0       |
|    add_ln83_118_fu_52174_p2    |     |        | add_ln83_118   | add    | fabric    | 0       |
|    add_ln83_119_fu_52184_p2    |     |        | add_ln83_119   | add    | fabric    | 0       |
|    add_ln83_124_fu_52196_p2    |     |        | add_ln83_124   | add    | fabric    | 0       |
|    add_ln83_129_fu_52212_p2    |     |        | add_ln83_129   | add    | fabric    | 0       |
|    add_ln83_130_fu_52222_p2    |     |        | add_ln83_130   | add    | fabric    | 0       |
|    add_ln83_135_fu_52238_p2    |     |        | add_ln83_135   | add    | fabric    | 0       |
|    add_ln83_138_fu_11768_p2    |     |        | add_ln83_138   | add    | fabric    | 0       |
|    add_ln83_139_fu_11774_p2    |     |        | add_ln83_139   | add    | fabric    | 0       |
|    add_ln83_142_fu_52273_p2    |     |        | add_ln83_142   | add    | fabric    | 0       |
|    add_ln83_143_fu_52283_p2    |     |        | add_ln83_143   | add    | fabric    | 0       |
|    add_ln83_144_fu_63862_p2    |     |        | add_ln83_144   | add    | fabric    | 0       |
|    add_ln83_149_fu_52295_p2    |     |        | add_ln83_149   | add    | fabric    | 0       |
|    add_ln83_154_fu_52311_p2    |     |        | add_ln83_154   | add    | fabric    | 0       |
|    add_ln83_155_fu_52321_p2    |     |        | add_ln83_155   | add    | fabric    | 0       |
|    add_ln83_160_fu_52337_p2    |     |        | add_ln83_160   | add    | fabric    | 0       |
|    add_ln83_165_fu_52353_p2    |     |        | add_ln83_165   | add    | fabric    | 0       |
|    add_ln83_166_fu_52363_p2    |     |        | add_ln83_166   | add    | fabric    | 0       |
|    add_ln83_167_fu_52373_p2    |     |        | add_ln83_167   | add    | fabric    | 0       |
|    add_ln83_172_fu_52385_p2    |     |        | add_ln83_172   | add    | fabric    | 0       |
|    add_ln83_177_fu_52401_p2    |     |        | add_ln83_177   | add    | fabric    | 0       |
|    add_ln83_178_fu_52411_p2    |     |        | add_ln83_178   | add    | fabric    | 0       |
|    add_ln83_183_fu_52427_p2    |     |        | add_ln83_183   | add    | fabric    | 0       |
|    add_ln83_186_fu_11960_p2    |     |        | add_ln83_186   | add    | fabric    | 0       |
|    add_ln83_187_fu_11966_p2    |     |        | add_ln83_187   | add    | fabric    | 0       |
|    add_ln83_190_fu_52462_p2    |     |        | add_ln83_190   | add    | fabric    | 0       |
|    add_ln83_191_fu_52472_p2    |     |        | add_ln83_191   | add    | fabric    | 0       |
|    add_ln83_192_fu_63878_p2    |     |        | add_ln83_192   | add    | fabric    | 0       |
|    add_ln83_193_fu_63888_p2    |     |        | add_ln83_193   | add    | fabric    | 0       |
|    add_ln83_194_fu_65040_p2    |     |        | add_ln83_194   | add    | fabric    | 0       |
|    add_ln83_199_fu_52484_p2    |     |        | add_ln83_199   | add    | fabric    | 0       |
|    add_ln83_204_fu_52500_p2    |     |        | add_ln83_204   | add    | fabric    | 0       |
|    add_ln83_205_fu_52510_p2    |     |        | add_ln83_205   | add    | fabric    | 0       |
|    add_ln83_210_fu_52526_p2    |     |        | add_ln83_210   | add    | fabric    | 0       |
|    add_ln83_215_fu_52542_p2    |     |        | add_ln83_215   | add    | fabric    | 0       |
|    add_ln83_216_fu_52552_p2    |     |        | add_ln83_216   | add    | fabric    | 0       |
|    add_ln83_217_fu_52562_p2    |     |        | add_ln83_217   | add    | fabric    | 0       |
|    add_ln83_222_fu_52574_p2    |     |        | add_ln83_222   | add    | fabric    | 0       |
|    add_ln83_227_fu_52590_p2    |     |        | add_ln83_227   | add    | fabric    | 0       |
|    add_ln83_228_fu_52600_p2    |     |        | add_ln83_228   | add    | fabric    | 0       |
|    add_ln83_233_fu_52616_p2    |     |        | add_ln83_233   | add    | fabric    | 0       |
|    add_ln83_236_fu_12152_p2    |     |        | add_ln83_236   | add    | fabric    | 0       |
|    add_ln83_237_fu_12158_p2    |     |        | add_ln83_237   | add    | fabric    | 0       |
|    add_ln83_240_fu_52651_p2    |     |        | add_ln83_240   | add    | fabric    | 0       |
|    add_ln83_241_fu_52661_p2    |     |        | add_ln83_241   | add    | fabric    | 0       |
|    add_ln83_242_fu_63900_p2    |     |        | add_ln83_242   | add    | fabric    | 0       |
|    add_ln83_247_fu_52673_p2    |     |        | add_ln83_247   | add    | fabric    | 0       |
|    add_ln83_252_fu_52689_p2    |     |        | add_ln83_252   | add    | fabric    | 0       |
|    add_ln83_253_fu_52699_p2    |     |        | add_ln83_253   | add    | fabric    | 0       |
|    add_ln83_258_fu_52715_p2    |     |        | add_ln83_258   | add    | fabric    | 0       |
|    add_ln83_263_fu_52731_p2    |     |        | add_ln83_263   | add    | fabric    | 0       |
|    add_ln83_264_fu_52741_p2    |     |        | add_ln83_264   | add    | fabric    | 0       |
|    add_ln83_265_fu_52751_p2    |     |        | add_ln83_265   | add    | fabric    | 0       |
|    add_ln83_270_fu_52763_p2    |     |        | add_ln83_270   | add    | fabric    | 0       |
|    add_ln83_275_fu_52779_p2    |     |        | add_ln83_275   | add    | fabric    | 0       |
|    add_ln83_276_fu_52789_p2    |     |        | add_ln83_276   | add    | fabric    | 0       |
|    add_ln83_281_fu_52805_p2    |     |        | add_ln83_281   | add    | fabric    | 0       |
|    add_ln83_284_fu_12344_p2    |     |        | add_ln83_284   | add    | fabric    | 0       |
|    add_ln83_285_fu_12350_p2    |     |        | add_ln83_285   | add    | fabric    | 0       |
|    add_ln83_288_fu_52840_p2    |     |        | add_ln83_288   | add    | fabric    | 0       |
|    add_ln83_289_fu_52850_p2    |     |        | add_ln83_289   | add    | fabric    | 0       |
|    add_ln83_290_fu_63916_p2    |     |        | add_ln83_290   | add    | fabric    | 0       |
|    add_ln83_291_fu_63926_p2    |     |        | add_ln83_291   | add    | fabric    | 0       |
|    add_ln83_296_fu_52862_p2    |     |        | add_ln83_296   | add    | fabric    | 0       |
|    add_ln83_301_fu_52878_p2    |     |        | add_ln83_301   | add    | fabric    | 0       |
|    add_ln83_302_fu_52888_p2    |     |        | add_ln83_302   | add    | fabric    | 0       |
|    add_ln83_307_fu_52904_p2    |     |        | add_ln83_307   | add    | fabric    | 0       |
|    add_ln83_312_fu_52920_p2    |     |        | add_ln83_312   | add    | fabric    | 0       |
|    add_ln83_313_fu_52930_p2    |     |        | add_ln83_313   | add    | fabric    | 0       |
|    add_ln83_314_fu_52940_p2    |     |        | add_ln83_314   | add    | fabric    | 0       |
|    add_ln83_319_fu_52952_p2    |     |        | add_ln83_319   | add    | fabric    | 0       |
|    add_ln83_324_fu_52968_p2    |     |        | add_ln83_324   | add    | fabric    | 0       |
|    add_ln83_325_fu_52978_p2    |     |        | add_ln83_325   | add    | fabric    | 0       |
|    add_ln83_330_fu_52994_p2    |     |        | add_ln83_330   | add    | fabric    | 0       |
|    add_ln83_333_fu_12536_p2    |     |        | add_ln83_333   | add    | fabric    | 0       |
|    add_ln83_334_fu_12542_p2    |     |        | add_ln83_334   | add    | fabric    | 0       |
|    add_ln83_337_fu_53029_p2    |     |        | add_ln83_337   | add    | fabric    | 0       |
|    add_ln83_338_fu_53039_p2    |     |        | add_ln83_338   | add    | fabric    | 0       |
|    add_ln83_339_fu_63938_p2    |     |        | add_ln83_339   | add    | fabric    | 0       |
|    add_ln83_344_fu_53051_p2    |     |        | add_ln83_344   | add    | fabric    | 0       |
|    add_ln83_349_fu_53067_p2    |     |        | add_ln83_349   | add    | fabric    | 0       |
|    add_ln83_350_fu_53077_p2    |     |        | add_ln83_350   | add    | fabric    | 0       |
|    add_ln83_355_fu_53093_p2    |     |        | add_ln83_355   | add    | fabric    | 0       |
|    add_ln83_360_fu_53109_p2    |     |        | add_ln83_360   | add    | fabric    | 0       |
|    add_ln83_361_fu_53119_p2    |     |        | add_ln83_361   | add    | fabric    | 0       |
|    add_ln83_362_fu_53129_p2    |     |        | add_ln83_362   | add    | fabric    | 0       |
|    add_ln83_367_fu_53141_p2    |     |        | add_ln83_367   | add    | fabric    | 0       |
|    add_ln83_372_fu_53157_p2    |     |        | add_ln83_372   | add    | fabric    | 0       |
|    add_ln83_373_fu_53167_p2    |     |        | add_ln83_373   | add    | fabric    | 0       |
|    add_ln83_378_fu_53183_p2    |     |        | add_ln83_378   | add    | fabric    | 0       |
|    add_ln83_381_fu_12728_p2    |     |        | add_ln83_381   | add    | fabric    | 0       |
|    add_ln83_382_fu_12734_p2    |     |        | add_ln83_382   | add    | fabric    | 0       |
|    add_ln83_385_fu_53218_p2    |     |        | add_ln83_385   | add    | fabric    | 0       |
|    add_ln83_386_fu_53228_p2    |     |        | add_ln83_386   | add    | fabric    | 0       |
|    add_ln83_387_fu_63954_p2    |     |        | add_ln83_387   | add    | fabric    | 0       |
|    add_ln83_388_fu_63964_p2    |     |        | add_ln83_388   | add    | fabric    | 0       |
|    add_ln83_389_fu_65056_p2    |     |        | add_ln83_389   | add    | fabric    | 0       |
|    add_ln83_390_fu_65066_p2    |     |        | add_ln83_390   | add    | fabric    | 0       |
|    add_ln83_395_fu_53240_p2    |     |        | add_ln83_395   | add    | fabric    | 0       |
|    add_ln83_400_fu_53256_p2    |     |        | add_ln83_400   | add    | fabric    | 0       |
|    add_ln83_401_fu_53266_p2    |     |        | add_ln83_401   | add    | fabric    | 0       |
|    add_ln83_406_fu_53282_p2    |     |        | add_ln83_406   | add    | fabric    | 0       |
|    add_ln83_411_fu_53298_p2    |     |        | add_ln83_411   | add    | fabric    | 0       |
|    add_ln83_412_fu_53308_p2    |     |        | add_ln83_412   | add    | fabric    | 0       |
|    add_ln83_413_fu_53318_p2    |     |        | add_ln83_413   | add    | fabric    | 0       |
|    add_ln83_418_fu_53330_p2    |     |        | add_ln83_418   | add    | fabric    | 0       |
|    add_ln83_423_fu_53346_p2    |     |        | add_ln83_423   | add    | fabric    | 0       |
|    add_ln83_424_fu_53356_p2    |     |        | add_ln83_424   | add    | fabric    | 0       |
|    add_ln83_429_fu_53372_p2    |     |        | add_ln83_429   | add    | fabric    | 0       |
|    add_ln83_432_fu_12920_p2    |     |        | add_ln83_432   | add    | fabric    | 0       |
|    add_ln83_433_fu_12926_p2    |     |        | add_ln83_433   | add    | fabric    | 0       |
|    add_ln83_436_fu_53407_p2    |     |        | add_ln83_436   | add    | fabric    | 0       |
|    add_ln83_437_fu_53417_p2    |     |        | add_ln83_437   | add    | fabric    | 0       |
|    add_ln83_438_fu_63976_p2    |     |        | add_ln83_438   | add    | fabric    | 0       |
|    add_ln83_443_fu_53429_p2    |     |        | add_ln83_443   | add    | fabric    | 0       |
|    add_ln83_448_fu_53445_p2    |     |        | add_ln83_448   | add    | fabric    | 0       |
|    add_ln83_449_fu_53455_p2    |     |        | add_ln83_449   | add    | fabric    | 0       |
|    add_ln83_454_fu_53471_p2    |     |        | add_ln83_454   | add    | fabric    | 0       |
|    add_ln83_459_fu_53487_p2    |     |        | add_ln83_459   | add    | fabric    | 0       |
|    add_ln83_460_fu_53497_p2    |     |        | add_ln83_460   | add    | fabric    | 0       |
|    add_ln83_461_fu_53507_p2    |     |        | add_ln83_461   | add    | fabric    | 0       |
|    add_ln83_466_fu_53519_p2    |     |        | add_ln83_466   | add    | fabric    | 0       |
|    add_ln83_471_fu_53535_p2    |     |        | add_ln83_471   | add    | fabric    | 0       |
|    add_ln83_472_fu_53545_p2    |     |        | add_ln83_472   | add    | fabric    | 0       |
|    add_ln83_477_fu_53561_p2    |     |        | add_ln83_477   | add    | fabric    | 0       |
|    add_ln83_480_fu_13112_p2    |     |        | add_ln83_480   | add    | fabric    | 0       |
|    add_ln83_481_fu_13118_p2    |     |        | add_ln83_481   | add    | fabric    | 0       |
|    add_ln83_484_fu_53596_p2    |     |        | add_ln83_484   | add    | fabric    | 0       |
|    add_ln83_485_fu_53606_p2    |     |        | add_ln83_485   | add    | fabric    | 0       |
|    add_ln83_486_fu_63992_p2    |     |        | add_ln83_486   | add    | fabric    | 0       |
|    add_ln83_487_fu_64002_p2    |     |        | add_ln83_487   | add    | fabric    | 0       |
|    add_ln83_492_fu_53618_p2    |     |        | add_ln83_492   | add    | fabric    | 0       |
|    add_ln83_497_fu_53634_p2    |     |        | add_ln83_497   | add    | fabric    | 0       |
|    add_ln83_498_fu_53644_p2    |     |        | add_ln83_498   | add    | fabric    | 0       |
|    add_ln83_503_fu_53660_p2    |     |        | add_ln83_503   | add    | fabric    | 0       |
|    add_ln83_508_fu_53676_p2    |     |        | add_ln83_508   | add    | fabric    | 0       |
|    add_ln83_509_fu_53686_p2    |     |        | add_ln83_509   | add    | fabric    | 0       |
|    add_ln83_510_fu_53696_p2    |     |        | add_ln83_510   | add    | fabric    | 0       |
|    add_ln83_515_fu_53708_p2    |     |        | add_ln83_515   | add    | fabric    | 0       |
|    add_ln83_520_fu_53724_p2    |     |        | add_ln83_520   | add    | fabric    | 0       |
|    add_ln83_521_fu_53734_p2    |     |        | add_ln83_521   | add    | fabric    | 0       |
|    add_ln83_526_fu_53750_p2    |     |        | add_ln83_526   | add    | fabric    | 0       |
|    add_ln83_529_fu_13304_p2    |     |        | add_ln83_529   | add    | fabric    | 0       |
|    add_ln83_530_fu_13310_p2    |     |        | add_ln83_530   | add    | fabric    | 0       |
|    add_ln83_533_fu_53785_p2    |     |        | add_ln83_533   | add    | fabric    | 0       |
|    add_ln83_534_fu_53795_p2    |     |        | add_ln83_534   | add    | fabric    | 0       |
|    add_ln83_535_fu_64014_p2    |     |        | add_ln83_535   | add    | fabric    | 0       |
|    add_ln83_540_fu_53807_p2    |     |        | add_ln83_540   | add    | fabric    | 0       |
|    add_ln83_545_fu_53823_p2    |     |        | add_ln83_545   | add    | fabric    | 0       |
|    add_ln83_546_fu_53833_p2    |     |        | add_ln83_546   | add    | fabric    | 0       |
|    add_ln83_551_fu_53849_p2    |     |        | add_ln83_551   | add    | fabric    | 0       |
|    add_ln83_556_fu_53865_p2    |     |        | add_ln83_556   | add    | fabric    | 0       |
|    add_ln83_557_fu_53875_p2    |     |        | add_ln83_557   | add    | fabric    | 0       |
|    add_ln83_558_fu_53885_p2    |     |        | add_ln83_558   | add    | fabric    | 0       |
|    add_ln83_563_fu_53897_p2    |     |        | add_ln83_563   | add    | fabric    | 0       |
|    add_ln83_568_fu_53913_p2    |     |        | add_ln83_568   | add    | fabric    | 0       |
|    add_ln83_569_fu_53923_p2    |     |        | add_ln83_569   | add    | fabric    | 0       |
|    add_ln83_574_fu_53939_p2    |     |        | add_ln83_574   | add    | fabric    | 0       |
|    add_ln83_577_fu_13496_p2    |     |        | add_ln83_577   | add    | fabric    | 0       |
|    add_ln83_578_fu_13502_p2    |     |        | add_ln83_578   | add    | fabric    | 0       |
|    add_ln83_581_fu_53974_p2    |     |        | add_ln83_581   | add    | fabric    | 0       |
|    add_ln83_582_fu_53984_p2    |     |        | add_ln83_582   | add    | fabric    | 0       |
|    add_ln83_583_fu_64030_p2    |     |        | add_ln83_583   | add    | fabric    | 0       |
|    add_ln83_584_fu_64040_p2    |     |        | add_ln83_584   | add    | fabric    | 0       |
|    add_ln83_585_fu_65078_p2    |     |        | add_ln83_585   | add    | fabric    | 0       |
|    add_ln83_590_fu_53996_p2    |     |        | add_ln83_590   | add    | fabric    | 0       |
|    add_ln83_595_fu_54012_p2    |     |        | add_ln83_595   | add    | fabric    | 0       |
|    add_ln83_596_fu_54022_p2    |     |        | add_ln83_596   | add    | fabric    | 0       |
|    add_ln83_601_fu_54038_p2    |     |        | add_ln83_601   | add    | fabric    | 0       |
|    add_ln83_606_fu_54054_p2    |     |        | add_ln83_606   | add    | fabric    | 0       |
|    add_ln83_607_fu_54064_p2    |     |        | add_ln83_607   | add    | fabric    | 0       |
|    add_ln83_608_fu_54074_p2    |     |        | add_ln83_608   | add    | fabric    | 0       |
|    add_ln83_613_fu_54086_p2    |     |        | add_ln83_613   | add    | fabric    | 0       |
|    add_ln83_618_fu_54102_p2    |     |        | add_ln83_618   | add    | fabric    | 0       |
|    add_ln83_619_fu_54112_p2    |     |        | add_ln83_619   | add    | fabric    | 0       |
|    add_ln83_624_fu_54128_p2    |     |        | add_ln83_624   | add    | fabric    | 0       |
|    add_ln83_627_fu_13688_p2    |     |        | add_ln83_627   | add    | fabric    | 0       |
|    add_ln83_628_fu_13694_p2    |     |        | add_ln83_628   | add    | fabric    | 0       |
|    add_ln83_631_fu_54163_p2    |     |        | add_ln83_631   | add    | fabric    | 0       |
|    add_ln83_632_fu_54173_p2    |     |        | add_ln83_632   | add    | fabric    | 0       |
|    add_ln83_633_fu_64052_p2    |     |        | add_ln83_633   | add    | fabric    | 0       |
|    add_ln83_638_fu_54185_p2    |     |        | add_ln83_638   | add    | fabric    | 0       |
|    add_ln83_643_fu_54201_p2    |     |        | add_ln83_643   | add    | fabric    | 0       |
|    add_ln83_644_fu_54211_p2    |     |        | add_ln83_644   | add    | fabric    | 0       |
|    add_ln83_649_fu_54227_p2    |     |        | add_ln83_649   | add    | fabric    | 0       |
|    add_ln83_654_fu_54243_p2    |     |        | add_ln83_654   | add    | fabric    | 0       |
|    add_ln83_655_fu_54253_p2    |     |        | add_ln83_655   | add    | fabric    | 0       |
|    add_ln83_656_fu_54263_p2    |     |        | add_ln83_656   | add    | fabric    | 0       |
|    add_ln83_661_fu_54275_p2    |     |        | add_ln83_661   | add    | fabric    | 0       |
|    add_ln83_666_fu_54291_p2    |     |        | add_ln83_666   | add    | fabric    | 0       |
|    add_ln83_667_fu_54301_p2    |     |        | add_ln83_667   | add    | fabric    | 0       |
|    add_ln83_672_fu_54317_p2    |     |        | add_ln83_672   | add    | fabric    | 0       |
|    add_ln83_675_fu_13880_p2    |     |        | add_ln83_675   | add    | fabric    | 0       |
|    add_ln83_676_fu_13886_p2    |     |        | add_ln83_676   | add    | fabric    | 0       |
|    add_ln83_679_fu_54352_p2    |     |        | add_ln83_679   | add    | fabric    | 0       |
|    add_ln83_680_fu_54362_p2    |     |        | add_ln83_680   | add    | fabric    | 0       |
|    add_ln83_681_fu_64068_p2    |     |        | add_ln83_681   | add    | fabric    | 0       |
|    add_ln83_682_fu_64078_p2    |     |        | add_ln83_682   | add    | fabric    | 0       |
|    add_ln83_687_fu_54374_p2    |     |        | add_ln83_687   | add    | fabric    | 0       |
|    add_ln83_692_fu_54390_p2    |     |        | add_ln83_692   | add    | fabric    | 0       |
|    add_ln83_693_fu_54400_p2    |     |        | add_ln83_693   | add    | fabric    | 0       |
|    add_ln83_698_fu_54416_p2    |     |        | add_ln83_698   | add    | fabric    | 0       |
|    add_ln83_703_fu_54432_p2    |     |        | add_ln83_703   | add    | fabric    | 0       |
|    add_ln83_704_fu_54442_p2    |     |        | add_ln83_704   | add    | fabric    | 0       |
|    add_ln83_705_fu_54452_p2    |     |        | add_ln83_705   | add    | fabric    | 0       |
|    add_ln83_710_fu_54464_p2    |     |        | add_ln83_710   | add    | fabric    | 0       |
|    add_ln83_715_fu_54480_p2    |     |        | add_ln83_715   | add    | fabric    | 0       |
|    add_ln83_716_fu_54490_p2    |     |        | add_ln83_716   | add    | fabric    | 0       |
|    add_ln83_721_fu_54506_p2    |     |        | add_ln83_721   | add    | fabric    | 0       |
|    add_ln83_724_fu_14072_p2    |     |        | add_ln83_724   | add    | fabric    | 0       |
|    add_ln83_725_fu_14078_p2    |     |        | add_ln83_725   | add    | fabric    | 0       |
|    add_ln83_728_fu_54541_p2    |     |        | add_ln83_728   | add    | fabric    | 0       |
|    add_ln83_729_fu_54551_p2    |     |        | add_ln83_729   | add    | fabric    | 0       |
|    add_ln83_730_fu_64090_p2    |     |        | add_ln83_730   | add    | fabric    | 0       |
|    add_ln83_735_fu_54563_p2    |     |        | add_ln83_735   | add    | fabric    | 0       |
|    add_ln83_740_fu_54579_p2    |     |        | add_ln83_740   | add    | fabric    | 0       |
|    add_ln83_741_fu_54589_p2    |     |        | add_ln83_741   | add    | fabric    | 0       |
|    add_ln83_746_fu_54605_p2    |     |        | add_ln83_746   | add    | fabric    | 0       |
|    add_ln83_751_fu_54621_p2    |     |        | add_ln83_751   | add    | fabric    | 0       |
|    add_ln83_752_fu_54631_p2    |     |        | add_ln83_752   | add    | fabric    | 0       |
|    add_ln83_753_fu_54641_p2    |     |        | add_ln83_753   | add    | fabric    | 0       |
|    add_ln83_758_fu_54653_p2    |     |        | add_ln83_758   | add    | fabric    | 0       |
|    add_ln83_763_fu_54669_p2    |     |        | add_ln83_763   | add    | fabric    | 0       |
|    add_ln83_764_fu_54679_p2    |     |        | add_ln83_764   | add    | fabric    | 0       |
|    add_ln83_769_fu_54695_p2    |     |        | add_ln83_769   | add    | fabric    | 0       |
|    add_ln83_772_fu_14264_p2    |     |        | add_ln83_772   | add    | fabric    | 0       |
|    add_ln83_773_fu_14270_p2    |     |        | add_ln83_773   | add    | fabric    | 0       |
|    add_ln83_776_fu_54730_p2    |     |        | add_ln83_776   | add    | fabric    | 0       |
|    add_ln83_777_fu_54740_p2    |     |        | add_ln83_777   | add    | fabric    | 0       |
|    add_ln83_778_fu_64106_p2    |     |        | add_ln83_778   | add    | fabric    | 0       |
|    add_ln83_779_fu_64116_p2    |     |        | add_ln83_779   | add    | fabric    | 0       |
|    add_ln83_780_fu_65094_p2    |     |        | add_ln83_780   | add    | fabric    | 0       |
|    add_ln83_781_fu_65104_p2    |     |        | add_ln83_781   | add    | fabric    | 0       |
|    add_ln83_782_fu_65344_p2    |     |        | add_ln83_782   | add    | fabric    | 0       |
|    add_ln83_783_fu_65398_p2    |     |        | add_ln83_783   | add    | fabric    | 0       |
|    xnor_result_4_fu_14276_p2   |     |        | xnor_result_4  | xor    | auto      | 0       |
|    add_ln83_788_fu_54752_p2    |     |        | add_ln83_788   | add    | fabric    | 0       |
|    add_ln83_793_fu_54768_p2    |     |        | add_ln83_793   | add    | fabric    | 0       |
|    add_ln83_794_fu_54778_p2    |     |        | add_ln83_794   | add    | fabric    | 0       |
|    add_ln83_799_fu_54794_p2    |     |        | add_ln83_799   | add    | fabric    | 0       |
|    add_ln83_804_fu_54810_p2    |     |        | add_ln83_804   | add    | fabric    | 0       |
|    add_ln83_805_fu_54820_p2    |     |        | add_ln83_805   | add    | fabric    | 0       |
|    add_ln83_806_fu_54830_p2    |     |        | add_ln83_806   | add    | fabric    | 0       |
|    add_ln83_811_fu_54842_p2    |     |        | add_ln83_811   | add    | fabric    | 0       |
|    add_ln83_816_fu_54858_p2    |     |        | add_ln83_816   | add    | fabric    | 0       |
|    add_ln83_817_fu_54868_p2    |     |        | add_ln83_817   | add    | fabric    | 0       |
|    add_ln83_822_fu_54884_p2    |     |        | add_ln83_822   | add    | fabric    | 0       |
|    add_ln83_825_fu_23866_p2    |     |        | add_ln83_825   | add    | fabric    | 0       |
|    add_ln83_826_fu_23872_p2    |     |        | add_ln83_826   | add    | fabric    | 0       |
|    add_ln83_829_fu_54919_p2    |     |        | add_ln83_829   | add    | fabric    | 0       |
|    add_ln83_830_fu_54929_p2    |     |        | add_ln83_830   | add    | fabric    | 0       |
|    add_ln83_831_fu_64128_p2    |     |        | add_ln83_831   | add    | fabric    | 0       |
|    add_ln83_836_fu_54941_p2    |     |        | add_ln83_836   | add    | fabric    | 0       |
|    add_ln83_841_fu_54957_p2    |     |        | add_ln83_841   | add    | fabric    | 0       |
|    add_ln83_842_fu_54967_p2    |     |        | add_ln83_842   | add    | fabric    | 0       |
|    add_ln83_847_fu_54983_p2    |     |        | add_ln83_847   | add    | fabric    | 0       |
|    add_ln83_852_fu_54999_p2    |     |        | add_ln83_852   | add    | fabric    | 0       |
|    add_ln83_853_fu_55009_p2    |     |        | add_ln83_853   | add    | fabric    | 0       |
|    add_ln83_854_fu_55019_p2    |     |        | add_ln83_854   | add    | fabric    | 0       |
|    add_ln83_859_fu_55031_p2    |     |        | add_ln83_859   | add    | fabric    | 0       |
|    add_ln83_864_fu_55047_p2    |     |        | add_ln83_864   | add    | fabric    | 0       |
|    add_ln83_865_fu_55057_p2    |     |        | add_ln83_865   | add    | fabric    | 0       |
|    add_ln83_870_fu_55073_p2    |     |        | add_ln83_870   | add    | fabric    | 0       |
|    add_ln83_873_fu_24058_p2    |     |        | add_ln83_873   | add    | fabric    | 0       |
|    add_ln83_874_fu_24064_p2    |     |        | add_ln83_874   | add    | fabric    | 0       |
|    add_ln83_877_fu_55108_p2    |     |        | add_ln83_877   | add    | fabric    | 0       |
|    add_ln83_878_fu_55118_p2    |     |        | add_ln83_878   | add    | fabric    | 0       |
|    add_ln83_879_fu_64144_p2    |     |        | add_ln83_879   | add    | fabric    | 0       |
|    add_ln83_880_fu_64154_p2    |     |        | add_ln83_880   | add    | fabric    | 0       |
|    add_ln83_885_fu_55130_p2    |     |        | add_ln83_885   | add    | fabric    | 0       |
|    add_ln83_890_fu_55146_p2    |     |        | add_ln83_890   | add    | fabric    | 0       |
|    add_ln83_891_fu_55156_p2    |     |        | add_ln83_891   | add    | fabric    | 0       |
|    add_ln83_896_fu_55172_p2    |     |        | add_ln83_896   | add    | fabric    | 0       |
|    add_ln83_901_fu_55188_p2    |     |        | add_ln83_901   | add    | fabric    | 0       |
|    add_ln83_902_fu_55198_p2    |     |        | add_ln83_902   | add    | fabric    | 0       |
|    add_ln83_903_fu_55208_p2    |     |        | add_ln83_903   | add    | fabric    | 0       |
|    add_ln83_908_fu_55220_p2    |     |        | add_ln83_908   | add    | fabric    | 0       |
|    add_ln83_913_fu_55236_p2    |     |        | add_ln83_913   | add    | fabric    | 0       |
|    add_ln83_914_fu_55246_p2    |     |        | add_ln83_914   | add    | fabric    | 0       |
|    add_ln83_919_fu_55262_p2    |     |        | add_ln83_919   | add    | fabric    | 0       |
|    add_ln83_922_fu_24250_p2    |     |        | add_ln83_922   | add    | fabric    | 0       |
|    add_ln83_923_fu_24256_p2    |     |        | add_ln83_923   | add    | fabric    | 0       |
|    add_ln83_926_fu_55297_p2    |     |        | add_ln83_926   | add    | fabric    | 0       |
|    add_ln83_927_fu_55307_p2    |     |        | add_ln83_927   | add    | fabric    | 0       |
|    add_ln83_928_fu_64166_p2    |     |        | add_ln83_928   | add    | fabric    | 0       |
|    add_ln83_933_fu_55319_p2    |     |        | add_ln83_933   | add    | fabric    | 0       |
|    add_ln83_938_fu_55335_p2    |     |        | add_ln83_938   | add    | fabric    | 0       |
|    add_ln83_939_fu_55345_p2    |     |        | add_ln83_939   | add    | fabric    | 0       |
|    add_ln83_944_fu_55361_p2    |     |        | add_ln83_944   | add    | fabric    | 0       |
|    add_ln83_949_fu_55377_p2    |     |        | add_ln83_949   | add    | fabric    | 0       |
|    add_ln83_950_fu_55387_p2    |     |        | add_ln83_950   | add    | fabric    | 0       |
|    add_ln83_951_fu_55397_p2    |     |        | add_ln83_951   | add    | fabric    | 0       |
|    add_ln83_956_fu_55409_p2    |     |        | add_ln83_956   | add    | fabric    | 0       |
|    add_ln83_961_fu_55425_p2    |     |        | add_ln83_961   | add    | fabric    | 0       |
|    add_ln83_962_fu_55435_p2    |     |        | add_ln83_962   | add    | fabric    | 0       |
|    add_ln83_967_fu_55451_p2    |     |        | add_ln83_967   | add    | fabric    | 0       |
|    add_ln83_970_fu_24442_p2    |     |        | add_ln83_970   | add    | fabric    | 0       |
|    add_ln83_971_fu_24448_p2    |     |        | add_ln83_971   | add    | fabric    | 0       |
|    add_ln83_974_fu_55486_p2    |     |        | add_ln83_974   | add    | fabric    | 0       |
|    add_ln83_975_fu_55496_p2    |     |        | add_ln83_975   | add    | fabric    | 0       |
|    add_ln83_976_fu_64182_p2    |     |        | add_ln83_976   | add    | fabric    | 0       |
|    add_ln83_977_fu_64192_p2    |     |        | add_ln83_977   | add    | fabric    | 0       |
|    add_ln83_978_fu_65116_p2    |     |        | add_ln83_978   | add    | fabric    | 0       |
|    add_ln83_983_fu_55508_p2    |     |        | add_ln83_983   | add    | fabric    | 0       |
|    add_ln83_988_fu_55524_p2    |     |        | add_ln83_988   | add    | fabric    | 0       |
|    add_ln83_989_fu_55534_p2    |     |        | add_ln83_989   | add    | fabric    | 0       |
|    add_ln83_994_fu_55550_p2    |     |        | add_ln83_994   | add    | fabric    | 0       |
|    add_ln83_999_fu_55566_p2    |     |        | add_ln83_999   | add    | fabric    | 0       |
|    add_ln83_1000_fu_55576_p2   |     |        | add_ln83_1000  | add    | fabric    | 0       |
|    add_ln83_1001_fu_55586_p2   |     |        | add_ln83_1001  | add    | fabric    | 0       |
|    add_ln83_1006_fu_55598_p2   |     |        | add_ln83_1006  | add    | fabric    | 0       |
|    add_ln83_1011_fu_55614_p2   |     |        | add_ln83_1011  | add    | fabric    | 0       |
|    add_ln83_1012_fu_55624_p2   |     |        | add_ln83_1012  | add    | fabric    | 0       |
|    add_ln83_1017_fu_55640_p2   |     |        | add_ln83_1017  | add    | fabric    | 0       |
|    add_ln83_1020_fu_24634_p2   |     |        | add_ln83_1020  | add    | fabric    | 0       |
|    add_ln83_1021_fu_24640_p2   |     |        | add_ln83_1021  | add    | fabric    | 0       |
|    add_ln83_1024_fu_55675_p2   |     |        | add_ln83_1024  | add    | fabric    | 0       |
|    add_ln83_1025_fu_55685_p2   |     |        | add_ln83_1025  | add    | fabric    | 0       |
|    add_ln83_1026_fu_64204_p2   |     |        | add_ln83_1026  | add    | fabric    | 0       |
|    add_ln83_1031_fu_55697_p2   |     |        | add_ln83_1031  | add    | fabric    | 0       |
|    add_ln83_1036_fu_55713_p2   |     |        | add_ln83_1036  | add    | fabric    | 0       |
|    add_ln83_1037_fu_55723_p2   |     |        | add_ln83_1037  | add    | fabric    | 0       |
|    add_ln83_1042_fu_55739_p2   |     |        | add_ln83_1042  | add    | fabric    | 0       |
|    add_ln83_1047_fu_55755_p2   |     |        | add_ln83_1047  | add    | fabric    | 0       |
|    add_ln83_1048_fu_55765_p2   |     |        | add_ln83_1048  | add    | fabric    | 0       |
|    add_ln83_1049_fu_55775_p2   |     |        | add_ln83_1049  | add    | fabric    | 0       |
|    add_ln83_1054_fu_55787_p2   |     |        | add_ln83_1054  | add    | fabric    | 0       |
|    add_ln83_1059_fu_55803_p2   |     |        | add_ln83_1059  | add    | fabric    | 0       |
|    add_ln83_1060_fu_55813_p2   |     |        | add_ln83_1060  | add    | fabric    | 0       |
|    add_ln83_1065_fu_55829_p2   |     |        | add_ln83_1065  | add    | fabric    | 0       |
|    add_ln83_1068_fu_24826_p2   |     |        | add_ln83_1068  | add    | fabric    | 0       |
|    add_ln83_1069_fu_24832_p2   |     |        | add_ln83_1069  | add    | fabric    | 0       |
|    add_ln83_1072_fu_55864_p2   |     |        | add_ln83_1072  | add    | fabric    | 0       |
|    add_ln83_1073_fu_55874_p2   |     |        | add_ln83_1073  | add    | fabric    | 0       |
|    add_ln83_1074_fu_64220_p2   |     |        | add_ln83_1074  | add    | fabric    | 0       |
|    add_ln83_1075_fu_64230_p2   |     |        | add_ln83_1075  | add    | fabric    | 0       |
|    add_ln83_1080_fu_55886_p2   |     |        | add_ln83_1080  | add    | fabric    | 0       |
|    add_ln83_1085_fu_55902_p2   |     |        | add_ln83_1085  | add    | fabric    | 0       |
|    add_ln83_1086_fu_55912_p2   |     |        | add_ln83_1086  | add    | fabric    | 0       |
|    add_ln83_1091_fu_55928_p2   |     |        | add_ln83_1091  | add    | fabric    | 0       |
|    add_ln83_1096_fu_55944_p2   |     |        | add_ln83_1096  | add    | fabric    | 0       |
|    add_ln83_1097_fu_55954_p2   |     |        | add_ln83_1097  | add    | fabric    | 0       |
|    add_ln83_1098_fu_55964_p2   |     |        | add_ln83_1098  | add    | fabric    | 0       |
|    add_ln83_1103_fu_55976_p2   |     |        | add_ln83_1103  | add    | fabric    | 0       |
|    add_ln83_1108_fu_55992_p2   |     |        | add_ln83_1108  | add    | fabric    | 0       |
|    add_ln83_1109_fu_56002_p2   |     |        | add_ln83_1109  | add    | fabric    | 0       |
|    add_ln83_1114_fu_56018_p2   |     |        | add_ln83_1114  | add    | fabric    | 0       |
|    add_ln83_1117_fu_25018_p2   |     |        | add_ln83_1117  | add    | fabric    | 0       |
|    add_ln83_1118_fu_25024_p2   |     |        | add_ln83_1118  | add    | fabric    | 0       |
|    add_ln83_1121_fu_56053_p2   |     |        | add_ln83_1121  | add    | fabric    | 0       |
|    add_ln83_1122_fu_56063_p2   |     |        | add_ln83_1122  | add    | fabric    | 0       |
|    add_ln83_1123_fu_64242_p2   |     |        | add_ln83_1123  | add    | fabric    | 0       |
|    add_ln83_1128_fu_56075_p2   |     |        | add_ln83_1128  | add    | fabric    | 0       |
|    add_ln83_1133_fu_56091_p2   |     |        | add_ln83_1133  | add    | fabric    | 0       |
|    add_ln83_1134_fu_56101_p2   |     |        | add_ln83_1134  | add    | fabric    | 0       |
|    add_ln83_1139_fu_56117_p2   |     |        | add_ln83_1139  | add    | fabric    | 0       |
|    add_ln83_1144_fu_56133_p2   |     |        | add_ln83_1144  | add    | fabric    | 0       |
|    add_ln83_1145_fu_56143_p2   |     |        | add_ln83_1145  | add    | fabric    | 0       |
|    add_ln83_1146_fu_56153_p2   |     |        | add_ln83_1146  | add    | fabric    | 0       |
|    add_ln83_1151_fu_56165_p2   |     |        | add_ln83_1151  | add    | fabric    | 0       |
|    add_ln83_1156_fu_56181_p2   |     |        | add_ln83_1156  | add    | fabric    | 0       |
|    add_ln83_1157_fu_56191_p2   |     |        | add_ln83_1157  | add    | fabric    | 0       |
|    add_ln83_1162_fu_56207_p2   |     |        | add_ln83_1162  | add    | fabric    | 0       |
|    add_ln83_1165_fu_25210_p2   |     |        | add_ln83_1165  | add    | fabric    | 0       |
|    add_ln83_1166_fu_25216_p2   |     |        | add_ln83_1166  | add    | fabric    | 0       |
|    add_ln83_1169_fu_56242_p2   |     |        | add_ln83_1169  | add    | fabric    | 0       |
|    add_ln83_1170_fu_56252_p2   |     |        | add_ln83_1170  | add    | fabric    | 0       |
|    add_ln83_1171_fu_64258_p2   |     |        | add_ln83_1171  | add    | fabric    | 0       |
|    add_ln83_1172_fu_64268_p2   |     |        | add_ln83_1172  | add    | fabric    | 0       |
|    add_ln83_1173_fu_65132_p2   |     |        | add_ln83_1173  | add    | fabric    | 0       |
|    add_ln83_1174_fu_65142_p2   |     |        | add_ln83_1174  | add    | fabric    | 0       |
|    add_ln83_1179_fu_56264_p2   |     |        | add_ln83_1179  | add    | fabric    | 0       |
|    add_ln83_1184_fu_56280_p2   |     |        | add_ln83_1184  | add    | fabric    | 0       |
|    add_ln83_1185_fu_56290_p2   |     |        | add_ln83_1185  | add    | fabric    | 0       |
|    add_ln83_1190_fu_56306_p2   |     |        | add_ln83_1190  | add    | fabric    | 0       |
|    add_ln83_1195_fu_56322_p2   |     |        | add_ln83_1195  | add    | fabric    | 0       |
|    add_ln83_1196_fu_56332_p2   |     |        | add_ln83_1196  | add    | fabric    | 0       |
|    add_ln83_1197_fu_56342_p2   |     |        | add_ln83_1197  | add    | fabric    | 0       |
|    add_ln83_1202_fu_56354_p2   |     |        | add_ln83_1202  | add    | fabric    | 0       |
|    add_ln83_1207_fu_56370_p2   |     |        | add_ln83_1207  | add    | fabric    | 0       |
|    add_ln83_1208_fu_56380_p2   |     |        | add_ln83_1208  | add    | fabric    | 0       |
|    add_ln83_1213_fu_56396_p2   |     |        | add_ln83_1213  | add    | fabric    | 0       |
|    add_ln83_1216_fu_25402_p2   |     |        | add_ln83_1216  | add    | fabric    | 0       |
|    add_ln83_1217_fu_25408_p2   |     |        | add_ln83_1217  | add    | fabric    | 0       |
|    add_ln83_1220_fu_56431_p2   |     |        | add_ln83_1220  | add    | fabric    | 0       |
|    add_ln83_1221_fu_56441_p2   |     |        | add_ln83_1221  | add    | fabric    | 0       |
|    add_ln83_1222_fu_64280_p2   |     |        | add_ln83_1222  | add    | fabric    | 0       |
|    add_ln83_1227_fu_56453_p2   |     |        | add_ln83_1227  | add    | fabric    | 0       |
|    add_ln83_1232_fu_56469_p2   |     |        | add_ln83_1232  | add    | fabric    | 0       |
|    add_ln83_1233_fu_56479_p2   |     |        | add_ln83_1233  | add    | fabric    | 0       |
|    add_ln83_1238_fu_56495_p2   |     |        | add_ln83_1238  | add    | fabric    | 0       |
|    add_ln83_1243_fu_56511_p2   |     |        | add_ln83_1243  | add    | fabric    | 0       |
|    add_ln83_1244_fu_56521_p2   |     |        | add_ln83_1244  | add    | fabric    | 0       |
|    add_ln83_1245_fu_56531_p2   |     |        | add_ln83_1245  | add    | fabric    | 0       |
|    add_ln83_1250_fu_56543_p2   |     |        | add_ln83_1250  | add    | fabric    | 0       |
|    add_ln83_1255_fu_56559_p2   |     |        | add_ln83_1255  | add    | fabric    | 0       |
|    add_ln83_1256_fu_56569_p2   |     |        | add_ln83_1256  | add    | fabric    | 0       |
|    add_ln83_1261_fu_56585_p2   |     |        | add_ln83_1261  | add    | fabric    | 0       |
|    add_ln83_1264_fu_25594_p2   |     |        | add_ln83_1264  | add    | fabric    | 0       |
|    add_ln83_1265_fu_25600_p2   |     |        | add_ln83_1265  | add    | fabric    | 0       |
|    add_ln83_1268_fu_56620_p2   |     |        | add_ln83_1268  | add    | fabric    | 0       |
|    add_ln83_1269_fu_56630_p2   |     |        | add_ln83_1269  | add    | fabric    | 0       |
|    add_ln83_1270_fu_64296_p2   |     |        | add_ln83_1270  | add    | fabric    | 0       |
|    add_ln83_1271_fu_64306_p2   |     |        | add_ln83_1271  | add    | fabric    | 0       |
|    add_ln83_1276_fu_56642_p2   |     |        | add_ln83_1276  | add    | fabric    | 0       |
|    add_ln83_1281_fu_56658_p2   |     |        | add_ln83_1281  | add    | fabric    | 0       |
|    add_ln83_1282_fu_56668_p2   |     |        | add_ln83_1282  | add    | fabric    | 0       |
|    add_ln83_1287_fu_56684_p2   |     |        | add_ln83_1287  | add    | fabric    | 0       |
|    add_ln83_1292_fu_56700_p2   |     |        | add_ln83_1292  | add    | fabric    | 0       |
|    add_ln83_1293_fu_56710_p2   |     |        | add_ln83_1293  | add    | fabric    | 0       |
|    add_ln83_1294_fu_56720_p2   |     |        | add_ln83_1294  | add    | fabric    | 0       |
|    add_ln83_1299_fu_56732_p2   |     |        | add_ln83_1299  | add    | fabric    | 0       |
|    add_ln83_1304_fu_56748_p2   |     |        | add_ln83_1304  | add    | fabric    | 0       |
|    add_ln83_1305_fu_56758_p2   |     |        | add_ln83_1305  | add    | fabric    | 0       |
|    add_ln83_1310_fu_56774_p2   |     |        | add_ln83_1310  | add    | fabric    | 0       |
|    add_ln83_1313_fu_25786_p2   |     |        | add_ln83_1313  | add    | fabric    | 0       |
|    add_ln83_1314_fu_25792_p2   |     |        | add_ln83_1314  | add    | fabric    | 0       |
|    add_ln83_1317_fu_56809_p2   |     |        | add_ln83_1317  | add    | fabric    | 0       |
|    add_ln83_1318_fu_56819_p2   |     |        | add_ln83_1318  | add    | fabric    | 0       |
|    add_ln83_1319_fu_64318_p2   |     |        | add_ln83_1319  | add    | fabric    | 0       |
|    add_ln83_1324_fu_56831_p2   |     |        | add_ln83_1324  | add    | fabric    | 0       |
|    add_ln83_1329_fu_56847_p2   |     |        | add_ln83_1329  | add    | fabric    | 0       |
|    add_ln83_1330_fu_56857_p2   |     |        | add_ln83_1330  | add    | fabric    | 0       |
|    add_ln83_1335_fu_56873_p2   |     |        | add_ln83_1335  | add    | fabric    | 0       |
|    add_ln83_1340_fu_56889_p2   |     |        | add_ln83_1340  | add    | fabric    | 0       |
|    add_ln83_1341_fu_56899_p2   |     |        | add_ln83_1341  | add    | fabric    | 0       |
|    add_ln83_1342_fu_56909_p2   |     |        | add_ln83_1342  | add    | fabric    | 0       |
|    add_ln83_1347_fu_56921_p2   |     |        | add_ln83_1347  | add    | fabric    | 0       |
|    add_ln83_1352_fu_56937_p2   |     |        | add_ln83_1352  | add    | fabric    | 0       |
|    add_ln83_1353_fu_56947_p2   |     |        | add_ln83_1353  | add    | fabric    | 0       |
|    add_ln83_1358_fu_56963_p2   |     |        | add_ln83_1358  | add    | fabric    | 0       |
|    add_ln83_1361_fu_25978_p2   |     |        | add_ln83_1361  | add    | fabric    | 0       |
|    add_ln83_1362_fu_25984_p2   |     |        | add_ln83_1362  | add    | fabric    | 0       |
|    add_ln83_1365_fu_56998_p2   |     |        | add_ln83_1365  | add    | fabric    | 0       |
|    add_ln83_1366_fu_57008_p2   |     |        | add_ln83_1366  | add    | fabric    | 0       |
|    add_ln83_1367_fu_64334_p2   |     |        | add_ln83_1367  | add    | fabric    | 0       |
|    add_ln83_1368_fu_64344_p2   |     |        | add_ln83_1368  | add    | fabric    | 0       |
|    add_ln83_1369_fu_65154_p2   |     |        | add_ln83_1369  | add    | fabric    | 0       |
|    add_ln83_1374_fu_57020_p2   |     |        | add_ln83_1374  | add    | fabric    | 0       |
|    add_ln83_1379_fu_57036_p2   |     |        | add_ln83_1379  | add    | fabric    | 0       |
|    add_ln83_1380_fu_57046_p2   |     |        | add_ln83_1380  | add    | fabric    | 0       |
|    add_ln83_1385_fu_57062_p2   |     |        | add_ln83_1385  | add    | fabric    | 0       |
|    add_ln83_1390_fu_57078_p2   |     |        | add_ln83_1390  | add    | fabric    | 0       |
|    add_ln83_1391_fu_57088_p2   |     |        | add_ln83_1391  | add    | fabric    | 0       |
|    add_ln83_1392_fu_57098_p2   |     |        | add_ln83_1392  | add    | fabric    | 0       |
|    add_ln83_1397_fu_57110_p2   |     |        | add_ln83_1397  | add    | fabric    | 0       |
|    add_ln83_1402_fu_57126_p2   |     |        | add_ln83_1402  | add    | fabric    | 0       |
|    add_ln83_1403_fu_57136_p2   |     |        | add_ln83_1403  | add    | fabric    | 0       |
|    add_ln83_1408_fu_57152_p2   |     |        | add_ln83_1408  | add    | fabric    | 0       |
|    add_ln83_1411_fu_26170_p2   |     |        | add_ln83_1411  | add    | fabric    | 0       |
|    add_ln83_1412_fu_26176_p2   |     |        | add_ln83_1412  | add    | fabric    | 0       |
|    add_ln83_1415_fu_57187_p2   |     |        | add_ln83_1415  | add    | fabric    | 0       |
|    add_ln83_1416_fu_57197_p2   |     |        | add_ln83_1416  | add    | fabric    | 0       |
|    add_ln83_1417_fu_64356_p2   |     |        | add_ln83_1417  | add    | fabric    | 0       |
|    add_ln83_1422_fu_57209_p2   |     |        | add_ln83_1422  | add    | fabric    | 0       |
|    add_ln83_1427_fu_57225_p2   |     |        | add_ln83_1427  | add    | fabric    | 0       |
|    add_ln83_1428_fu_57235_p2   |     |        | add_ln83_1428  | add    | fabric    | 0       |
|    add_ln83_1433_fu_57251_p2   |     |        | add_ln83_1433  | add    | fabric    | 0       |
|    add_ln83_1438_fu_57267_p2   |     |        | add_ln83_1438  | add    | fabric    | 0       |
|    add_ln83_1439_fu_57277_p2   |     |        | add_ln83_1439  | add    | fabric    | 0       |
|    add_ln83_1440_fu_57287_p2   |     |        | add_ln83_1440  | add    | fabric    | 0       |
|    add_ln83_1445_fu_57299_p2   |     |        | add_ln83_1445  | add    | fabric    | 0       |
|    add_ln83_1450_fu_57315_p2   |     |        | add_ln83_1450  | add    | fabric    | 0       |
|    add_ln83_1451_fu_57325_p2   |     |        | add_ln83_1451  | add    | fabric    | 0       |
|    add_ln83_1456_fu_57341_p2   |     |        | add_ln83_1456  | add    | fabric    | 0       |
|    add_ln83_1459_fu_26362_p2   |     |        | add_ln83_1459  | add    | fabric    | 0       |
|    add_ln83_1460_fu_26368_p2   |     |        | add_ln83_1460  | add    | fabric    | 0       |
|    add_ln83_1463_fu_57376_p2   |     |        | add_ln83_1463  | add    | fabric    | 0       |
|    add_ln83_1464_fu_57386_p2   |     |        | add_ln83_1464  | add    | fabric    | 0       |
|    add_ln83_1465_fu_64372_p2   |     |        | add_ln83_1465  | add    | fabric    | 0       |
|    add_ln83_1466_fu_64382_p2   |     |        | add_ln83_1466  | add    | fabric    | 0       |
|    add_ln83_1471_fu_57398_p2   |     |        | add_ln83_1471  | add    | fabric    | 0       |
|    add_ln83_1476_fu_57414_p2   |     |        | add_ln83_1476  | add    | fabric    | 0       |
|    add_ln83_1477_fu_57424_p2   |     |        | add_ln83_1477  | add    | fabric    | 0       |
|    add_ln83_1482_fu_57440_p2   |     |        | add_ln83_1482  | add    | fabric    | 0       |
|    add_ln83_1487_fu_57456_p2   |     |        | add_ln83_1487  | add    | fabric    | 0       |
|    add_ln83_1488_fu_57466_p2   |     |        | add_ln83_1488  | add    | fabric    | 0       |
|    add_ln83_1489_fu_57476_p2   |     |        | add_ln83_1489  | add    | fabric    | 0       |
|    add_ln83_1494_fu_57488_p2   |     |        | add_ln83_1494  | add    | fabric    | 0       |
|    add_ln83_1499_fu_57504_p2   |     |        | add_ln83_1499  | add    | fabric    | 0       |
|    add_ln83_1500_fu_57514_p2   |     |        | add_ln83_1500  | add    | fabric    | 0       |
|    add_ln83_1505_fu_57530_p2   |     |        | add_ln83_1505  | add    | fabric    | 0       |
|    add_ln83_1508_fu_26554_p2   |     |        | add_ln83_1508  | add    | fabric    | 0       |
|    add_ln83_1509_fu_26560_p2   |     |        | add_ln83_1509  | add    | fabric    | 0       |
|    add_ln83_1512_fu_57565_p2   |     |        | add_ln83_1512  | add    | fabric    | 0       |
|    add_ln83_1513_fu_57575_p2   |     |        | add_ln83_1513  | add    | fabric    | 0       |
|    add_ln83_1514_fu_64394_p2   |     |        | add_ln83_1514  | add    | fabric    | 0       |
|    add_ln83_1519_fu_57587_p2   |     |        | add_ln83_1519  | add    | fabric    | 0       |
|    add_ln83_1524_fu_57603_p2   |     |        | add_ln83_1524  | add    | fabric    | 0       |
|    add_ln83_1525_fu_57613_p2   |     |        | add_ln83_1525  | add    | fabric    | 0       |
|    add_ln83_1530_fu_57629_p2   |     |        | add_ln83_1530  | add    | fabric    | 0       |
|    add_ln83_1535_fu_57645_p2   |     |        | add_ln83_1535  | add    | fabric    | 0       |
|    add_ln83_1536_fu_57655_p2   |     |        | add_ln83_1536  | add    | fabric    | 0       |
|    add_ln83_1537_fu_57665_p2   |     |        | add_ln83_1537  | add    | fabric    | 0       |
|    add_ln83_1542_fu_57677_p2   |     |        | add_ln83_1542  | add    | fabric    | 0       |
|    add_ln83_1547_fu_57693_p2   |     |        | add_ln83_1547  | add    | fabric    | 0       |
|    add_ln83_1548_fu_57703_p2   |     |        | add_ln83_1548  | add    | fabric    | 0       |
|    add_ln83_1553_fu_57719_p2   |     |        | add_ln83_1553  | add    | fabric    | 0       |
|    add_ln83_1556_fu_26746_p2   |     |        | add_ln83_1556  | add    | fabric    | 0       |
|    add_ln83_1557_fu_26752_p2   |     |        | add_ln83_1557  | add    | fabric    | 0       |
|    add_ln83_1560_fu_57754_p2   |     |        | add_ln83_1560  | add    | fabric    | 0       |
|    add_ln83_1561_fu_57764_p2   |     |        | add_ln83_1561  | add    | fabric    | 0       |
|    add_ln83_1562_fu_64410_p2   |     |        | add_ln83_1562  | add    | fabric    | 0       |
|    add_ln83_1563_fu_64420_p2   |     |        | add_ln83_1563  | add    | fabric    | 0       |
|    add_ln83_1564_fu_65170_p2   |     |        | add_ln83_1564  | add    | fabric    | 0       |
|    add_ln83_1565_fu_65180_p2   |     |        | add_ln83_1565  | add    | fabric    | 0       |
|    add_ln83_1566_fu_65356_p2   |     |        | add_ln83_1566  | add    | fabric    | 0       |
|    add_ln83_1567_fu_65412_p2   |     |        | add_ln83_1567  | add    | fabric    | 0       |
|    xnor_result_5_fu_26758_p2   |     |        | xnor_result_5  | xor    | auto      | 0       |
|    add_ln83_1572_fu_57776_p2   |     |        | add_ln83_1572  | add    | fabric    | 0       |
|    add_ln83_1577_fu_57792_p2   |     |        | add_ln83_1577  | add    | fabric    | 0       |
|    add_ln83_1578_fu_57802_p2   |     |        | add_ln83_1578  | add    | fabric    | 0       |
|    add_ln83_1583_fu_57818_p2   |     |        | add_ln83_1583  | add    | fabric    | 0       |
|    add_ln83_1588_fu_57834_p2   |     |        | add_ln83_1588  | add    | fabric    | 0       |
|    add_ln83_1589_fu_57844_p2   |     |        | add_ln83_1589  | add    | fabric    | 0       |
|    add_ln83_1590_fu_57854_p2   |     |        | add_ln83_1590  | add    | fabric    | 0       |
|    add_ln83_1595_fu_57866_p2   |     |        | add_ln83_1595  | add    | fabric    | 0       |
|    add_ln83_1600_fu_57882_p2   |     |        | add_ln83_1600  | add    | fabric    | 0       |
|    add_ln83_1601_fu_57892_p2   |     |        | add_ln83_1601  | add    | fabric    | 0       |
|    add_ln83_1606_fu_57908_p2   |     |        | add_ln83_1606  | add    | fabric    | 0       |
|    add_ln83_1609_fu_36348_p2   |     |        | add_ln83_1609  | add    | fabric    | 0       |
|    add_ln83_1610_fu_36354_p2   |     |        | add_ln83_1610  | add    | fabric    | 0       |
|    add_ln83_1613_fu_57943_p2   |     |        | add_ln83_1613  | add    | fabric    | 0       |
|    add_ln83_1614_fu_57953_p2   |     |        | add_ln83_1614  | add    | fabric    | 0       |
|    add_ln83_1615_fu_64432_p2   |     |        | add_ln83_1615  | add    | fabric    | 0       |
|    add_ln83_1620_fu_57965_p2   |     |        | add_ln83_1620  | add    | fabric    | 0       |
|    add_ln83_1625_fu_57981_p2   |     |        | add_ln83_1625  | add    | fabric    | 0       |
|    add_ln83_1626_fu_57991_p2   |     |        | add_ln83_1626  | add    | fabric    | 0       |
|    add_ln83_1631_fu_58007_p2   |     |        | add_ln83_1631  | add    | fabric    | 0       |
|    add_ln83_1636_fu_58023_p2   |     |        | add_ln83_1636  | add    | fabric    | 0       |
|    add_ln83_1637_fu_58033_p2   |     |        | add_ln83_1637  | add    | fabric    | 0       |
|    add_ln83_1638_fu_58043_p2   |     |        | add_ln83_1638  | add    | fabric    | 0       |
|    add_ln83_1643_fu_58055_p2   |     |        | add_ln83_1643  | add    | fabric    | 0       |
|    add_ln83_1648_fu_58071_p2   |     |        | add_ln83_1648  | add    | fabric    | 0       |
|    add_ln83_1649_fu_58081_p2   |     |        | add_ln83_1649  | add    | fabric    | 0       |
|    add_ln83_1654_fu_58097_p2   |     |        | add_ln83_1654  | add    | fabric    | 0       |
|    add_ln83_1657_fu_36540_p2   |     |        | add_ln83_1657  | add    | fabric    | 0       |
|    add_ln83_1658_fu_36546_p2   |     |        | add_ln83_1658  | add    | fabric    | 0       |
|    add_ln83_1661_fu_58132_p2   |     |        | add_ln83_1661  | add    | fabric    | 0       |
|    add_ln83_1662_fu_58142_p2   |     |        | add_ln83_1662  | add    | fabric    | 0       |
|    add_ln83_1663_fu_64448_p2   |     |        | add_ln83_1663  | add    | fabric    | 0       |
|    add_ln83_1664_fu_64458_p2   |     |        | add_ln83_1664  | add    | fabric    | 0       |
|    add_ln83_1669_fu_58154_p2   |     |        | add_ln83_1669  | add    | fabric    | 0       |
|    add_ln83_1674_fu_58170_p2   |     |        | add_ln83_1674  | add    | fabric    | 0       |
|    add_ln83_1675_fu_58180_p2   |     |        | add_ln83_1675  | add    | fabric    | 0       |
|    add_ln83_1680_fu_58196_p2   |     |        | add_ln83_1680  | add    | fabric    | 0       |
|    add_ln83_1685_fu_58212_p2   |     |        | add_ln83_1685  | add    | fabric    | 0       |
|    add_ln83_1686_fu_58222_p2   |     |        | add_ln83_1686  | add    | fabric    | 0       |
|    add_ln83_1687_fu_58232_p2   |     |        | add_ln83_1687  | add    | fabric    | 0       |
|    add_ln83_1692_fu_58244_p2   |     |        | add_ln83_1692  | add    | fabric    | 0       |
|    add_ln83_1697_fu_58260_p2   |     |        | add_ln83_1697  | add    | fabric    | 0       |
|    add_ln83_1698_fu_58270_p2   |     |        | add_ln83_1698  | add    | fabric    | 0       |
|    add_ln83_1703_fu_58286_p2   |     |        | add_ln83_1703  | add    | fabric    | 0       |
|    add_ln83_1706_fu_36732_p2   |     |        | add_ln83_1706  | add    | fabric    | 0       |
|    add_ln83_1707_fu_36738_p2   |     |        | add_ln83_1707  | add    | fabric    | 0       |
|    add_ln83_1710_fu_58321_p2   |     |        | add_ln83_1710  | add    | fabric    | 0       |
|    add_ln83_1711_fu_58331_p2   |     |        | add_ln83_1711  | add    | fabric    | 0       |
|    add_ln83_1712_fu_64470_p2   |     |        | add_ln83_1712  | add    | fabric    | 0       |
|    add_ln83_1717_fu_58343_p2   |     |        | add_ln83_1717  | add    | fabric    | 0       |
|    add_ln83_1722_fu_58359_p2   |     |        | add_ln83_1722  | add    | fabric    | 0       |
|    add_ln83_1723_fu_58369_p2   |     |        | add_ln83_1723  | add    | fabric    | 0       |
|    add_ln83_1728_fu_58385_p2   |     |        | add_ln83_1728  | add    | fabric    | 0       |
|    add_ln83_1733_fu_58401_p2   |     |        | add_ln83_1733  | add    | fabric    | 0       |
|    add_ln83_1734_fu_58411_p2   |     |        | add_ln83_1734  | add    | fabric    | 0       |
|    add_ln83_1735_fu_58421_p2   |     |        | add_ln83_1735  | add    | fabric    | 0       |
|    add_ln83_1740_fu_58433_p2   |     |        | add_ln83_1740  | add    | fabric    | 0       |
|    add_ln83_1745_fu_58449_p2   |     |        | add_ln83_1745  | add    | fabric    | 0       |
|    add_ln83_1746_fu_58459_p2   |     |        | add_ln83_1746  | add    | fabric    | 0       |
|    add_ln83_1751_fu_58475_p2   |     |        | add_ln83_1751  | add    | fabric    | 0       |
|    add_ln83_1754_fu_36924_p2   |     |        | add_ln83_1754  | add    | fabric    | 0       |
|    add_ln83_1755_fu_36930_p2   |     |        | add_ln83_1755  | add    | fabric    | 0       |
|    add_ln83_1758_fu_58510_p2   |     |        | add_ln83_1758  | add    | fabric    | 0       |
|    add_ln83_1759_fu_58520_p2   |     |        | add_ln83_1759  | add    | fabric    | 0       |
|    add_ln83_1760_fu_64486_p2   |     |        | add_ln83_1760  | add    | fabric    | 0       |
|    add_ln83_1761_fu_64496_p2   |     |        | add_ln83_1761  | add    | fabric    | 0       |
|    add_ln83_1762_fu_65192_p2   |     |        | add_ln83_1762  | add    | fabric    | 0       |
|    add_ln83_1767_fu_58532_p2   |     |        | add_ln83_1767  | add    | fabric    | 0       |
|    add_ln83_1772_fu_58548_p2   |     |        | add_ln83_1772  | add    | fabric    | 0       |
|    add_ln83_1773_fu_58558_p2   |     |        | add_ln83_1773  | add    | fabric    | 0       |
|    add_ln83_1778_fu_58574_p2   |     |        | add_ln83_1778  | add    | fabric    | 0       |
|    add_ln83_1783_fu_58590_p2   |     |        | add_ln83_1783  | add    | fabric    | 0       |
|    add_ln83_1784_fu_58600_p2   |     |        | add_ln83_1784  | add    | fabric    | 0       |
|    add_ln83_1785_fu_58610_p2   |     |        | add_ln83_1785  | add    | fabric    | 0       |
|    add_ln83_1790_fu_58622_p2   |     |        | add_ln83_1790  | add    | fabric    | 0       |
|    add_ln83_1795_fu_58638_p2   |     |        | add_ln83_1795  | add    | fabric    | 0       |
|    add_ln83_1796_fu_58648_p2   |     |        | add_ln83_1796  | add    | fabric    | 0       |
|    add_ln83_1801_fu_58664_p2   |     |        | add_ln83_1801  | add    | fabric    | 0       |
|    add_ln83_1804_fu_37116_p2   |     |        | add_ln83_1804  | add    | fabric    | 0       |
|    add_ln83_1805_fu_37122_p2   |     |        | add_ln83_1805  | add    | fabric    | 0       |
|    add_ln83_1808_fu_58699_p2   |     |        | add_ln83_1808  | add    | fabric    | 0       |
|    add_ln83_1809_fu_58709_p2   |     |        | add_ln83_1809  | add    | fabric    | 0       |
|    add_ln83_1810_fu_64508_p2   |     |        | add_ln83_1810  | add    | fabric    | 0       |
|    add_ln83_1815_fu_58721_p2   |     |        | add_ln83_1815  | add    | fabric    | 0       |
|    add_ln83_1820_fu_58737_p2   |     |        | add_ln83_1820  | add    | fabric    | 0       |
|    add_ln83_1821_fu_58747_p2   |     |        | add_ln83_1821  | add    | fabric    | 0       |
|    add_ln83_1826_fu_58763_p2   |     |        | add_ln83_1826  | add    | fabric    | 0       |
|    add_ln83_1831_fu_58779_p2   |     |        | add_ln83_1831  | add    | fabric    | 0       |
|    add_ln83_1832_fu_58789_p2   |     |        | add_ln83_1832  | add    | fabric    | 0       |
|    add_ln83_1833_fu_58799_p2   |     |        | add_ln83_1833  | add    | fabric    | 0       |
|    add_ln83_1838_fu_58811_p2   |     |        | add_ln83_1838  | add    | fabric    | 0       |
|    add_ln83_1843_fu_58827_p2   |     |        | add_ln83_1843  | add    | fabric    | 0       |
|    add_ln83_1844_fu_58837_p2   |     |        | add_ln83_1844  | add    | fabric    | 0       |
|    add_ln83_1849_fu_58853_p2   |     |        | add_ln83_1849  | add    | fabric    | 0       |
|    add_ln83_1852_fu_37308_p2   |     |        | add_ln83_1852  | add    | fabric    | 0       |
|    add_ln83_1853_fu_37314_p2   |     |        | add_ln83_1853  | add    | fabric    | 0       |
|    add_ln83_1856_fu_58888_p2   |     |        | add_ln83_1856  | add    | fabric    | 0       |
|    add_ln83_1857_fu_58898_p2   |     |        | add_ln83_1857  | add    | fabric    | 0       |
|    add_ln83_1858_fu_64524_p2   |     |        | add_ln83_1858  | add    | fabric    | 0       |
|    add_ln83_1859_fu_64534_p2   |     |        | add_ln83_1859  | add    | fabric    | 0       |
|    add_ln83_1864_fu_58910_p2   |     |        | add_ln83_1864  | add    | fabric    | 0       |
|    add_ln83_1869_fu_58926_p2   |     |        | add_ln83_1869  | add    | fabric    | 0       |
|    add_ln83_1870_fu_58936_p2   |     |        | add_ln83_1870  | add    | fabric    | 0       |
|    add_ln83_1875_fu_58952_p2   |     |        | add_ln83_1875  | add    | fabric    | 0       |
|    add_ln83_1880_fu_58968_p2   |     |        | add_ln83_1880  | add    | fabric    | 0       |
|    add_ln83_1881_fu_58978_p2   |     |        | add_ln83_1881  | add    | fabric    | 0       |
|    add_ln83_1882_fu_58988_p2   |     |        | add_ln83_1882  | add    | fabric    | 0       |
|    add_ln83_1887_fu_59000_p2   |     |        | add_ln83_1887  | add    | fabric    | 0       |
|    add_ln83_1892_fu_59016_p2   |     |        | add_ln83_1892  | add    | fabric    | 0       |
|    add_ln83_1893_fu_59026_p2   |     |        | add_ln83_1893  | add    | fabric    | 0       |
|    add_ln83_1898_fu_59042_p2   |     |        | add_ln83_1898  | add    | fabric    | 0       |
|    add_ln83_1901_fu_37500_p2   |     |        | add_ln83_1901  | add    | fabric    | 0       |
|    add_ln83_1902_fu_37506_p2   |     |        | add_ln83_1902  | add    | fabric    | 0       |
|    add_ln83_1905_fu_59077_p2   |     |        | add_ln83_1905  | add    | fabric    | 0       |
|    add_ln83_1906_fu_59087_p2   |     |        | add_ln83_1906  | add    | fabric    | 0       |
|    add_ln83_1907_fu_64546_p2   |     |        | add_ln83_1907  | add    | fabric    | 0       |
|    add_ln83_1912_fu_59099_p2   |     |        | add_ln83_1912  | add    | fabric    | 0       |
|    add_ln83_1917_fu_59115_p2   |     |        | add_ln83_1917  | add    | fabric    | 0       |
|    add_ln83_1918_fu_59125_p2   |     |        | add_ln83_1918  | add    | fabric    | 0       |
|    add_ln83_1923_fu_59141_p2   |     |        | add_ln83_1923  | add    | fabric    | 0       |
|    add_ln83_1928_fu_59157_p2   |     |        | add_ln83_1928  | add    | fabric    | 0       |
|    add_ln83_1929_fu_59167_p2   |     |        | add_ln83_1929  | add    | fabric    | 0       |
|    add_ln83_1930_fu_59177_p2   |     |        | add_ln83_1930  | add    | fabric    | 0       |
|    add_ln83_1935_fu_59189_p2   |     |        | add_ln83_1935  | add    | fabric    | 0       |
|    add_ln83_1940_fu_59205_p2   |     |        | add_ln83_1940  | add    | fabric    | 0       |
|    add_ln83_1941_fu_59215_p2   |     |        | add_ln83_1941  | add    | fabric    | 0       |
|    add_ln83_1946_fu_59231_p2   |     |        | add_ln83_1946  | add    | fabric    | 0       |
|    add_ln83_1949_fu_37692_p2   |     |        | add_ln83_1949  | add    | fabric    | 0       |
|    add_ln83_1950_fu_37698_p2   |     |        | add_ln83_1950  | add    | fabric    | 0       |
|    add_ln83_1953_fu_59266_p2   |     |        | add_ln83_1953  | add    | fabric    | 0       |
|    add_ln83_1954_fu_59276_p2   |     |        | add_ln83_1954  | add    | fabric    | 0       |
|    add_ln83_1955_fu_64562_p2   |     |        | add_ln83_1955  | add    | fabric    | 0       |
|    add_ln83_1956_fu_64572_p2   |     |        | add_ln83_1956  | add    | fabric    | 0       |
|    add_ln83_1957_fu_65208_p2   |     |        | add_ln83_1957  | add    | fabric    | 0       |
|    add_ln83_1958_fu_65218_p2   |     |        | add_ln83_1958  | add    | fabric    | 0       |
|    add_ln83_1963_fu_59288_p2   |     |        | add_ln83_1963  | add    | fabric    | 0       |
|    add_ln83_1968_fu_59304_p2   |     |        | add_ln83_1968  | add    | fabric    | 0       |
|    add_ln83_1969_fu_59314_p2   |     |        | add_ln83_1969  | add    | fabric    | 0       |
|    add_ln83_1974_fu_59330_p2   |     |        | add_ln83_1974  | add    | fabric    | 0       |
|    add_ln83_1979_fu_59346_p2   |     |        | add_ln83_1979  | add    | fabric    | 0       |
|    add_ln83_1980_fu_59356_p2   |     |        | add_ln83_1980  | add    | fabric    | 0       |
|    add_ln83_1981_fu_59366_p2   |     |        | add_ln83_1981  | add    | fabric    | 0       |
|    add_ln83_1986_fu_59378_p2   |     |        | add_ln83_1986  | add    | fabric    | 0       |
|    add_ln83_1991_fu_59394_p2   |     |        | add_ln83_1991  | add    | fabric    | 0       |
|    add_ln83_1992_fu_59404_p2   |     |        | add_ln83_1992  | add    | fabric    | 0       |
|    add_ln83_1997_fu_59420_p2   |     |        | add_ln83_1997  | add    | fabric    | 0       |
|    add_ln83_2000_fu_37884_p2   |     |        | add_ln83_2000  | add    | fabric    | 0       |
|    add_ln83_2001_fu_37890_p2   |     |        | add_ln83_2001  | add    | fabric    | 0       |
|    add_ln83_2004_fu_59455_p2   |     |        | add_ln83_2004  | add    | fabric    | 0       |
|    add_ln83_2005_fu_59465_p2   |     |        | add_ln83_2005  | add    | fabric    | 0       |
|    add_ln83_2006_fu_64584_p2   |     |        | add_ln83_2006  | add    | fabric    | 0       |
|    add_ln83_2011_fu_59477_p2   |     |        | add_ln83_2011  | add    | fabric    | 0       |
|    add_ln83_2016_fu_59493_p2   |     |        | add_ln83_2016  | add    | fabric    | 0       |
|    add_ln83_2017_fu_59503_p2   |     |        | add_ln83_2017  | add    | fabric    | 0       |
|    add_ln83_2022_fu_59519_p2   |     |        | add_ln83_2022  | add    | fabric    | 0       |
|    add_ln83_2027_fu_59535_p2   |     |        | add_ln83_2027  | add    | fabric    | 0       |
|    add_ln83_2028_fu_59545_p2   |     |        | add_ln83_2028  | add    | fabric    | 0       |
|    add_ln83_2029_fu_59555_p2   |     |        | add_ln83_2029  | add    | fabric    | 0       |
|    add_ln83_2034_fu_59567_p2   |     |        | add_ln83_2034  | add    | fabric    | 0       |
|    add_ln83_2039_fu_59583_p2   |     |        | add_ln83_2039  | add    | fabric    | 0       |
|    add_ln83_2040_fu_59593_p2   |     |        | add_ln83_2040  | add    | fabric    | 0       |
|    add_ln83_2045_fu_59609_p2   |     |        | add_ln83_2045  | add    | fabric    | 0       |
|    add_ln83_2048_fu_38076_p2   |     |        | add_ln83_2048  | add    | fabric    | 0       |
|    add_ln83_2049_fu_38082_p2   |     |        | add_ln83_2049  | add    | fabric    | 0       |
|    add_ln83_2052_fu_59644_p2   |     |        | add_ln83_2052  | add    | fabric    | 0       |
|    add_ln83_2053_fu_59654_p2   |     |        | add_ln83_2053  | add    | fabric    | 0       |
|    add_ln83_2054_fu_64600_p2   |     |        | add_ln83_2054  | add    | fabric    | 0       |
|    add_ln83_2055_fu_64610_p2   |     |        | add_ln83_2055  | add    | fabric    | 0       |
|    add_ln83_2060_fu_59666_p2   |     |        | add_ln83_2060  | add    | fabric    | 0       |
|    add_ln83_2065_fu_59682_p2   |     |        | add_ln83_2065  | add    | fabric    | 0       |
|    add_ln83_2066_fu_59692_p2   |     |        | add_ln83_2066  | add    | fabric    | 0       |
|    add_ln83_2071_fu_59708_p2   |     |        | add_ln83_2071  | add    | fabric    | 0       |
|    add_ln83_2076_fu_59724_p2   |     |        | add_ln83_2076  | add    | fabric    | 0       |
|    add_ln83_2077_fu_59734_p2   |     |        | add_ln83_2077  | add    | fabric    | 0       |
|    add_ln83_2078_fu_59744_p2   |     |        | add_ln83_2078  | add    | fabric    | 0       |
|    add_ln83_2083_fu_59756_p2   |     |        | add_ln83_2083  | add    | fabric    | 0       |
|    add_ln83_2088_fu_59772_p2   |     |        | add_ln83_2088  | add    | fabric    | 0       |
|    add_ln83_2089_fu_59782_p2   |     |        | add_ln83_2089  | add    | fabric    | 0       |
|    add_ln83_2094_fu_59798_p2   |     |        | add_ln83_2094  | add    | fabric    | 0       |
|    add_ln83_2097_fu_38268_p2   |     |        | add_ln83_2097  | add    | fabric    | 0       |
|    add_ln83_2098_fu_38274_p2   |     |        | add_ln83_2098  | add    | fabric    | 0       |
|    add_ln83_2101_fu_59833_p2   |     |        | add_ln83_2101  | add    | fabric    | 0       |
|    add_ln83_2102_fu_59843_p2   |     |        | add_ln83_2102  | add    | fabric    | 0       |
|    add_ln83_2103_fu_64622_p2   |     |        | add_ln83_2103  | add    | fabric    | 0       |
|    add_ln83_2108_fu_59855_p2   |     |        | add_ln83_2108  | add    | fabric    | 0       |
|    add_ln83_2113_fu_59871_p2   |     |        | add_ln83_2113  | add    | fabric    | 0       |
|    add_ln83_2114_fu_59881_p2   |     |        | add_ln83_2114  | add    | fabric    | 0       |
|    add_ln83_2119_fu_59897_p2   |     |        | add_ln83_2119  | add    | fabric    | 0       |
|    add_ln83_2124_fu_59913_p2   |     |        | add_ln83_2124  | add    | fabric    | 0       |
|    add_ln83_2125_fu_59923_p2   |     |        | add_ln83_2125  | add    | fabric    | 0       |
|    add_ln83_2126_fu_59933_p2   |     |        | add_ln83_2126  | add    | fabric    | 0       |
|    add_ln83_2131_fu_59945_p2   |     |        | add_ln83_2131  | add    | fabric    | 0       |
|    add_ln83_2136_fu_59961_p2   |     |        | add_ln83_2136  | add    | fabric    | 0       |
|    add_ln83_2137_fu_59971_p2   |     |        | add_ln83_2137  | add    | fabric    | 0       |
|    add_ln83_2142_fu_59987_p2   |     |        | add_ln83_2142  | add    | fabric    | 0       |
|    add_ln83_2145_fu_38460_p2   |     |        | add_ln83_2145  | add    | fabric    | 0       |
|    add_ln83_2146_fu_38466_p2   |     |        | add_ln83_2146  | add    | fabric    | 0       |
|    add_ln83_2149_fu_60022_p2   |     |        | add_ln83_2149  | add    | fabric    | 0       |
|    add_ln83_2150_fu_60032_p2   |     |        | add_ln83_2150  | add    | fabric    | 0       |
|    add_ln83_2151_fu_64638_p2   |     |        | add_ln83_2151  | add    | fabric    | 0       |
|    add_ln83_2152_fu_64648_p2   |     |        | add_ln83_2152  | add    | fabric    | 0       |
|    add_ln83_2153_fu_65230_p2   |     |        | add_ln83_2153  | add    | fabric    | 0       |
|    add_ln83_2158_fu_60044_p2   |     |        | add_ln83_2158  | add    | fabric    | 0       |
|    add_ln83_2163_fu_60060_p2   |     |        | add_ln83_2163  | add    | fabric    | 0       |
|    add_ln83_2164_fu_60070_p2   |     |        | add_ln83_2164  | add    | fabric    | 0       |
|    add_ln83_2169_fu_60086_p2   |     |        | add_ln83_2169  | add    | fabric    | 0       |
|    add_ln83_2174_fu_60102_p2   |     |        | add_ln83_2174  | add    | fabric    | 0       |
|    add_ln83_2175_fu_60112_p2   |     |        | add_ln83_2175  | add    | fabric    | 0       |
|    add_ln83_2176_fu_60122_p2   |     |        | add_ln83_2176  | add    | fabric    | 0       |
|    add_ln83_2181_fu_60134_p2   |     |        | add_ln83_2181  | add    | fabric    | 0       |
|    add_ln83_2186_fu_60150_p2   |     |        | add_ln83_2186  | add    | fabric    | 0       |
|    add_ln83_2187_fu_60160_p2   |     |        | add_ln83_2187  | add    | fabric    | 0       |
|    add_ln83_2192_fu_60176_p2   |     |        | add_ln83_2192  | add    | fabric    | 0       |
|    add_ln83_2195_fu_38652_p2   |     |        | add_ln83_2195  | add    | fabric    | 0       |
|    add_ln83_2196_fu_38658_p2   |     |        | add_ln83_2196  | add    | fabric    | 0       |
|    add_ln83_2199_fu_60211_p2   |     |        | add_ln83_2199  | add    | fabric    | 0       |
|    add_ln83_2200_fu_60221_p2   |     |        | add_ln83_2200  | add    | fabric    | 0       |
|    add_ln83_2201_fu_64660_p2   |     |        | add_ln83_2201  | add    | fabric    | 0       |
|    add_ln83_2206_fu_60233_p2   |     |        | add_ln83_2206  | add    | fabric    | 0       |
|    add_ln83_2211_fu_60249_p2   |     |        | add_ln83_2211  | add    | fabric    | 0       |
|    add_ln83_2212_fu_60259_p2   |     |        | add_ln83_2212  | add    | fabric    | 0       |
|    add_ln83_2217_fu_60275_p2   |     |        | add_ln83_2217  | add    | fabric    | 0       |
|    add_ln83_2222_fu_60291_p2   |     |        | add_ln83_2222  | add    | fabric    | 0       |
|    add_ln83_2223_fu_60301_p2   |     |        | add_ln83_2223  | add    | fabric    | 0       |
|    add_ln83_2224_fu_60311_p2   |     |        | add_ln83_2224  | add    | fabric    | 0       |
|    add_ln83_2229_fu_60323_p2   |     |        | add_ln83_2229  | add    | fabric    | 0       |
|    add_ln83_2234_fu_60339_p2   |     |        | add_ln83_2234  | add    | fabric    | 0       |
|    add_ln83_2235_fu_60349_p2   |     |        | add_ln83_2235  | add    | fabric    | 0       |
|    add_ln83_2240_fu_60365_p2   |     |        | add_ln83_2240  | add    | fabric    | 0       |
|    add_ln83_2243_fu_38844_p2   |     |        | add_ln83_2243  | add    | fabric    | 0       |
|    add_ln83_2244_fu_38850_p2   |     |        | add_ln83_2244  | add    | fabric    | 0       |
|    add_ln83_2247_fu_60400_p2   |     |        | add_ln83_2247  | add    | fabric    | 0       |
|    add_ln83_2248_fu_60410_p2   |     |        | add_ln83_2248  | add    | fabric    | 0       |
|    add_ln83_2249_fu_64676_p2   |     |        | add_ln83_2249  | add    | fabric    | 0       |
|    add_ln83_2250_fu_64686_p2   |     |        | add_ln83_2250  | add    | fabric    | 0       |
|    add_ln83_2255_fu_60422_p2   |     |        | add_ln83_2255  | add    | fabric    | 0       |
|    add_ln83_2260_fu_60438_p2   |     |        | add_ln83_2260  | add    | fabric    | 0       |
|    add_ln83_2261_fu_60448_p2   |     |        | add_ln83_2261  | add    | fabric    | 0       |
|    add_ln83_2266_fu_60464_p2   |     |        | add_ln83_2266  | add    | fabric    | 0       |
|    add_ln83_2271_fu_60480_p2   |     |        | add_ln83_2271  | add    | fabric    | 0       |
|    add_ln83_2272_fu_60490_p2   |     |        | add_ln83_2272  | add    | fabric    | 0       |
|    add_ln83_2273_fu_60500_p2   |     |        | add_ln83_2273  | add    | fabric    | 0       |
|    add_ln83_2278_fu_60512_p2   |     |        | add_ln83_2278  | add    | fabric    | 0       |
|    add_ln83_2283_fu_60528_p2   |     |        | add_ln83_2283  | add    | fabric    | 0       |
|    add_ln83_2284_fu_60538_p2   |     |        | add_ln83_2284  | add    | fabric    | 0       |
|    add_ln83_2289_fu_60554_p2   |     |        | add_ln83_2289  | add    | fabric    | 0       |
|    add_ln83_2292_fu_39036_p2   |     |        | add_ln83_2292  | add    | fabric    | 0       |
|    add_ln83_2293_fu_39042_p2   |     |        | add_ln83_2293  | add    | fabric    | 0       |
|    add_ln83_2296_fu_60589_p2   |     |        | add_ln83_2296  | add    | fabric    | 0       |
|    add_ln83_2297_fu_60599_p2   |     |        | add_ln83_2297  | add    | fabric    | 0       |
|    add_ln83_2298_fu_64698_p2   |     |        | add_ln83_2298  | add    | fabric    | 0       |
|    add_ln83_2303_fu_60611_p2   |     |        | add_ln83_2303  | add    | fabric    | 0       |
|    add_ln83_2308_fu_60627_p2   |     |        | add_ln83_2308  | add    | fabric    | 0       |
|    add_ln83_2309_fu_60637_p2   |     |        | add_ln83_2309  | add    | fabric    | 0       |
|    add_ln83_2314_fu_60653_p2   |     |        | add_ln83_2314  | add    | fabric    | 0       |
|    add_ln83_2319_fu_60669_p2   |     |        | add_ln83_2319  | add    | fabric    | 0       |
|    add_ln83_2320_fu_60679_p2   |     |        | add_ln83_2320  | add    | fabric    | 0       |
|    add_ln83_2321_fu_60689_p2   |     |        | add_ln83_2321  | add    | fabric    | 0       |
|    add_ln83_2326_fu_60701_p2   |     |        | add_ln83_2326  | add    | fabric    | 0       |
|    add_ln83_2331_fu_60717_p2   |     |        | add_ln83_2331  | add    | fabric    | 0       |
|    add_ln83_2332_fu_60727_p2   |     |        | add_ln83_2332  | add    | fabric    | 0       |
|    add_ln83_2337_fu_60743_p2   |     |        | add_ln83_2337  | add    | fabric    | 0       |
|    add_ln83_2340_fu_39228_p2   |     |        | add_ln83_2340  | add    | fabric    | 0       |
|    add_ln83_2341_fu_39234_p2   |     |        | add_ln83_2341  | add    | fabric    | 0       |
|    add_ln83_2344_fu_60778_p2   |     |        | add_ln83_2344  | add    | fabric    | 0       |
|    add_ln83_2345_fu_60788_p2   |     |        | add_ln83_2345  | add    | fabric    | 0       |
|    add_ln83_2346_fu_64714_p2   |     |        | add_ln83_2346  | add    | fabric    | 0       |
|    add_ln83_2347_fu_64724_p2   |     |        | add_ln83_2347  | add    | fabric    | 0       |
|    add_ln83_2348_fu_65246_p2   |     |        | add_ln83_2348  | add    | fabric    | 0       |
|    add_ln83_2349_fu_65256_p2   |     |        | add_ln83_2349  | add    | fabric    | 0       |
|    add_ln83_2350_fu_65368_p2   |     |        | add_ln83_2350  | add    | fabric    | 0       |
|    add_ln83_2351_fu_65439_p2   |     |        | add_ln83_2351  | add    | fabric    | 0       |
|    xnor_result_6_fu_39240_p2   |     |        | xnor_result_6  | xor    | auto      | 0       |
|    add_ln83_2356_fu_60800_p2   |     |        | add_ln83_2356  | add    | fabric    | 0       |
|    add_ln83_2361_fu_60816_p2   |     |        | add_ln83_2361  | add    | fabric    | 0       |
|    add_ln83_2362_fu_60826_p2   |     |        | add_ln83_2362  | add    | fabric    | 0       |
|    add_ln83_2367_fu_60842_p2   |     |        | add_ln83_2367  | add    | fabric    | 0       |
|    add_ln83_2372_fu_60858_p2   |     |        | add_ln83_2372  | add    | fabric    | 0       |
|    add_ln83_2373_fu_60868_p2   |     |        | add_ln83_2373  | add    | fabric    | 0       |
|    add_ln83_2374_fu_60878_p2   |     |        | add_ln83_2374  | add    | fabric    | 0       |
|    add_ln83_2379_fu_60890_p2   |     |        | add_ln83_2379  | add    | fabric    | 0       |
|    add_ln83_2384_fu_60906_p2   |     |        | add_ln83_2384  | add    | fabric    | 0       |
|    add_ln83_2385_fu_60916_p2   |     |        | add_ln83_2385  | add    | fabric    | 0       |
|    add_ln83_2390_fu_60932_p2   |     |        | add_ln83_2390  | add    | fabric    | 0       |
|    add_ln83_2393_fu_48830_p2   |     |        | add_ln83_2393  | add    | fabric    | 0       |
|    add_ln83_2394_fu_48836_p2   |     |        | add_ln83_2394  | add    | fabric    | 0       |
|    add_ln83_2397_fu_60967_p2   |     |        | add_ln83_2397  | add    | fabric    | 0       |
|    add_ln83_2398_fu_60977_p2   |     |        | add_ln83_2398  | add    | fabric    | 0       |
|    add_ln83_2399_fu_64736_p2   |     |        | add_ln83_2399  | add    | fabric    | 0       |
|    add_ln83_2404_fu_60989_p2   |     |        | add_ln83_2404  | add    | fabric    | 0       |
|    add_ln83_2409_fu_61005_p2   |     |        | add_ln83_2409  | add    | fabric    | 0       |
|    add_ln83_2410_fu_61015_p2   |     |        | add_ln83_2410  | add    | fabric    | 0       |
|    add_ln83_2415_fu_61031_p2   |     |        | add_ln83_2415  | add    | fabric    | 0       |
|    add_ln83_2420_fu_61047_p2   |     |        | add_ln83_2420  | add    | fabric    | 0       |
|    add_ln83_2421_fu_61057_p2   |     |        | add_ln83_2421  | add    | fabric    | 0       |
|    add_ln83_2422_fu_61067_p2   |     |        | add_ln83_2422  | add    | fabric    | 0       |
|    add_ln83_2427_fu_61079_p2   |     |        | add_ln83_2427  | add    | fabric    | 0       |
|    add_ln83_2432_fu_61095_p2   |     |        | add_ln83_2432  | add    | fabric    | 0       |
|    add_ln83_2433_fu_61105_p2   |     |        | add_ln83_2433  | add    | fabric    | 0       |
|    add_ln83_2438_fu_61121_p2   |     |        | add_ln83_2438  | add    | fabric    | 0       |
|    add_ln83_2441_fu_49022_p2   |     |        | add_ln83_2441  | add    | fabric    | 0       |
|    add_ln83_2442_fu_49028_p2   |     |        | add_ln83_2442  | add    | fabric    | 0       |
|    add_ln83_2445_fu_61156_p2   |     |        | add_ln83_2445  | add    | fabric    | 0       |
|    add_ln83_2446_fu_61166_p2   |     |        | add_ln83_2446  | add    | fabric    | 0       |
|    add_ln83_2447_fu_64752_p2   |     |        | add_ln83_2447  | add    | fabric    | 0       |
|    add_ln83_2448_fu_64762_p2   |     |        | add_ln83_2448  | add    | fabric    | 0       |
|    add_ln83_2453_fu_61178_p2   |     |        | add_ln83_2453  | add    | fabric    | 0       |
|    add_ln83_2458_fu_61194_p2   |     |        | add_ln83_2458  | add    | fabric    | 0       |
|    add_ln83_2459_fu_61204_p2   |     |        | add_ln83_2459  | add    | fabric    | 0       |
|    add_ln83_2464_fu_61220_p2   |     |        | add_ln83_2464  | add    | fabric    | 0       |
|    add_ln83_2469_fu_61236_p2   |     |        | add_ln83_2469  | add    | fabric    | 0       |
|    add_ln83_2470_fu_61246_p2   |     |        | add_ln83_2470  | add    | fabric    | 0       |
|    add_ln83_2471_fu_61256_p2   |     |        | add_ln83_2471  | add    | fabric    | 0       |
|    add_ln83_2476_fu_61268_p2   |     |        | add_ln83_2476  | add    | fabric    | 0       |
|    add_ln83_2481_fu_61284_p2   |     |        | add_ln83_2481  | add    | fabric    | 0       |
|    add_ln83_2482_fu_61294_p2   |     |        | add_ln83_2482  | add    | fabric    | 0       |
|    add_ln83_2487_fu_61310_p2   |     |        | add_ln83_2487  | add    | fabric    | 0       |
|    add_ln83_2490_fu_49214_p2   |     |        | add_ln83_2490  | add    | fabric    | 0       |
|    add_ln83_2491_fu_49220_p2   |     |        | add_ln83_2491  | add    | fabric    | 0       |
|    add_ln83_2494_fu_61345_p2   |     |        | add_ln83_2494  | add    | fabric    | 0       |
|    add_ln83_2495_fu_61355_p2   |     |        | add_ln83_2495  | add    | fabric    | 0       |
|    add_ln83_2496_fu_64774_p2   |     |        | add_ln83_2496  | add    | fabric    | 0       |
|    add_ln83_2501_fu_61367_p2   |     |        | add_ln83_2501  | add    | fabric    | 0       |
|    add_ln83_2506_fu_61383_p2   |     |        | add_ln83_2506  | add    | fabric    | 0       |
|    add_ln83_2507_fu_61393_p2   |     |        | add_ln83_2507  | add    | fabric    | 0       |
|    add_ln83_2512_fu_61409_p2   |     |        | add_ln83_2512  | add    | fabric    | 0       |
|    add_ln83_2517_fu_61425_p2   |     |        | add_ln83_2517  | add    | fabric    | 0       |
|    add_ln83_2518_fu_61435_p2   |     |        | add_ln83_2518  | add    | fabric    | 0       |
|    add_ln83_2519_fu_61445_p2   |     |        | add_ln83_2519  | add    | fabric    | 0       |
|    add_ln83_2524_fu_61457_p2   |     |        | add_ln83_2524  | add    | fabric    | 0       |
|    add_ln83_2529_fu_61473_p2   |     |        | add_ln83_2529  | add    | fabric    | 0       |
|    add_ln83_2530_fu_61483_p2   |     |        | add_ln83_2530  | add    | fabric    | 0       |
|    add_ln83_2535_fu_61499_p2   |     |        | add_ln83_2535  | add    | fabric    | 0       |
|    add_ln83_2538_fu_49406_p2   |     |        | add_ln83_2538  | add    | fabric    | 0       |
|    add_ln83_2539_fu_49412_p2   |     |        | add_ln83_2539  | add    | fabric    | 0       |
|    add_ln83_2542_fu_61534_p2   |     |        | add_ln83_2542  | add    | fabric    | 0       |
|    add_ln83_2543_fu_61544_p2   |     |        | add_ln83_2543  | add    | fabric    | 0       |
|    add_ln83_2544_fu_64790_p2   |     |        | add_ln83_2544  | add    | fabric    | 0       |
|    add_ln83_2545_fu_64800_p2   |     |        | add_ln83_2545  | add    | fabric    | 0       |
|    add_ln83_2546_fu_65268_p2   |     |        | add_ln83_2546  | add    | fabric    | 0       |
|    add_ln83_2551_fu_61556_p2   |     |        | add_ln83_2551  | add    | fabric    | 0       |
|    add_ln83_2556_fu_61572_p2   |     |        | add_ln83_2556  | add    | fabric    | 0       |
|    add_ln83_2557_fu_61582_p2   |     |        | add_ln83_2557  | add    | fabric    | 0       |
|    add_ln83_2562_fu_61598_p2   |     |        | add_ln83_2562  | add    | fabric    | 0       |
|    add_ln83_2567_fu_61614_p2   |     |        | add_ln83_2567  | add    | fabric    | 0       |
|    add_ln83_2568_fu_61624_p2   |     |        | add_ln83_2568  | add    | fabric    | 0       |
|    add_ln83_2569_fu_61634_p2   |     |        | add_ln83_2569  | add    | fabric    | 0       |
|    add_ln83_2574_fu_61646_p2   |     |        | add_ln83_2574  | add    | fabric    | 0       |
|    add_ln83_2579_fu_61662_p2   |     |        | add_ln83_2579  | add    | fabric    | 0       |
|    add_ln83_2580_fu_61672_p2   |     |        | add_ln83_2580  | add    | fabric    | 0       |
|    add_ln83_2585_fu_61688_p2   |     |        | add_ln83_2585  | add    | fabric    | 0       |
|    add_ln83_2588_fu_49598_p2   |     |        | add_ln83_2588  | add    | fabric    | 0       |
|    add_ln83_2589_fu_49604_p2   |     |        | add_ln83_2589  | add    | fabric    | 0       |
|    add_ln83_2592_fu_61723_p2   |     |        | add_ln83_2592  | add    | fabric    | 0       |
|    add_ln83_2593_fu_61733_p2   |     |        | add_ln83_2593  | add    | fabric    | 0       |
|    add_ln83_2594_fu_64812_p2   |     |        | add_ln83_2594  | add    | fabric    | 0       |
|    add_ln83_2599_fu_61745_p2   |     |        | add_ln83_2599  | add    | fabric    | 0       |
|    add_ln83_2604_fu_61761_p2   |     |        | add_ln83_2604  | add    | fabric    | 0       |
|    add_ln83_2605_fu_61771_p2   |     |        | add_ln83_2605  | add    | fabric    | 0       |
|    add_ln83_2610_fu_61787_p2   |     |        | add_ln83_2610  | add    | fabric    | 0       |
|    add_ln83_2615_fu_61803_p2   |     |        | add_ln83_2615  | add    | fabric    | 0       |
|    add_ln83_2616_fu_61813_p2   |     |        | add_ln83_2616  | add    | fabric    | 0       |
|    add_ln83_2617_fu_61823_p2   |     |        | add_ln83_2617  | add    | fabric    | 0       |
|    add_ln83_2622_fu_61835_p2   |     |        | add_ln83_2622  | add    | fabric    | 0       |
|    add_ln83_2627_fu_61851_p2   |     |        | add_ln83_2627  | add    | fabric    | 0       |
|    add_ln83_2628_fu_61861_p2   |     |        | add_ln83_2628  | add    | fabric    | 0       |
|    add_ln83_2633_fu_61877_p2   |     |        | add_ln83_2633  | add    | fabric    | 0       |
|    add_ln83_2636_fu_49790_p2   |     |        | add_ln83_2636  | add    | fabric    | 0       |
|    add_ln83_2637_fu_49796_p2   |     |        | add_ln83_2637  | add    | fabric    | 0       |
|    add_ln83_2640_fu_61912_p2   |     |        | add_ln83_2640  | add    | fabric    | 0       |
|    add_ln83_2641_fu_61922_p2   |     |        | add_ln83_2641  | add    | fabric    | 0       |
|    add_ln83_2642_fu_64828_p2   |     |        | add_ln83_2642  | add    | fabric    | 0       |
|    add_ln83_2643_fu_64838_p2   |     |        | add_ln83_2643  | add    | fabric    | 0       |
|    add_ln83_2648_fu_61934_p2   |     |        | add_ln83_2648  | add    | fabric    | 0       |
|    add_ln83_2653_fu_61950_p2   |     |        | add_ln83_2653  | add    | fabric    | 0       |
|    add_ln83_2654_fu_61960_p2   |     |        | add_ln83_2654  | add    | fabric    | 0       |
|    add_ln83_2659_fu_61976_p2   |     |        | add_ln83_2659  | add    | fabric    | 0       |
|    add_ln83_2664_fu_61992_p2   |     |        | add_ln83_2664  | add    | fabric    | 0       |
|    add_ln83_2665_fu_62002_p2   |     |        | add_ln83_2665  | add    | fabric    | 0       |
|    add_ln83_2666_fu_62012_p2   |     |        | add_ln83_2666  | add    | fabric    | 0       |
|    add_ln83_2671_fu_62024_p2   |     |        | add_ln83_2671  | add    | fabric    | 0       |
|    add_ln83_2676_fu_62040_p2   |     |        | add_ln83_2676  | add    | fabric    | 0       |
|    add_ln83_2677_fu_62050_p2   |     |        | add_ln83_2677  | add    | fabric    | 0       |
|    add_ln83_2682_fu_62066_p2   |     |        | add_ln83_2682  | add    | fabric    | 0       |
|    add_ln83_2685_fu_49982_p2   |     |        | add_ln83_2685  | add    | fabric    | 0       |
|    add_ln83_2686_fu_49988_p2   |     |        | add_ln83_2686  | add    | fabric    | 0       |
|    add_ln83_2689_fu_62101_p2   |     |        | add_ln83_2689  | add    | fabric    | 0       |
|    add_ln83_2690_fu_62111_p2   |     |        | add_ln83_2690  | add    | fabric    | 0       |
|    add_ln83_2691_fu_64850_p2   |     |        | add_ln83_2691  | add    | fabric    | 0       |
|    add_ln83_2696_fu_62123_p2   |     |        | add_ln83_2696  | add    | fabric    | 0       |
|    add_ln83_2701_fu_62139_p2   |     |        | add_ln83_2701  | add    | fabric    | 0       |
|    add_ln83_2702_fu_62149_p2   |     |        | add_ln83_2702  | add    | fabric    | 0       |
|    add_ln83_2707_fu_62165_p2   |     |        | add_ln83_2707  | add    | fabric    | 0       |
|    add_ln83_2712_fu_62181_p2   |     |        | add_ln83_2712  | add    | fabric    | 0       |
|    add_ln83_2713_fu_62191_p2   |     |        | add_ln83_2713  | add    | fabric    | 0       |
|    add_ln83_2714_fu_62201_p2   |     |        | add_ln83_2714  | add    | fabric    | 0       |
|    add_ln83_2719_fu_62213_p2   |     |        | add_ln83_2719  | add    | fabric    | 0       |
|    add_ln83_2724_fu_62229_p2   |     |        | add_ln83_2724  | add    | fabric    | 0       |
|    add_ln83_2725_fu_62239_p2   |     |        | add_ln83_2725  | add    | fabric    | 0       |
|    add_ln83_2730_fu_62255_p2   |     |        | add_ln83_2730  | add    | fabric    | 0       |
|    add_ln83_2733_fu_50174_p2   |     |        | add_ln83_2733  | add    | fabric    | 0       |
|    add_ln83_2734_fu_50180_p2   |     |        | add_ln83_2734  | add    | fabric    | 0       |
|    add_ln83_2737_fu_62290_p2   |     |        | add_ln83_2737  | add    | fabric    | 0       |
|    add_ln83_2738_fu_62300_p2   |     |        | add_ln83_2738  | add    | fabric    | 0       |
|    add_ln83_2739_fu_64866_p2   |     |        | add_ln83_2739  | add    | fabric    | 0       |
|    add_ln83_2740_fu_64876_p2   |     |        | add_ln83_2740  | add    | fabric    | 0       |
|    add_ln83_2741_fu_65284_p2   |     |        | add_ln83_2741  | add    | fabric    | 0       |
|    add_ln83_2742_fu_65294_p2   |     |        | add_ln83_2742  | add    | fabric    | 0       |
|    add_ln83_2747_fu_62312_p2   |     |        | add_ln83_2747  | add    | fabric    | 0       |
|    add_ln83_2752_fu_62328_p2   |     |        | add_ln83_2752  | add    | fabric    | 0       |
|    add_ln83_2753_fu_62338_p2   |     |        | add_ln83_2753  | add    | fabric    | 0       |
|    add_ln83_2758_fu_62354_p2   |     |        | add_ln83_2758  | add    | fabric    | 0       |
|    add_ln83_2763_fu_62370_p2   |     |        | add_ln83_2763  | add    | fabric    | 0       |
|    add_ln83_2764_fu_62380_p2   |     |        | add_ln83_2764  | add    | fabric    | 0       |
|    add_ln83_2765_fu_62390_p2   |     |        | add_ln83_2765  | add    | fabric    | 0       |
|    add_ln83_2770_fu_62402_p2   |     |        | add_ln83_2770  | add    | fabric    | 0       |
|    add_ln83_2775_fu_62418_p2   |     |        | add_ln83_2775  | add    | fabric    | 0       |
|    add_ln83_2776_fu_62428_p2   |     |        | add_ln83_2776  | add    | fabric    | 0       |
|    add_ln83_2781_fu_62444_p2   |     |        | add_ln83_2781  | add    | fabric    | 0       |
|    add_ln83_2784_fu_50366_p2   |     |        | add_ln83_2784  | add    | fabric    | 0       |
|    add_ln83_2785_fu_50372_p2   |     |        | add_ln83_2785  | add    | fabric    | 0       |
|    add_ln83_2788_fu_62479_p2   |     |        | add_ln83_2788  | add    | fabric    | 0       |
|    add_ln83_2789_fu_62489_p2   |     |        | add_ln83_2789  | add    | fabric    | 0       |
|    add_ln83_2790_fu_64888_p2   |     |        | add_ln83_2790  | add    | fabric    | 0       |
|    add_ln83_2795_fu_62501_p2   |     |        | add_ln83_2795  | add    | fabric    | 0       |
|    add_ln83_2800_fu_62517_p2   |     |        | add_ln83_2800  | add    | fabric    | 0       |
|    add_ln83_2801_fu_62527_p2   |     |        | add_ln83_2801  | add    | fabric    | 0       |
|    add_ln83_2806_fu_62543_p2   |     |        | add_ln83_2806  | add    | fabric    | 0       |
|    add_ln83_2811_fu_62559_p2   |     |        | add_ln83_2811  | add    | fabric    | 0       |
|    add_ln83_2812_fu_62569_p2   |     |        | add_ln83_2812  | add    | fabric    | 0       |
|    add_ln83_2813_fu_62579_p2   |     |        | add_ln83_2813  | add    | fabric    | 0       |
|    add_ln83_2818_fu_62591_p2   |     |        | add_ln83_2818  | add    | fabric    | 0       |
|    add_ln83_2823_fu_62607_p2   |     |        | add_ln83_2823  | add    | fabric    | 0       |
|    add_ln83_2824_fu_62617_p2   |     |        | add_ln83_2824  | add    | fabric    | 0       |
|    add_ln83_2829_fu_62633_p2   |     |        | add_ln83_2829  | add    | fabric    | 0       |
|    add_ln83_2832_fu_50558_p2   |     |        | add_ln83_2832  | add    | fabric    | 0       |
|    add_ln83_2833_fu_50564_p2   |     |        | add_ln83_2833  | add    | fabric    | 0       |
|    add_ln83_2836_fu_62668_p2   |     |        | add_ln83_2836  | add    | fabric    | 0       |
|    add_ln83_2837_fu_62678_p2   |     |        | add_ln83_2837  | add    | fabric    | 0       |
|    add_ln83_2838_fu_64904_p2   |     |        | add_ln83_2838  | add    | fabric    | 0       |
|    add_ln83_2839_fu_64914_p2   |     |        | add_ln83_2839  | add    | fabric    | 0       |
|    add_ln83_2844_fu_62690_p2   |     |        | add_ln83_2844  | add    | fabric    | 0       |
|    add_ln83_2849_fu_62706_p2   |     |        | add_ln83_2849  | add    | fabric    | 0       |
|    add_ln83_2850_fu_62716_p2   |     |        | add_ln83_2850  | add    | fabric    | 0       |
|    add_ln83_2855_fu_62732_p2   |     |        | add_ln83_2855  | add    | fabric    | 0       |
|    add_ln83_2860_fu_62748_p2   |     |        | add_ln83_2860  | add    | fabric    | 0       |
|    add_ln83_2861_fu_62758_p2   |     |        | add_ln83_2861  | add    | fabric    | 0       |
|    add_ln83_2862_fu_62768_p2   |     |        | add_ln83_2862  | add    | fabric    | 0       |
|    add_ln83_2867_fu_62780_p2   |     |        | add_ln83_2867  | add    | fabric    | 0       |
|    add_ln83_2872_fu_62796_p2   |     |        | add_ln83_2872  | add    | fabric    | 0       |
|    add_ln83_2873_fu_62806_p2   |     |        | add_ln83_2873  | add    | fabric    | 0       |
|    add_ln83_2878_fu_62822_p2   |     |        | add_ln83_2878  | add    | fabric    | 0       |
|    add_ln83_2881_fu_50750_p2   |     |        | add_ln83_2881  | add    | fabric    | 0       |
|    add_ln83_2882_fu_50756_p2   |     |        | add_ln83_2882  | add    | fabric    | 0       |
|    add_ln83_2885_fu_62857_p2   |     |        | add_ln83_2885  | add    | fabric    | 0       |
|    add_ln83_2886_fu_62867_p2   |     |        | add_ln83_2886  | add    | fabric    | 0       |
|    add_ln83_2887_fu_64926_p2   |     |        | add_ln83_2887  | add    | fabric    | 0       |
|    add_ln83_2892_fu_62879_p2   |     |        | add_ln83_2892  | add    | fabric    | 0       |
|    add_ln83_2897_fu_62895_p2   |     |        | add_ln83_2897  | add    | fabric    | 0       |
|    add_ln83_2898_fu_62905_p2   |     |        | add_ln83_2898  | add    | fabric    | 0       |
|    add_ln83_2903_fu_62921_p2   |     |        | add_ln83_2903  | add    | fabric    | 0       |
|    add_ln83_2908_fu_62937_p2   |     |        | add_ln83_2908  | add    | fabric    | 0       |
|    add_ln83_2909_fu_62947_p2   |     |        | add_ln83_2909  | add    | fabric    | 0       |
|    add_ln83_2910_fu_62957_p2   |     |        | add_ln83_2910  | add    | fabric    | 0       |
|    add_ln83_2915_fu_62969_p2   |     |        | add_ln83_2915  | add    | fabric    | 0       |
|    add_ln83_2920_fu_62985_p2   |     |        | add_ln83_2920  | add    | fabric    | 0       |
|    add_ln83_2921_fu_62995_p2   |     |        | add_ln83_2921  | add    | fabric    | 0       |
|    add_ln83_2926_fu_63011_p2   |     |        | add_ln83_2926  | add    | fabric    | 0       |
|    add_ln83_2929_fu_50942_p2   |     |        | add_ln83_2929  | add    | fabric    | 0       |
|    add_ln83_2930_fu_50948_p2   |     |        | add_ln83_2930  | add    | fabric    | 0       |
|    add_ln83_2933_fu_63046_p2   |     |        | add_ln83_2933  | add    | fabric    | 0       |
|    add_ln83_2934_fu_63056_p2   |     |        | add_ln83_2934  | add    | fabric    | 0       |
|    add_ln83_2935_fu_64942_p2   |     |        | add_ln83_2935  | add    | fabric    | 0       |
|    add_ln83_2936_fu_64952_p2   |     |        | add_ln83_2936  | add    | fabric    | 0       |
|    add_ln83_2937_fu_65306_p2   |     |        | add_ln83_2937  | add    | fabric    | 0       |
|    add_ln83_2942_fu_63068_p2   |     |        | add_ln83_2942  | add    | fabric    | 0       |
|    add_ln83_2947_fu_63084_p2   |     |        | add_ln83_2947  | add    | fabric    | 0       |
|    add_ln83_2948_fu_63094_p2   |     |        | add_ln83_2948  | add    | fabric    | 0       |
|    add_ln83_2953_fu_63110_p2   |     |        | add_ln83_2953  | add    | fabric    | 0       |
|    add_ln83_2958_fu_63126_p2   |     |        | add_ln83_2958  | add    | fabric    | 0       |
|    add_ln83_2959_fu_63136_p2   |     |        | add_ln83_2959  | add    | fabric    | 0       |
|    add_ln83_2960_fu_63146_p2   |     |        | add_ln83_2960  | add    | fabric    | 0       |
|    add_ln83_2965_fu_63158_p2   |     |        | add_ln83_2965  | add    | fabric    | 0       |
|    add_ln83_2970_fu_63174_p2   |     |        | add_ln83_2970  | add    | fabric    | 0       |
|    add_ln83_2971_fu_63184_p2   |     |        | add_ln83_2971  | add    | fabric    | 0       |
|    add_ln83_2976_fu_63200_p2   |     |        | add_ln83_2976  | add    | fabric    | 0       |
|    add_ln83_2979_fu_51134_p2   |     |        | add_ln83_2979  | add    | fabric    | 0       |
|    add_ln83_2980_fu_51140_p2   |     |        | add_ln83_2980  | add    | fabric    | 0       |
|    add_ln83_2983_fu_63235_p2   |     |        | add_ln83_2983  | add    | fabric    | 0       |
|    add_ln83_2984_fu_63245_p2   |     |        | add_ln83_2984  | add    | fabric    | 0       |
|    add_ln83_2985_fu_64964_p2   |     |        | add_ln83_2985  | add    | fabric    | 0       |
|    add_ln83_2990_fu_63257_p2   |     |        | add_ln83_2990  | add    | fabric    | 0       |
|    add_ln83_2995_fu_63273_p2   |     |        | add_ln83_2995  | add    | fabric    | 0       |
|    add_ln83_2996_fu_63283_p2   |     |        | add_ln83_2996  | add    | fabric    | 0       |
|    add_ln83_3001_fu_63299_p2   |     |        | add_ln83_3001  | add    | fabric    | 0       |
|    add_ln83_3006_fu_63315_p2   |     |        | add_ln83_3006  | add    | fabric    | 0       |
|    add_ln83_3007_fu_63325_p2   |     |        | add_ln83_3007  | add    | fabric    | 0       |
|    add_ln83_3008_fu_63335_p2   |     |        | add_ln83_3008  | add    | fabric    | 0       |
|    add_ln83_3013_fu_63347_p2   |     |        | add_ln83_3013  | add    | fabric    | 0       |
|    add_ln83_3018_fu_63363_p2   |     |        | add_ln83_3018  | add    | fabric    | 0       |
|    add_ln83_3019_fu_63373_p2   |     |        | add_ln83_3019  | add    | fabric    | 0       |
|    add_ln83_3024_fu_63389_p2   |     |        | add_ln83_3024  | add    | fabric    | 0       |
|    add_ln83_3027_fu_51326_p2   |     |        | add_ln83_3027  | add    | fabric    | 0       |
|    add_ln83_3028_fu_51332_p2   |     |        | add_ln83_3028  | add    | fabric    | 0       |
|    add_ln83_3031_fu_63424_p2   |     |        | add_ln83_3031  | add    | fabric    | 0       |
|    add_ln83_3032_fu_63434_p2   |     |        | add_ln83_3032  | add    | fabric    | 0       |
|    add_ln83_3033_fu_64980_p2   |     |        | add_ln83_3033  | add    | fabric    | 0       |
|    add_ln83_3034_fu_64990_p2   |     |        | add_ln83_3034  | add    | fabric    | 0       |
|    add_ln83_3039_fu_63446_p2   |     |        | add_ln83_3039  | add    | fabric    | 0       |
|    add_ln83_3044_fu_63462_p2   |     |        | add_ln83_3044  | add    | fabric    | 0       |
|    add_ln83_3045_fu_63472_p2   |     |        | add_ln83_3045  | add    | fabric    | 0       |
|    add_ln83_3050_fu_63488_p2   |     |        | add_ln83_3050  | add    | fabric    | 0       |
|    add_ln83_3055_fu_63504_p2   |     |        | add_ln83_3055  | add    | fabric    | 0       |
|    add_ln83_3056_fu_63514_p2   |     |        | add_ln83_3056  | add    | fabric    | 0       |
|    add_ln83_3057_fu_63524_p2   |     |        | add_ln83_3057  | add    | fabric    | 0       |
|    add_ln83_3062_fu_63536_p2   |     |        | add_ln83_3062  | add    | fabric    | 0       |
|    add_ln83_3067_fu_63552_p2   |     |        | add_ln83_3067  | add    | fabric    | 0       |
|    add_ln83_3068_fu_63562_p2   |     |        | add_ln83_3068  | add    | fabric    | 0       |
|    add_ln83_3073_fu_63578_p2   |     |        | add_ln83_3073  | add    | fabric    | 0       |
|    add_ln83_3076_fu_51518_p2   |     |        | add_ln83_3076  | add    | fabric    | 0       |
|    add_ln83_3077_fu_51524_p2   |     |        | add_ln83_3077  | add    | fabric    | 0       |
|    add_ln83_3080_fu_63613_p2   |     |        | add_ln83_3080  | add    | fabric    | 0       |
|    add_ln83_3081_fu_63623_p2   |     |        | add_ln83_3081  | add    | fabric    | 0       |
|    add_ln83_3082_fu_65002_p2   |     |        | add_ln83_3082  | add    | fabric    | 0       |
|    add_ln83_3087_fu_63635_p2   |     |        | add_ln83_3087  | add    | fabric    | 0       |
|    add_ln83_3092_fu_63651_p2   |     |        | add_ln83_3092  | add    | fabric    | 0       |
|    add_ln83_3093_fu_63661_p2   |     |        | add_ln83_3093  | add    | fabric    | 0       |
|    add_ln83_3098_fu_63677_p2   |     |        | add_ln83_3098  | add    | fabric    | 0       |
|    add_ln83_3103_fu_63693_p2   |     |        | add_ln83_3103  | add    | fabric    | 0       |
|    add_ln83_3104_fu_63703_p2   |     |        | add_ln83_3104  | add    | fabric    | 0       |
|    add_ln83_3105_fu_63713_p2   |     |        | add_ln83_3105  | add    | fabric    | 0       |
|    add_ln83_3110_fu_63725_p2   |     |        | add_ln83_3110  | add    | fabric    | 0       |
|    add_ln83_3115_fu_63741_p2   |     |        | add_ln83_3115  | add    | fabric    | 0       |
|    add_ln83_3116_fu_63751_p2   |     |        | add_ln83_3116  | add    | fabric    | 0       |
|    add_ln83_3121_fu_63767_p2   |     |        | add_ln83_3121  | add    | fabric    | 0       |
|    add_ln83_3124_fu_51710_p2   |     |        | add_ln83_3124  | add    | fabric    | 0       |
|    add_ln83_3125_fu_51716_p2   |     |        | add_ln83_3125  | add    | fabric    | 0       |
|    add_ln83_3128_fu_63802_p2   |     |        | add_ln83_3128  | add    | fabric    | 0       |
|    add_ln83_3129_fu_63812_p2   |     |        | add_ln83_3129  | add    | fabric    | 0       |
|    add_ln83_3130_fu_65018_p2   |     |        | add_ln83_3130  | add    | fabric    | 0       |
|    add_ln83_3131_fu_65028_p2   |     |        | add_ln83_3131  | add    | fabric    | 0       |
|    add_ln83_3132_fu_65322_p2   |     |        | add_ln83_3132  | add    | fabric    | 0       |
|    add_ln83_3133_fu_65332_p2   |     |        | add_ln83_3133  | add    | fabric    | 0       |
|    add_ln83_3134_fu_65380_p2   |     |        | add_ln83_3134  | add    | fabric    | 0       |
|    add_ln83_3135_fu_65453_p2   |     |        | add_ln83_3135  | add    | fabric    | 0       |
|    add_ln70_fu_1778_p2         |     |        | add_ln70       | add    | fabric    | 0       |
|  + bnn_top_Pipeline_L2_NEURON  | 0   |        |                |        |           |         |
|    xor_ln104_fu_733_p2         |     |        | xor_ln104      | xor    | auto      | 0       |
|    xnor_result_fu_738_p2       |     |        | xnor_result    | xor    | auto      | 0       |
|    add_ln111_fu_3812_p2        |     |        | add_ln111      | add    | fabric    | 0       |
|    add_ln111_1_fu_3818_p2      |     |        | add_ln111_1    | add    | fabric    | 0       |
|    add_ln111_2_fu_16112_p2     |     |        | add_ln111_2    | add    | fabric    | 0       |
|    add_ln111_3_fu_3824_p2      |     |        | add_ln111_3    | add    | fabric    | 0       |
|    add_ln111_4_fu_3830_p2      |     |        | add_ln111_4    | add    | fabric    | 0       |
|    add_ln111_5_fu_16128_p2     |     |        | add_ln111_5    | add    | fabric    | 0       |
|    add_ln111_6_fu_16138_p2     |     |        | add_ln111_6    | add    | fabric    | 0       |
|    add_ln111_7_fu_3836_p2      |     |        | add_ln111_7    | add    | fabric    | 0       |
|    add_ln111_8_fu_3842_p2      |     |        | add_ln111_8    | add    | fabric    | 0       |
|    add_ln111_9_fu_16154_p2     |     |        | add_ln111_9    | add    | fabric    | 0       |
|    add_ln111_10_fu_3848_p2     |     |        | add_ln111_10   | add    | fabric    | 0       |
|    add_ln111_11_fu_3854_p2     |     |        | add_ln111_11   | add    | fabric    | 0       |
|    add_ln111_12_fu_16170_p2    |     |        | add_ln111_12   | add    | fabric    | 0       |
|    add_ln111_13_fu_16180_p2    |     |        | add_ln111_13   | add    | fabric    | 0       |
|    add_ln111_14_fu_16190_p2    |     |        | add_ln111_14   | add    | fabric    | 0       |
|    add_ln111_15_fu_3860_p2     |     |        | add_ln111_15   | add    | fabric    | 0       |
|    add_ln111_16_fu_3866_p2     |     |        | add_ln111_16   | add    | fabric    | 0       |
|    add_ln111_17_fu_16202_p2    |     |        | add_ln111_17   | add    | fabric    | 0       |
|    add_ln111_18_fu_3872_p2     |     |        | add_ln111_18   | add    | fabric    | 0       |
|    add_ln111_19_fu_3878_p2     |     |        | add_ln111_19   | add    | fabric    | 0       |
|    add_ln111_20_fu_16218_p2    |     |        | add_ln111_20   | add    | fabric    | 0       |
|    add_ln111_21_fu_16228_p2    |     |        | add_ln111_21   | add    | fabric    | 0       |
|    add_ln111_22_fu_3884_p2     |     |        | add_ln111_22   | add    | fabric    | 0       |
|    add_ln111_23_fu_3890_p2     |     |        | add_ln111_23   | add    | fabric    | 0       |
|    add_ln111_24_fu_16244_p2    |     |        | add_ln111_24   | add    | fabric    | 0       |
|    add_ln111_25_fu_3896_p2     |     |        | add_ln111_25   | add    | fabric    | 0       |
|    add_ln111_26_fu_3902_p2     |     |        | add_ln111_26   | add    | fabric    | 0       |
|    add_ln111_27_fu_16260_p2    |     |        | add_ln111_27   | add    | fabric    | 0       |
|    add_ln111_28_fu_16270_p2    |     |        | add_ln111_28   | add    | fabric    | 0       |
|    add_ln111_29_fu_16280_p2    |     |        | add_ln111_29   | add    | fabric    | 0       |
|    add_ln111_30_fu_21872_p2    |     |        | add_ln111_30   | add    | fabric    | 0       |
|    add_ln111_31_fu_3908_p2     |     |        | add_ln111_31   | add    | fabric    | 0       |
|    add_ln111_32_fu_3914_p2     |     |        | add_ln111_32   | add    | fabric    | 0       |
|    add_ln111_33_fu_16292_p2    |     |        | add_ln111_33   | add    | fabric    | 0       |
|    add_ln111_34_fu_3920_p2     |     |        | add_ln111_34   | add    | fabric    | 0       |
|    add_ln111_35_fu_3926_p2     |     |        | add_ln111_35   | add    | fabric    | 0       |
|    add_ln111_36_fu_16308_p2    |     |        | add_ln111_36   | add    | fabric    | 0       |
|    add_ln111_37_fu_16318_p2    |     |        | add_ln111_37   | add    | fabric    | 0       |
|    add_ln111_38_fu_3932_p2     |     |        | add_ln111_38   | add    | fabric    | 0       |
|    add_ln111_39_fu_3938_p2     |     |        | add_ln111_39   | add    | fabric    | 0       |
|    add_ln111_40_fu_16334_p2    |     |        | add_ln111_40   | add    | fabric    | 0       |
|    add_ln111_41_fu_3944_p2     |     |        | add_ln111_41   | add    | fabric    | 0       |
|    add_ln111_42_fu_3950_p2     |     |        | add_ln111_42   | add    | fabric    | 0       |
|    add_ln111_43_fu_16350_p2    |     |        | add_ln111_43   | add    | fabric    | 0       |
|    add_ln111_44_fu_16360_p2    |     |        | add_ln111_44   | add    | fabric    | 0       |
|    add_ln111_45_fu_16370_p2    |     |        | add_ln111_45   | add    | fabric    | 0       |
|    add_ln111_46_fu_3956_p2     |     |        | add_ln111_46   | add    | fabric    | 0       |
|    add_ln111_47_fu_3962_p2     |     |        | add_ln111_47   | add    | fabric    | 0       |
|    add_ln111_48_fu_16382_p2    |     |        | add_ln111_48   | add    | fabric    | 0       |
|    add_ln111_49_fu_3968_p2     |     |        | add_ln111_49   | add    | fabric    | 0       |
|    add_ln111_50_fu_3974_p2     |     |        | add_ln111_50   | add    | fabric    | 0       |
|    add_ln111_51_fu_16398_p2    |     |        | add_ln111_51   | add    | fabric    | 0       |
|    add_ln111_52_fu_16408_p2    |     |        | add_ln111_52   | add    | fabric    | 0       |
|    add_ln111_53_fu_3980_p2     |     |        | add_ln111_53   | add    | fabric    | 0       |
|    add_ln111_54_fu_3986_p2     |     |        | add_ln111_54   | add    | fabric    | 0       |
|    add_ln111_55_fu_16424_p2    |     |        | add_ln111_55   | add    | fabric    | 0       |
|    add_ln111_56_fu_3992_p2     |     |        | add_ln111_56   | add    | fabric    | 0       |
|    add_ln111_57_fu_3998_p2     |     |        | add_ln111_57   | add    | fabric    | 0       |
|    add_ln111_58_fu_16440_p2    |     |        | add_ln111_58   | add    | fabric    | 0       |
|    add_ln111_59_fu_16450_p2    |     |        | add_ln111_59   | add    | fabric    | 0       |
|    add_ln111_60_fu_16460_p2    |     |        | add_ln111_60   | add    | fabric    | 0       |
|    add_ln111_61_fu_21888_p2    |     |        | add_ln111_61   | add    | fabric    | 0       |
|    add_ln111_62_fu_21898_p2    |     |        | add_ln111_62   | add    | fabric    | 0       |
|    add_ln111_63_fu_4004_p2     |     |        | add_ln111_63   | add    | fabric    | 0       |
|    add_ln111_64_fu_4010_p2     |     |        | add_ln111_64   | add    | fabric    | 0       |
|    add_ln111_65_fu_16472_p2    |     |        | add_ln111_65   | add    | fabric    | 0       |
|    add_ln111_66_fu_4016_p2     |     |        | add_ln111_66   | add    | fabric    | 0       |
|    add_ln111_67_fu_4022_p2     |     |        | add_ln111_67   | add    | fabric    | 0       |
|    add_ln111_68_fu_16488_p2    |     |        | add_ln111_68   | add    | fabric    | 0       |
|    add_ln111_69_fu_16498_p2    |     |        | add_ln111_69   | add    | fabric    | 0       |
|    add_ln111_70_fu_4028_p2     |     |        | add_ln111_70   | add    | fabric    | 0       |
|    add_ln111_71_fu_4034_p2     |     |        | add_ln111_71   | add    | fabric    | 0       |
|    add_ln111_72_fu_16514_p2    |     |        | add_ln111_72   | add    | fabric    | 0       |
|    add_ln111_73_fu_4040_p2     |     |        | add_ln111_73   | add    | fabric    | 0       |
|    add_ln111_74_fu_4046_p2     |     |        | add_ln111_74   | add    | fabric    | 0       |
|    add_ln111_75_fu_16530_p2    |     |        | add_ln111_75   | add    | fabric    | 0       |
|    add_ln111_76_fu_16540_p2    |     |        | add_ln111_76   | add    | fabric    | 0       |
|    add_ln111_77_fu_16550_p2    |     |        | add_ln111_77   | add    | fabric    | 0       |
|    add_ln111_78_fu_4052_p2     |     |        | add_ln111_78   | add    | fabric    | 0       |
|    add_ln111_79_fu_4058_p2     |     |        | add_ln111_79   | add    | fabric    | 0       |
|    add_ln111_80_fu_16562_p2    |     |        | add_ln111_80   | add    | fabric    | 0       |
|    add_ln111_81_fu_4064_p2     |     |        | add_ln111_81   | add    | fabric    | 0       |
|    add_ln111_82_fu_4070_p2     |     |        | add_ln111_82   | add    | fabric    | 0       |
|    add_ln111_83_fu_16578_p2    |     |        | add_ln111_83   | add    | fabric    | 0       |
|    add_ln111_84_fu_16588_p2    |     |        | add_ln111_84   | add    | fabric    | 0       |
|    add_ln111_85_fu_4076_p2     |     |        | add_ln111_85   | add    | fabric    | 0       |
|    add_ln111_86_fu_4082_p2     |     |        | add_ln111_86   | add    | fabric    | 0       |
|    add_ln111_87_fu_16604_p2    |     |        | add_ln111_87   | add    | fabric    | 0       |
|    add_ln111_88_fu_4088_p2     |     |        | add_ln111_88   | add    | fabric    | 0       |
|    add_ln111_89_fu_4094_p2     |     |        | add_ln111_89   | add    | fabric    | 0       |
|    add_ln111_90_fu_16620_p2    |     |        | add_ln111_90   | add    | fabric    | 0       |
|    add_ln111_91_fu_16630_p2    |     |        | add_ln111_91   | add    | fabric    | 0       |
|    add_ln111_92_fu_16640_p2    |     |        | add_ln111_92   | add    | fabric    | 0       |
|    add_ln111_93_fu_21910_p2    |     |        | add_ln111_93   | add    | fabric    | 0       |
|    add_ln111_94_fu_4100_p2     |     |        | add_ln111_94   | add    | fabric    | 0       |
|    add_ln111_95_fu_4106_p2     |     |        | add_ln111_95   | add    | fabric    | 0       |
|    add_ln111_96_fu_16652_p2    |     |        | add_ln111_96   | add    | fabric    | 0       |
|    add_ln111_97_fu_4112_p2     |     |        | add_ln111_97   | add    | fabric    | 0       |
|    add_ln111_98_fu_4118_p2     |     |        | add_ln111_98   | add    | fabric    | 0       |
|    add_ln111_99_fu_16668_p2    |     |        | add_ln111_99   | add    | fabric    | 0       |
|    add_ln111_100_fu_16678_p2   |     |        | add_ln111_100  | add    | fabric    | 0       |
|    add_ln111_101_fu_4124_p2    |     |        | add_ln111_101  | add    | fabric    | 0       |
|    add_ln111_102_fu_4130_p2    |     |        | add_ln111_102  | add    | fabric    | 0       |
|    add_ln111_103_fu_16694_p2   |     |        | add_ln111_103  | add    | fabric    | 0       |
|    add_ln111_104_fu_4136_p2    |     |        | add_ln111_104  | add    | fabric    | 0       |
|    add_ln111_105_fu_4142_p2    |     |        | add_ln111_105  | add    | fabric    | 0       |
|    add_ln111_106_fu_16710_p2   |     |        | add_ln111_106  | add    | fabric    | 0       |
|    add_ln111_107_fu_16720_p2   |     |        | add_ln111_107  | add    | fabric    | 0       |
|    add_ln111_108_fu_16730_p2   |     |        | add_ln111_108  | add    | fabric    | 0       |
|    add_ln111_109_fu_4148_p2    |     |        | add_ln111_109  | add    | fabric    | 0       |
|    add_ln111_110_fu_4154_p2    |     |        | add_ln111_110  | add    | fabric    | 0       |
|    add_ln111_111_fu_16742_p2   |     |        | add_ln111_111  | add    | fabric    | 0       |
|    add_ln111_112_fu_4160_p2    |     |        | add_ln111_112  | add    | fabric    | 0       |
|    add_ln111_113_fu_4166_p2    |     |        | add_ln111_113  | add    | fabric    | 0       |
|    add_ln111_114_fu_16758_p2   |     |        | add_ln111_114  | add    | fabric    | 0       |
|    add_ln111_115_fu_16768_p2   |     |        | add_ln111_115  | add    | fabric    | 0       |
|    add_ln111_116_fu_4172_p2    |     |        | add_ln111_116  | add    | fabric    | 0       |
|    add_ln111_117_fu_4178_p2    |     |        | add_ln111_117  | add    | fabric    | 0       |
|    add_ln111_118_fu_16784_p2   |     |        | add_ln111_118  | add    | fabric    | 0       |
|    add_ln111_119_fu_4184_p2    |     |        | add_ln111_119  | add    | fabric    | 0       |
|    add_ln111_120_fu_4190_p2    |     |        | add_ln111_120  | add    | fabric    | 0       |
|    add_ln111_121_fu_16800_p2   |     |        | add_ln111_121  | add    | fabric    | 0       |
|    add_ln111_122_fu_16810_p2   |     |        | add_ln111_122  | add    | fabric    | 0       |
|    add_ln111_123_fu_16820_p2   |     |        | add_ln111_123  | add    | fabric    | 0       |
|    add_ln111_124_fu_21926_p2   |     |        | add_ln111_124  | add    | fabric    | 0       |
|    add_ln111_125_fu_21936_p2   |     |        | add_ln111_125  | add    | fabric    | 0       |
|    add_ln111_126_fu_22480_p2   |     |        | add_ln111_126  | add    | fabric    | 0       |
|    add_ln111_127_fu_4196_p2    |     |        | add_ln111_127  | add    | fabric    | 0       |
|    add_ln111_128_fu_4202_p2    |     |        | add_ln111_128  | add    | fabric    | 0       |
|    add_ln111_129_fu_16832_p2   |     |        | add_ln111_129  | add    | fabric    | 0       |
|    add_ln111_130_fu_4208_p2    |     |        | add_ln111_130  | add    | fabric    | 0       |
|    add_ln111_131_fu_4214_p2    |     |        | add_ln111_131  | add    | fabric    | 0       |
|    add_ln111_132_fu_16848_p2   |     |        | add_ln111_132  | add    | fabric    | 0       |
|    add_ln111_133_fu_16858_p2   |     |        | add_ln111_133  | add    | fabric    | 0       |
|    add_ln111_134_fu_4220_p2    |     |        | add_ln111_134  | add    | fabric    | 0       |
|    add_ln111_135_fu_4226_p2    |     |        | add_ln111_135  | add    | fabric    | 0       |
|    add_ln111_136_fu_16874_p2   |     |        | add_ln111_136  | add    | fabric    | 0       |
|    add_ln111_137_fu_4232_p2    |     |        | add_ln111_137  | add    | fabric    | 0       |
|    add_ln111_138_fu_4238_p2    |     |        | add_ln111_138  | add    | fabric    | 0       |
|    add_ln111_139_fu_16890_p2   |     |        | add_ln111_139  | add    | fabric    | 0       |
|    add_ln111_140_fu_16900_p2   |     |        | add_ln111_140  | add    | fabric    | 0       |
|    add_ln111_141_fu_16910_p2   |     |        | add_ln111_141  | add    | fabric    | 0       |
|    add_ln111_142_fu_4244_p2    |     |        | add_ln111_142  | add    | fabric    | 0       |
|    add_ln111_143_fu_4250_p2    |     |        | add_ln111_143  | add    | fabric    | 0       |
|    add_ln111_144_fu_16922_p2   |     |        | add_ln111_144  | add    | fabric    | 0       |
|    add_ln111_145_fu_4256_p2    |     |        | add_ln111_145  | add    | fabric    | 0       |
|    add_ln111_146_fu_4262_p2    |     |        | add_ln111_146  | add    | fabric    | 0       |
|    add_ln111_147_fu_16938_p2   |     |        | add_ln111_147  | add    | fabric    | 0       |
|    add_ln111_148_fu_16948_p2   |     |        | add_ln111_148  | add    | fabric    | 0       |
|    add_ln111_149_fu_4268_p2    |     |        | add_ln111_149  | add    | fabric    | 0       |
|    add_ln111_150_fu_4274_p2    |     |        | add_ln111_150  | add    | fabric    | 0       |
|    add_ln111_151_fu_16964_p2   |     |        | add_ln111_151  | add    | fabric    | 0       |
|    add_ln111_152_fu_4280_p2    |     |        | add_ln111_152  | add    | fabric    | 0       |
|    add_ln111_153_fu_4286_p2    |     |        | add_ln111_153  | add    | fabric    | 0       |
|    add_ln111_154_fu_16980_p2   |     |        | add_ln111_154  | add    | fabric    | 0       |
|    add_ln111_155_fu_16990_p2   |     |        | add_ln111_155  | add    | fabric    | 0       |
|    add_ln111_156_fu_17000_p2   |     |        | add_ln111_156  | add    | fabric    | 0       |
|    add_ln111_157_fu_21948_p2   |     |        | add_ln111_157  | add    | fabric    | 0       |
|    add_ln111_158_fu_4292_p2    |     |        | add_ln111_158  | add    | fabric    | 0       |
|    add_ln111_159_fu_4298_p2    |     |        | add_ln111_159  | add    | fabric    | 0       |
|    add_ln111_160_fu_17012_p2   |     |        | add_ln111_160  | add    | fabric    | 0       |
|    add_ln111_161_fu_4304_p2    |     |        | add_ln111_161  | add    | fabric    | 0       |
|    add_ln111_162_fu_4310_p2    |     |        | add_ln111_162  | add    | fabric    | 0       |
|    add_ln111_163_fu_17028_p2   |     |        | add_ln111_163  | add    | fabric    | 0       |
|    add_ln111_164_fu_17038_p2   |     |        | add_ln111_164  | add    | fabric    | 0       |
|    add_ln111_165_fu_4316_p2    |     |        | add_ln111_165  | add    | fabric    | 0       |
|    add_ln111_166_fu_4322_p2    |     |        | add_ln111_166  | add    | fabric    | 0       |
|    add_ln111_167_fu_17054_p2   |     |        | add_ln111_167  | add    | fabric    | 0       |
|    add_ln111_168_fu_4328_p2    |     |        | add_ln111_168  | add    | fabric    | 0       |
|    add_ln111_169_fu_4334_p2    |     |        | add_ln111_169  | add    | fabric    | 0       |
|    add_ln111_170_fu_17070_p2   |     |        | add_ln111_170  | add    | fabric    | 0       |
|    add_ln111_171_fu_17080_p2   |     |        | add_ln111_171  | add    | fabric    | 0       |
|    add_ln111_172_fu_17090_p2   |     |        | add_ln111_172  | add    | fabric    | 0       |
|    add_ln111_173_fu_4340_p2    |     |        | add_ln111_173  | add    | fabric    | 0       |
|    add_ln111_174_fu_4346_p2    |     |        | add_ln111_174  | add    | fabric    | 0       |
|    add_ln111_175_fu_17102_p2   |     |        | add_ln111_175  | add    | fabric    | 0       |
|    add_ln111_176_fu_4352_p2    |     |        | add_ln111_176  | add    | fabric    | 0       |
|    add_ln111_177_fu_4358_p2    |     |        | add_ln111_177  | add    | fabric    | 0       |
|    add_ln111_178_fu_17118_p2   |     |        | add_ln111_178  | add    | fabric    | 0       |
|    add_ln111_179_fu_17128_p2   |     |        | add_ln111_179  | add    | fabric    | 0       |
|    add_ln111_180_fu_4364_p2    |     |        | add_ln111_180  | add    | fabric    | 0       |
|    add_ln111_181_fu_4370_p2    |     |        | add_ln111_181  | add    | fabric    | 0       |
|    add_ln111_182_fu_17144_p2   |     |        | add_ln111_182  | add    | fabric    | 0       |
|    add_ln111_183_fu_4376_p2    |     |        | add_ln111_183  | add    | fabric    | 0       |
|    add_ln111_184_fu_4382_p2    |     |        | add_ln111_184  | add    | fabric    | 0       |
|    add_ln111_185_fu_17160_p2   |     |        | add_ln111_185  | add    | fabric    | 0       |
|    add_ln111_186_fu_17170_p2   |     |        | add_ln111_186  | add    | fabric    | 0       |
|    add_ln111_187_fu_17180_p2   |     |        | add_ln111_187  | add    | fabric    | 0       |
|    add_ln111_188_fu_21964_p2   |     |        | add_ln111_188  | add    | fabric    | 0       |
|    add_ln111_189_fu_21974_p2   |     |        | add_ln111_189  | add    | fabric    | 0       |
|    add_ln111_190_fu_4388_p2    |     |        | add_ln111_190  | add    | fabric    | 0       |
|    add_ln111_191_fu_4394_p2    |     |        | add_ln111_191  | add    | fabric    | 0       |
|    add_ln111_192_fu_17192_p2   |     |        | add_ln111_192  | add    | fabric    | 0       |
|    add_ln111_193_fu_4400_p2    |     |        | add_ln111_193  | add    | fabric    | 0       |
|    add_ln111_194_fu_4406_p2    |     |        | add_ln111_194  | add    | fabric    | 0       |
|    add_ln111_195_fu_17208_p2   |     |        | add_ln111_195  | add    | fabric    | 0       |
|    add_ln111_196_fu_17218_p2   |     |        | add_ln111_196  | add    | fabric    | 0       |
|    add_ln111_197_fu_4412_p2    |     |        | add_ln111_197  | add    | fabric    | 0       |
|    add_ln111_198_fu_4418_p2    |     |        | add_ln111_198  | add    | fabric    | 0       |
|    add_ln111_199_fu_17234_p2   |     |        | add_ln111_199  | add    | fabric    | 0       |
|    add_ln111_200_fu_4424_p2    |     |        | add_ln111_200  | add    | fabric    | 0       |
|    add_ln111_201_fu_4430_p2    |     |        | add_ln111_201  | add    | fabric    | 0       |
|    add_ln111_202_fu_17250_p2   |     |        | add_ln111_202  | add    | fabric    | 0       |
|    add_ln111_203_fu_17260_p2   |     |        | add_ln111_203  | add    | fabric    | 0       |
|    add_ln111_204_fu_17270_p2   |     |        | add_ln111_204  | add    | fabric    | 0       |
|    add_ln111_205_fu_4436_p2    |     |        | add_ln111_205  | add    | fabric    | 0       |
|    add_ln111_206_fu_4442_p2    |     |        | add_ln111_206  | add    | fabric    | 0       |
|    add_ln111_207_fu_17282_p2   |     |        | add_ln111_207  | add    | fabric    | 0       |
|    add_ln111_208_fu_4448_p2    |     |        | add_ln111_208  | add    | fabric    | 0       |
|    add_ln111_209_fu_4454_p2    |     |        | add_ln111_209  | add    | fabric    | 0       |
|    add_ln111_210_fu_17298_p2   |     |        | add_ln111_210  | add    | fabric    | 0       |
|    add_ln111_211_fu_17308_p2   |     |        | add_ln111_211  | add    | fabric    | 0       |
|    add_ln111_212_fu_4460_p2    |     |        | add_ln111_212  | add    | fabric    | 0       |
|    add_ln111_213_fu_4466_p2    |     |        | add_ln111_213  | add    | fabric    | 0       |
|    add_ln111_214_fu_17324_p2   |     |        | add_ln111_214  | add    | fabric    | 0       |
|    add_ln111_215_fu_4472_p2    |     |        | add_ln111_215  | add    | fabric    | 0       |
|    add_ln111_216_fu_4478_p2    |     |        | add_ln111_216  | add    | fabric    | 0       |
|    add_ln111_217_fu_17340_p2   |     |        | add_ln111_217  | add    | fabric    | 0       |
|    add_ln111_218_fu_17350_p2   |     |        | add_ln111_218  | add    | fabric    | 0       |
|    add_ln111_219_fu_17360_p2   |     |        | add_ln111_219  | add    | fabric    | 0       |
|    add_ln111_220_fu_21986_p2   |     |        | add_ln111_220  | add    | fabric    | 0       |
|    add_ln111_221_fu_4484_p2    |     |        | add_ln111_221  | add    | fabric    | 0       |
|    add_ln111_222_fu_4490_p2    |     |        | add_ln111_222  | add    | fabric    | 0       |
|    add_ln111_223_fu_17372_p2   |     |        | add_ln111_223  | add    | fabric    | 0       |
|    add_ln111_224_fu_4496_p2    |     |        | add_ln111_224  | add    | fabric    | 0       |
|    add_ln111_225_fu_4502_p2    |     |        | add_ln111_225  | add    | fabric    | 0       |
|    add_ln111_226_fu_17388_p2   |     |        | add_ln111_226  | add    | fabric    | 0       |
|    add_ln111_227_fu_17398_p2   |     |        | add_ln111_227  | add    | fabric    | 0       |
|    add_ln111_228_fu_4508_p2    |     |        | add_ln111_228  | add    | fabric    | 0       |
|    add_ln111_229_fu_4514_p2    |     |        | add_ln111_229  | add    | fabric    | 0       |
|    add_ln111_230_fu_17414_p2   |     |        | add_ln111_230  | add    | fabric    | 0       |
|    add_ln111_231_fu_4520_p2    |     |        | add_ln111_231  | add    | fabric    | 0       |
|    add_ln111_232_fu_4526_p2    |     |        | add_ln111_232  | add    | fabric    | 0       |
|    add_ln111_233_fu_17430_p2   |     |        | add_ln111_233  | add    | fabric    | 0       |
|    add_ln111_234_fu_17440_p2   |     |        | add_ln111_234  | add    | fabric    | 0       |
|    add_ln111_235_fu_17450_p2   |     |        | add_ln111_235  | add    | fabric    | 0       |
|    add_ln111_236_fu_4532_p2    |     |        | add_ln111_236  | add    | fabric    | 0       |
|    add_ln111_237_fu_4538_p2    |     |        | add_ln111_237  | add    | fabric    | 0       |
|    add_ln111_238_fu_17462_p2   |     |        | add_ln111_238  | add    | fabric    | 0       |
|    add_ln111_239_fu_4544_p2    |     |        | add_ln111_239  | add    | fabric    | 0       |
|    add_ln111_240_fu_4550_p2    |     |        | add_ln111_240  | add    | fabric    | 0       |
|    add_ln111_241_fu_17478_p2   |     |        | add_ln111_241  | add    | fabric    | 0       |
|    add_ln111_242_fu_17488_p2   |     |        | add_ln111_242  | add    | fabric    | 0       |
|    add_ln111_243_fu_4556_p2    |     |        | add_ln111_243  | add    | fabric    | 0       |
|    add_ln111_244_fu_4562_p2    |     |        | add_ln111_244  | add    | fabric    | 0       |
|    add_ln111_245_fu_17504_p2   |     |        | add_ln111_245  | add    | fabric    | 0       |
|    add_ln111_246_fu_4568_p2    |     |        | add_ln111_246  | add    | fabric    | 0       |
|    add_ln111_247_fu_4574_p2    |     |        | add_ln111_247  | add    | fabric    | 0       |
|    add_ln111_248_fu_17520_p2   |     |        | add_ln111_248  | add    | fabric    | 0       |
|    add_ln111_249_fu_17530_p2   |     |        | add_ln111_249  | add    | fabric    | 0       |
|    add_ln111_250_fu_17540_p2   |     |        | add_ln111_250  | add    | fabric    | 0       |
|    add_ln111_251_fu_22002_p2   |     |        | add_ln111_251  | add    | fabric    | 0       |
|    add_ln111_252_fu_22012_p2   |     |        | add_ln111_252  | add    | fabric    | 0       |
|    add_ln111_253_fu_22496_p2   |     |        | add_ln111_253  | add    | fabric    | 0       |
|    add_ln111_254_fu_22506_p2   |     |        | add_ln111_254  | add    | fabric    | 0       |
|    add_ln111_255_fu_22638_p2   |     |        | add_ln111_255  | add    | fabric    | 0       |
|    xnor_result_1_fu_4580_p2    |     |        | xnor_result_1  | xor    | auto      | 0       |
|    add_ln111_256_fu_7654_p2    |     |        | add_ln111_256  | add    | fabric    | 0       |
|    add_ln111_257_fu_7660_p2    |     |        | add_ln111_257  | add    | fabric    | 0       |
|    add_ln111_258_fu_17552_p2   |     |        | add_ln111_258  | add    | fabric    | 0       |
|    add_ln111_259_fu_7666_p2    |     |        | add_ln111_259  | add    | fabric    | 0       |
|    add_ln111_260_fu_7672_p2    |     |        | add_ln111_260  | add    | fabric    | 0       |
|    add_ln111_261_fu_17568_p2   |     |        | add_ln111_261  | add    | fabric    | 0       |
|    add_ln111_262_fu_17578_p2   |     |        | add_ln111_262  | add    | fabric    | 0       |
|    add_ln111_263_fu_7678_p2    |     |        | add_ln111_263  | add    | fabric    | 0       |
|    add_ln111_264_fu_7684_p2    |     |        | add_ln111_264  | add    | fabric    | 0       |
|    add_ln111_265_fu_17594_p2   |     |        | add_ln111_265  | add    | fabric    | 0       |
|    add_ln111_266_fu_7690_p2    |     |        | add_ln111_266  | add    | fabric    | 0       |
|    add_ln111_267_fu_7696_p2    |     |        | add_ln111_267  | add    | fabric    | 0       |
|    add_ln111_268_fu_17610_p2   |     |        | add_ln111_268  | add    | fabric    | 0       |
|    add_ln111_269_fu_17620_p2   |     |        | add_ln111_269  | add    | fabric    | 0       |
|    add_ln111_270_fu_17630_p2   |     |        | add_ln111_270  | add    | fabric    | 0       |
|    add_ln111_271_fu_7702_p2    |     |        | add_ln111_271  | add    | fabric    | 0       |
|    add_ln111_272_fu_7708_p2    |     |        | add_ln111_272  | add    | fabric    | 0       |
|    add_ln111_273_fu_17642_p2   |     |        | add_ln111_273  | add    | fabric    | 0       |
|    add_ln111_274_fu_7714_p2    |     |        | add_ln111_274  | add    | fabric    | 0       |
|    add_ln111_275_fu_7720_p2    |     |        | add_ln111_275  | add    | fabric    | 0       |
|    add_ln111_276_fu_17658_p2   |     |        | add_ln111_276  | add    | fabric    | 0       |
|    add_ln111_277_fu_17668_p2   |     |        | add_ln111_277  | add    | fabric    | 0       |
|    add_ln111_278_fu_7726_p2    |     |        | add_ln111_278  | add    | fabric    | 0       |
|    add_ln111_279_fu_7732_p2    |     |        | add_ln111_279  | add    | fabric    | 0       |
|    add_ln111_280_fu_17684_p2   |     |        | add_ln111_280  | add    | fabric    | 0       |
|    add_ln111_281_fu_7738_p2    |     |        | add_ln111_281  | add    | fabric    | 0       |
|    add_ln111_282_fu_7744_p2    |     |        | add_ln111_282  | add    | fabric    | 0       |
|    add_ln111_283_fu_17700_p2   |     |        | add_ln111_283  | add    | fabric    | 0       |
|    add_ln111_284_fu_17710_p2   |     |        | add_ln111_284  | add    | fabric    | 0       |
|    add_ln111_285_fu_17720_p2   |     |        | add_ln111_285  | add    | fabric    | 0       |
|    add_ln111_286_fu_22024_p2   |     |        | add_ln111_286  | add    | fabric    | 0       |
|    add_ln111_287_fu_7750_p2    |     |        | add_ln111_287  | add    | fabric    | 0       |
|    add_ln111_288_fu_7756_p2    |     |        | add_ln111_288  | add    | fabric    | 0       |
|    add_ln111_289_fu_17732_p2   |     |        | add_ln111_289  | add    | fabric    | 0       |
|    add_ln111_290_fu_7762_p2    |     |        | add_ln111_290  | add    | fabric    | 0       |
|    add_ln111_291_fu_7768_p2    |     |        | add_ln111_291  | add    | fabric    | 0       |
|    add_ln111_292_fu_17748_p2   |     |        | add_ln111_292  | add    | fabric    | 0       |
|    add_ln111_293_fu_17758_p2   |     |        | add_ln111_293  | add    | fabric    | 0       |
|    add_ln111_294_fu_7774_p2    |     |        | add_ln111_294  | add    | fabric    | 0       |
|    add_ln111_295_fu_7780_p2    |     |        | add_ln111_295  | add    | fabric    | 0       |
|    add_ln111_296_fu_17774_p2   |     |        | add_ln111_296  | add    | fabric    | 0       |
|    add_ln111_297_fu_7786_p2    |     |        | add_ln111_297  | add    | fabric    | 0       |
|    add_ln111_298_fu_7792_p2    |     |        | add_ln111_298  | add    | fabric    | 0       |
|    add_ln111_299_fu_17790_p2   |     |        | add_ln111_299  | add    | fabric    | 0       |
|    add_ln111_300_fu_17800_p2   |     |        | add_ln111_300  | add    | fabric    | 0       |
|    add_ln111_301_fu_17810_p2   |     |        | add_ln111_301  | add    | fabric    | 0       |
|    add_ln111_302_fu_7798_p2    |     |        | add_ln111_302  | add    | fabric    | 0       |
|    add_ln111_303_fu_7804_p2    |     |        | add_ln111_303  | add    | fabric    | 0       |
|    add_ln111_304_fu_17822_p2   |     |        | add_ln111_304  | add    | fabric    | 0       |
|    add_ln111_305_fu_7810_p2    |     |        | add_ln111_305  | add    | fabric    | 0       |
|    add_ln111_306_fu_7816_p2    |     |        | add_ln111_306  | add    | fabric    | 0       |
|    add_ln111_307_fu_17838_p2   |     |        | add_ln111_307  | add    | fabric    | 0       |
|    add_ln111_308_fu_17848_p2   |     |        | add_ln111_308  | add    | fabric    | 0       |
|    add_ln111_309_fu_7822_p2    |     |        | add_ln111_309  | add    | fabric    | 0       |
|    add_ln111_310_fu_7828_p2    |     |        | add_ln111_310  | add    | fabric    | 0       |
|    add_ln111_311_fu_17864_p2   |     |        | add_ln111_311  | add    | fabric    | 0       |
|    add_ln111_312_fu_7834_p2    |     |        | add_ln111_312  | add    | fabric    | 0       |
|    add_ln111_313_fu_7840_p2    |     |        | add_ln111_313  | add    | fabric    | 0       |
|    add_ln111_314_fu_17880_p2   |     |        | add_ln111_314  | add    | fabric    | 0       |
|    add_ln111_315_fu_17890_p2   |     |        | add_ln111_315  | add    | fabric    | 0       |
|    add_ln111_316_fu_17900_p2   |     |        | add_ln111_316  | add    | fabric    | 0       |
|    add_ln111_317_fu_22040_p2   |     |        | add_ln111_317  | add    | fabric    | 0       |
|    add_ln111_318_fu_22050_p2   |     |        | add_ln111_318  | add    | fabric    | 0       |
|    add_ln111_319_fu_7846_p2    |     |        | add_ln111_319  | add    | fabric    | 0       |
|    add_ln111_320_fu_7852_p2    |     |        | add_ln111_320  | add    | fabric    | 0       |
|    add_ln111_321_fu_17912_p2   |     |        | add_ln111_321  | add    | fabric    | 0       |
|    add_ln111_322_fu_7858_p2    |     |        | add_ln111_322  | add    | fabric    | 0       |
|    add_ln111_323_fu_7864_p2    |     |        | add_ln111_323  | add    | fabric    | 0       |
|    add_ln111_324_fu_17928_p2   |     |        | add_ln111_324  | add    | fabric    | 0       |
|    add_ln111_325_fu_17938_p2   |     |        | add_ln111_325  | add    | fabric    | 0       |
|    add_ln111_326_fu_7870_p2    |     |        | add_ln111_326  | add    | fabric    | 0       |
|    add_ln111_327_fu_7876_p2    |     |        | add_ln111_327  | add    | fabric    | 0       |
|    add_ln111_328_fu_17954_p2   |     |        | add_ln111_328  | add    | fabric    | 0       |
|    add_ln111_329_fu_7882_p2    |     |        | add_ln111_329  | add    | fabric    | 0       |
|    add_ln111_330_fu_7888_p2    |     |        | add_ln111_330  | add    | fabric    | 0       |
|    add_ln111_331_fu_17970_p2   |     |        | add_ln111_331  | add    | fabric    | 0       |
|    add_ln111_332_fu_17980_p2   |     |        | add_ln111_332  | add    | fabric    | 0       |
|    add_ln111_333_fu_17990_p2   |     |        | add_ln111_333  | add    | fabric    | 0       |
|    add_ln111_334_fu_7894_p2    |     |        | add_ln111_334  | add    | fabric    | 0       |
|    add_ln111_335_fu_7900_p2    |     |        | add_ln111_335  | add    | fabric    | 0       |
|    add_ln111_336_fu_18002_p2   |     |        | add_ln111_336  | add    | fabric    | 0       |
|    add_ln111_337_fu_7906_p2    |     |        | add_ln111_337  | add    | fabric    | 0       |
|    add_ln111_338_fu_7912_p2    |     |        | add_ln111_338  | add    | fabric    | 0       |
|    add_ln111_339_fu_18018_p2   |     |        | add_ln111_339  | add    | fabric    | 0       |
|    add_ln111_340_fu_18028_p2   |     |        | add_ln111_340  | add    | fabric    | 0       |
|    add_ln111_341_fu_7918_p2    |     |        | add_ln111_341  | add    | fabric    | 0       |
|    add_ln111_342_fu_7924_p2    |     |        | add_ln111_342  | add    | fabric    | 0       |
|    add_ln111_343_fu_18044_p2   |     |        | add_ln111_343  | add    | fabric    | 0       |
|    add_ln111_344_fu_7930_p2    |     |        | add_ln111_344  | add    | fabric    | 0       |
|    add_ln111_345_fu_7936_p2    |     |        | add_ln111_345  | add    | fabric    | 0       |
|    add_ln111_346_fu_18060_p2   |     |        | add_ln111_346  | add    | fabric    | 0       |
|    add_ln111_347_fu_18070_p2   |     |        | add_ln111_347  | add    | fabric    | 0       |
|    add_ln111_348_fu_18080_p2   |     |        | add_ln111_348  | add    | fabric    | 0       |
|    add_ln111_349_fu_22062_p2   |     |        | add_ln111_349  | add    | fabric    | 0       |
|    add_ln111_350_fu_7942_p2    |     |        | add_ln111_350  | add    | fabric    | 0       |
|    add_ln111_351_fu_7948_p2    |     |        | add_ln111_351  | add    | fabric    | 0       |
|    add_ln111_352_fu_18092_p2   |     |        | add_ln111_352  | add    | fabric    | 0       |
|    add_ln111_353_fu_7954_p2    |     |        | add_ln111_353  | add    | fabric    | 0       |
|    add_ln111_354_fu_7960_p2    |     |        | add_ln111_354  | add    | fabric    | 0       |
|    add_ln111_355_fu_18108_p2   |     |        | add_ln111_355  | add    | fabric    | 0       |
|    add_ln111_356_fu_18118_p2   |     |        | add_ln111_356  | add    | fabric    | 0       |
|    add_ln111_357_fu_7966_p2    |     |        | add_ln111_357  | add    | fabric    | 0       |
|    add_ln111_358_fu_7972_p2    |     |        | add_ln111_358  | add    | fabric    | 0       |
|    add_ln111_359_fu_18134_p2   |     |        | add_ln111_359  | add    | fabric    | 0       |
|    add_ln111_360_fu_7978_p2    |     |        | add_ln111_360  | add    | fabric    | 0       |
|    add_ln111_361_fu_7984_p2    |     |        | add_ln111_361  | add    | fabric    | 0       |
|    add_ln111_362_fu_18150_p2   |     |        | add_ln111_362  | add    | fabric    | 0       |
|    add_ln111_363_fu_18160_p2   |     |        | add_ln111_363  | add    | fabric    | 0       |
|    add_ln111_364_fu_18170_p2   |     |        | add_ln111_364  | add    | fabric    | 0       |
|    add_ln111_365_fu_7990_p2    |     |        | add_ln111_365  | add    | fabric    | 0       |
|    add_ln111_366_fu_7996_p2    |     |        | add_ln111_366  | add    | fabric    | 0       |
|    add_ln111_367_fu_18182_p2   |     |        | add_ln111_367  | add    | fabric    | 0       |
|    add_ln111_368_fu_8002_p2    |     |        | add_ln111_368  | add    | fabric    | 0       |
|    add_ln111_369_fu_8008_p2    |     |        | add_ln111_369  | add    | fabric    | 0       |
|    add_ln111_370_fu_18198_p2   |     |        | add_ln111_370  | add    | fabric    | 0       |
|    add_ln111_371_fu_18208_p2   |     |        | add_ln111_371  | add    | fabric    | 0       |
|    add_ln111_372_fu_8014_p2    |     |        | add_ln111_372  | add    | fabric    | 0       |
|    add_ln111_373_fu_8020_p2    |     |        | add_ln111_373  | add    | fabric    | 0       |
|    add_ln111_374_fu_18224_p2   |     |        | add_ln111_374  | add    | fabric    | 0       |
|    add_ln111_375_fu_8026_p2    |     |        | add_ln111_375  | add    | fabric    | 0       |
|    add_ln111_376_fu_8032_p2    |     |        | add_ln111_376  | add    | fabric    | 0       |
|    add_ln111_377_fu_18240_p2   |     |        | add_ln111_377  | add    | fabric    | 0       |
|    add_ln111_378_fu_18250_p2   |     |        | add_ln111_378  | add    | fabric    | 0       |
|    add_ln111_379_fu_18260_p2   |     |        | add_ln111_379  | add    | fabric    | 0       |
|    add_ln111_380_fu_22078_p2   |     |        | add_ln111_380  | add    | fabric    | 0       |
|    add_ln111_381_fu_22088_p2   |     |        | add_ln111_381  | add    | fabric    | 0       |
|    add_ln111_382_fu_22518_p2   |     |        | add_ln111_382  | add    | fabric    | 0       |
|    add_ln111_383_fu_8038_p2    |     |        | add_ln111_383  | add    | fabric    | 0       |
|    add_ln111_384_fu_8044_p2    |     |        | add_ln111_384  | add    | fabric    | 0       |
|    add_ln111_385_fu_18272_p2   |     |        | add_ln111_385  | add    | fabric    | 0       |
|    add_ln111_386_fu_8050_p2    |     |        | add_ln111_386  | add    | fabric    | 0       |
|    add_ln111_387_fu_8056_p2    |     |        | add_ln111_387  | add    | fabric    | 0       |
|    add_ln111_388_fu_18288_p2   |     |        | add_ln111_388  | add    | fabric    | 0       |
|    add_ln111_389_fu_18298_p2   |     |        | add_ln111_389  | add    | fabric    | 0       |
|    add_ln111_390_fu_8062_p2    |     |        | add_ln111_390  | add    | fabric    | 0       |
|    add_ln111_391_fu_8068_p2    |     |        | add_ln111_391  | add    | fabric    | 0       |
|    add_ln111_392_fu_18314_p2   |     |        | add_ln111_392  | add    | fabric    | 0       |
|    add_ln111_393_fu_8074_p2    |     |        | add_ln111_393  | add    | fabric    | 0       |
|    add_ln111_394_fu_8080_p2    |     |        | add_ln111_394  | add    | fabric    | 0       |
|    add_ln111_395_fu_18330_p2   |     |        | add_ln111_395  | add    | fabric    | 0       |
|    add_ln111_396_fu_18340_p2   |     |        | add_ln111_396  | add    | fabric    | 0       |
|    add_ln111_397_fu_18350_p2   |     |        | add_ln111_397  | add    | fabric    | 0       |
|    add_ln111_398_fu_8086_p2    |     |        | add_ln111_398  | add    | fabric    | 0       |
|    add_ln111_399_fu_8092_p2    |     |        | add_ln111_399  | add    | fabric    | 0       |
|    add_ln111_400_fu_18362_p2   |     |        | add_ln111_400  | add    | fabric    | 0       |
|    add_ln111_401_fu_8098_p2    |     |        | add_ln111_401  | add    | fabric    | 0       |
|    add_ln111_402_fu_8104_p2    |     |        | add_ln111_402  | add    | fabric    | 0       |
|    add_ln111_403_fu_18378_p2   |     |        | add_ln111_403  | add    | fabric    | 0       |
|    add_ln111_404_fu_18388_p2   |     |        | add_ln111_404  | add    | fabric    | 0       |
|    add_ln111_405_fu_8110_p2    |     |        | add_ln111_405  | add    | fabric    | 0       |
|    add_ln111_406_fu_8116_p2    |     |        | add_ln111_406  | add    | fabric    | 0       |
|    add_ln111_407_fu_18404_p2   |     |        | add_ln111_407  | add    | fabric    | 0       |
|    add_ln111_408_fu_8122_p2    |     |        | add_ln111_408  | add    | fabric    | 0       |
|    add_ln111_409_fu_8128_p2    |     |        | add_ln111_409  | add    | fabric    | 0       |
|    add_ln111_410_fu_18420_p2   |     |        | add_ln111_410  | add    | fabric    | 0       |
|    add_ln111_411_fu_18430_p2   |     |        | add_ln111_411  | add    | fabric    | 0       |
|    add_ln111_412_fu_18440_p2   |     |        | add_ln111_412  | add    | fabric    | 0       |
|    add_ln111_413_fu_22100_p2   |     |        | add_ln111_413  | add    | fabric    | 0       |
|    add_ln111_414_fu_8134_p2    |     |        | add_ln111_414  | add    | fabric    | 0       |
|    add_ln111_415_fu_8140_p2    |     |        | add_ln111_415  | add    | fabric    | 0       |
|    add_ln111_416_fu_18452_p2   |     |        | add_ln111_416  | add    | fabric    | 0       |
|    add_ln111_417_fu_8146_p2    |     |        | add_ln111_417  | add    | fabric    | 0       |
|    add_ln111_418_fu_8152_p2    |     |        | add_ln111_418  | add    | fabric    | 0       |
|    add_ln111_419_fu_18468_p2   |     |        | add_ln111_419  | add    | fabric    | 0       |
|    add_ln111_420_fu_18478_p2   |     |        | add_ln111_420  | add    | fabric    | 0       |
|    add_ln111_421_fu_8158_p2    |     |        | add_ln111_421  | add    | fabric    | 0       |
|    add_ln111_422_fu_8164_p2    |     |        | add_ln111_422  | add    | fabric    | 0       |
|    add_ln111_423_fu_18494_p2   |     |        | add_ln111_423  | add    | fabric    | 0       |
|    add_ln111_424_fu_8170_p2    |     |        | add_ln111_424  | add    | fabric    | 0       |
|    add_ln111_425_fu_8176_p2    |     |        | add_ln111_425  | add    | fabric    | 0       |
|    add_ln111_426_fu_18510_p2   |     |        | add_ln111_426  | add    | fabric    | 0       |
|    add_ln111_427_fu_18520_p2   |     |        | add_ln111_427  | add    | fabric    | 0       |
|    add_ln111_428_fu_18530_p2   |     |        | add_ln111_428  | add    | fabric    | 0       |
|    add_ln111_429_fu_8182_p2    |     |        | add_ln111_429  | add    | fabric    | 0       |
|    add_ln111_430_fu_8188_p2    |     |        | add_ln111_430  | add    | fabric    | 0       |
|    add_ln111_431_fu_18542_p2   |     |        | add_ln111_431  | add    | fabric    | 0       |
|    add_ln111_432_fu_8194_p2    |     |        | add_ln111_432  | add    | fabric    | 0       |
|    add_ln111_433_fu_8200_p2    |     |        | add_ln111_433  | add    | fabric    | 0       |
|    add_ln111_434_fu_18558_p2   |     |        | add_ln111_434  | add    | fabric    | 0       |
|    add_ln111_435_fu_18568_p2   |     |        | add_ln111_435  | add    | fabric    | 0       |
|    add_ln111_436_fu_8206_p2    |     |        | add_ln111_436  | add    | fabric    | 0       |
|    add_ln111_437_fu_8212_p2    |     |        | add_ln111_437  | add    | fabric    | 0       |
|    add_ln111_438_fu_18584_p2   |     |        | add_ln111_438  | add    | fabric    | 0       |
|    add_ln111_439_fu_8218_p2    |     |        | add_ln111_439  | add    | fabric    | 0       |
|    add_ln111_440_fu_8224_p2    |     |        | add_ln111_440  | add    | fabric    | 0       |
|    add_ln111_441_fu_18600_p2   |     |        | add_ln111_441  | add    | fabric    | 0       |
|    add_ln111_442_fu_18610_p2   |     |        | add_ln111_442  | add    | fabric    | 0       |
|    add_ln111_443_fu_18620_p2   |     |        | add_ln111_443  | add    | fabric    | 0       |
|    add_ln111_444_fu_22116_p2   |     |        | add_ln111_444  | add    | fabric    | 0       |
|    add_ln111_445_fu_22126_p2   |     |        | add_ln111_445  | add    | fabric    | 0       |
|    add_ln111_446_fu_8230_p2    |     |        | add_ln111_446  | add    | fabric    | 0       |
|    add_ln111_447_fu_8236_p2    |     |        | add_ln111_447  | add    | fabric    | 0       |
|    add_ln111_448_fu_18632_p2   |     |        | add_ln111_448  | add    | fabric    | 0       |
|    add_ln111_449_fu_8242_p2    |     |        | add_ln111_449  | add    | fabric    | 0       |
|    add_ln111_450_fu_8248_p2    |     |        | add_ln111_450  | add    | fabric    | 0       |
|    add_ln111_451_fu_18648_p2   |     |        | add_ln111_451  | add    | fabric    | 0       |
|    add_ln111_452_fu_18658_p2   |     |        | add_ln111_452  | add    | fabric    | 0       |
|    add_ln111_453_fu_8254_p2    |     |        | add_ln111_453  | add    | fabric    | 0       |
|    add_ln111_454_fu_8260_p2    |     |        | add_ln111_454  | add    | fabric    | 0       |
|    add_ln111_455_fu_18674_p2   |     |        | add_ln111_455  | add    | fabric    | 0       |
|    add_ln111_456_fu_8266_p2    |     |        | add_ln111_456  | add    | fabric    | 0       |
|    add_ln111_457_fu_8272_p2    |     |        | add_ln111_457  | add    | fabric    | 0       |
|    add_ln111_458_fu_18690_p2   |     |        | add_ln111_458  | add    | fabric    | 0       |
|    add_ln111_459_fu_18700_p2   |     |        | add_ln111_459  | add    | fabric    | 0       |
|    add_ln111_460_fu_18710_p2   |     |        | add_ln111_460  | add    | fabric    | 0       |
|    add_ln111_461_fu_8278_p2    |     |        | add_ln111_461  | add    | fabric    | 0       |
|    add_ln111_462_fu_8284_p2    |     |        | add_ln111_462  | add    | fabric    | 0       |
|    add_ln111_463_fu_18722_p2   |     |        | add_ln111_463  | add    | fabric    | 0       |
|    add_ln111_464_fu_8290_p2    |     |        | add_ln111_464  | add    | fabric    | 0       |
|    add_ln111_465_fu_8296_p2    |     |        | add_ln111_465  | add    | fabric    | 0       |
|    add_ln111_466_fu_18738_p2   |     |        | add_ln111_466  | add    | fabric    | 0       |
|    add_ln111_467_fu_18748_p2   |     |        | add_ln111_467  | add    | fabric    | 0       |
|    add_ln111_468_fu_8302_p2    |     |        | add_ln111_468  | add    | fabric    | 0       |
|    add_ln111_469_fu_8308_p2    |     |        | add_ln111_469  | add    | fabric    | 0       |
|    add_ln111_470_fu_18764_p2   |     |        | add_ln111_470  | add    | fabric    | 0       |
|    add_ln111_471_fu_8314_p2    |     |        | add_ln111_471  | add    | fabric    | 0       |
|    add_ln111_472_fu_8320_p2    |     |        | add_ln111_472  | add    | fabric    | 0       |
|    add_ln111_473_fu_18780_p2   |     |        | add_ln111_473  | add    | fabric    | 0       |
|    add_ln111_474_fu_18790_p2   |     |        | add_ln111_474  | add    | fabric    | 0       |
|    add_ln111_475_fu_18800_p2   |     |        | add_ln111_475  | add    | fabric    | 0       |
|    add_ln111_476_fu_22138_p2   |     |        | add_ln111_476  | add    | fabric    | 0       |
|    add_ln111_477_fu_8326_p2    |     |        | add_ln111_477  | add    | fabric    | 0       |
|    add_ln111_478_fu_8332_p2    |     |        | add_ln111_478  | add    | fabric    | 0       |
|    add_ln111_479_fu_18812_p2   |     |        | add_ln111_479  | add    | fabric    | 0       |
|    add_ln111_480_fu_8338_p2    |     |        | add_ln111_480  | add    | fabric    | 0       |
|    add_ln111_481_fu_8344_p2    |     |        | add_ln111_481  | add    | fabric    | 0       |
|    add_ln111_482_fu_18828_p2   |     |        | add_ln111_482  | add    | fabric    | 0       |
|    add_ln111_483_fu_18838_p2   |     |        | add_ln111_483  | add    | fabric    | 0       |
|    add_ln111_484_fu_8350_p2    |     |        | add_ln111_484  | add    | fabric    | 0       |
|    add_ln111_485_fu_8356_p2    |     |        | add_ln111_485  | add    | fabric    | 0       |
|    add_ln111_486_fu_18854_p2   |     |        | add_ln111_486  | add    | fabric    | 0       |
|    add_ln111_487_fu_8362_p2    |     |        | add_ln111_487  | add    | fabric    | 0       |
|    add_ln111_488_fu_8368_p2    |     |        | add_ln111_488  | add    | fabric    | 0       |
|    add_ln111_489_fu_18870_p2   |     |        | add_ln111_489  | add    | fabric    | 0       |
|    add_ln111_490_fu_18880_p2   |     |        | add_ln111_490  | add    | fabric    | 0       |
|    add_ln111_491_fu_18890_p2   |     |        | add_ln111_491  | add    | fabric    | 0       |
|    add_ln111_492_fu_8374_p2    |     |        | add_ln111_492  | add    | fabric    | 0       |
|    add_ln111_493_fu_8380_p2    |     |        | add_ln111_493  | add    | fabric    | 0       |
|    add_ln111_494_fu_18902_p2   |     |        | add_ln111_494  | add    | fabric    | 0       |
|    add_ln111_495_fu_8386_p2    |     |        | add_ln111_495  | add    | fabric    | 0       |
|    add_ln111_496_fu_8392_p2    |     |        | add_ln111_496  | add    | fabric    | 0       |
|    add_ln111_497_fu_18918_p2   |     |        | add_ln111_497  | add    | fabric    | 0       |
|    add_ln111_498_fu_18928_p2   |     |        | add_ln111_498  | add    | fabric    | 0       |
|    add_ln111_499_fu_8398_p2    |     |        | add_ln111_499  | add    | fabric    | 0       |
|    add_ln111_500_fu_8404_p2    |     |        | add_ln111_500  | add    | fabric    | 0       |
|    add_ln111_501_fu_18944_p2   |     |        | add_ln111_501  | add    | fabric    | 0       |
|    add_ln111_502_fu_8410_p2    |     |        | add_ln111_502  | add    | fabric    | 0       |
|    add_ln111_503_fu_8416_p2    |     |        | add_ln111_503  | add    | fabric    | 0       |
|    add_ln111_504_fu_18960_p2   |     |        | add_ln111_504  | add    | fabric    | 0       |
|    add_ln111_505_fu_18970_p2   |     |        | add_ln111_505  | add    | fabric    | 0       |
|    add_ln111_506_fu_18980_p2   |     |        | add_ln111_506  | add    | fabric    | 0       |
|    add_ln111_507_fu_22154_p2   |     |        | add_ln111_507  | add    | fabric    | 0       |
|    add_ln111_508_fu_22164_p2   |     |        | add_ln111_508  | add    | fabric    | 0       |
|    add_ln111_509_fu_22534_p2   |     |        | add_ln111_509  | add    | fabric    | 0       |
|    add_ln111_510_fu_22544_p2   |     |        | add_ln111_510  | add    | fabric    | 0       |
|    add_ln111_511_fu_22652_p2   |     |        | add_ln111_511  | add    | fabric    | 0       |
|    xnor_result_2_fu_8422_p2    |     |        | xnor_result_2  | xor    | auto      | 0       |
|    add_ln111_512_fu_11496_p2   |     |        | add_ln111_512  | add    | fabric    | 0       |
|    add_ln111_513_fu_11502_p2   |     |        | add_ln111_513  | add    | fabric    | 0       |
|    add_ln111_514_fu_18992_p2   |     |        | add_ln111_514  | add    | fabric    | 0       |
|    add_ln111_515_fu_11508_p2   |     |        | add_ln111_515  | add    | fabric    | 0       |
|    add_ln111_516_fu_11514_p2   |     |        | add_ln111_516  | add    | fabric    | 0       |
|    add_ln111_517_fu_19008_p2   |     |        | add_ln111_517  | add    | fabric    | 0       |
|    add_ln111_518_fu_19018_p2   |     |        | add_ln111_518  | add    | fabric    | 0       |
|    add_ln111_519_fu_11520_p2   |     |        | add_ln111_519  | add    | fabric    | 0       |
|    add_ln111_520_fu_11526_p2   |     |        | add_ln111_520  | add    | fabric    | 0       |
|    add_ln111_521_fu_19034_p2   |     |        | add_ln111_521  | add    | fabric    | 0       |
|    add_ln111_522_fu_11532_p2   |     |        | add_ln111_522  | add    | fabric    | 0       |
|    add_ln111_523_fu_11538_p2   |     |        | add_ln111_523  | add    | fabric    | 0       |
|    add_ln111_524_fu_19050_p2   |     |        | add_ln111_524  | add    | fabric    | 0       |
|    add_ln111_525_fu_19060_p2   |     |        | add_ln111_525  | add    | fabric    | 0       |
|    add_ln111_526_fu_19070_p2   |     |        | add_ln111_526  | add    | fabric    | 0       |
|    add_ln111_527_fu_11544_p2   |     |        | add_ln111_527  | add    | fabric    | 0       |
|    add_ln111_528_fu_11550_p2   |     |        | add_ln111_528  | add    | fabric    | 0       |
|    add_ln111_529_fu_19082_p2   |     |        | add_ln111_529  | add    | fabric    | 0       |
|    add_ln111_530_fu_11556_p2   |     |        | add_ln111_530  | add    | fabric    | 0       |
|    add_ln111_531_fu_11562_p2   |     |        | add_ln111_531  | add    | fabric    | 0       |
|    add_ln111_532_fu_19098_p2   |     |        | add_ln111_532  | add    | fabric    | 0       |
|    add_ln111_533_fu_19108_p2   |     |        | add_ln111_533  | add    | fabric    | 0       |
|    add_ln111_534_fu_11568_p2   |     |        | add_ln111_534  | add    | fabric    | 0       |
|    add_ln111_535_fu_11574_p2   |     |        | add_ln111_535  | add    | fabric    | 0       |
|    add_ln111_536_fu_19124_p2   |     |        | add_ln111_536  | add    | fabric    | 0       |
|    add_ln111_537_fu_11580_p2   |     |        | add_ln111_537  | add    | fabric    | 0       |
|    add_ln111_538_fu_11586_p2   |     |        | add_ln111_538  | add    | fabric    | 0       |
|    add_ln111_539_fu_19140_p2   |     |        | add_ln111_539  | add    | fabric    | 0       |
|    add_ln111_540_fu_19150_p2   |     |        | add_ln111_540  | add    | fabric    | 0       |
|    add_ln111_541_fu_19160_p2   |     |        | add_ln111_541  | add    | fabric    | 0       |
|    add_ln111_542_fu_22176_p2   |     |        | add_ln111_542  | add    | fabric    | 0       |
|    add_ln111_543_fu_11592_p2   |     |        | add_ln111_543  | add    | fabric    | 0       |
|    add_ln111_544_fu_11598_p2   |     |        | add_ln111_544  | add    | fabric    | 0       |
|    add_ln111_545_fu_19172_p2   |     |        | add_ln111_545  | add    | fabric    | 0       |
|    add_ln111_546_fu_11604_p2   |     |        | add_ln111_546  | add    | fabric    | 0       |
|    add_ln111_547_fu_11610_p2   |     |        | add_ln111_547  | add    | fabric    | 0       |
|    add_ln111_548_fu_19188_p2   |     |        | add_ln111_548  | add    | fabric    | 0       |
|    add_ln111_549_fu_19198_p2   |     |        | add_ln111_549  | add    | fabric    | 0       |
|    add_ln111_550_fu_11616_p2   |     |        | add_ln111_550  | add    | fabric    | 0       |
|    add_ln111_551_fu_11622_p2   |     |        | add_ln111_551  | add    | fabric    | 0       |
|    add_ln111_552_fu_19214_p2   |     |        | add_ln111_552  | add    | fabric    | 0       |
|    add_ln111_553_fu_11628_p2   |     |        | add_ln111_553  | add    | fabric    | 0       |
|    add_ln111_554_fu_11634_p2   |     |        | add_ln111_554  | add    | fabric    | 0       |
|    add_ln111_555_fu_19230_p2   |     |        | add_ln111_555  | add    | fabric    | 0       |
|    add_ln111_556_fu_19240_p2   |     |        | add_ln111_556  | add    | fabric    | 0       |
|    add_ln111_557_fu_19250_p2   |     |        | add_ln111_557  | add    | fabric    | 0       |
|    add_ln111_558_fu_11640_p2   |     |        | add_ln111_558  | add    | fabric    | 0       |
|    add_ln111_559_fu_11646_p2   |     |        | add_ln111_559  | add    | fabric    | 0       |
|    add_ln111_560_fu_19262_p2   |     |        | add_ln111_560  | add    | fabric    | 0       |
|    add_ln111_561_fu_11652_p2   |     |        | add_ln111_561  | add    | fabric    | 0       |
|    add_ln111_562_fu_11658_p2   |     |        | add_ln111_562  | add    | fabric    | 0       |
|    add_ln111_563_fu_19278_p2   |     |        | add_ln111_563  | add    | fabric    | 0       |
|    add_ln111_564_fu_19288_p2   |     |        | add_ln111_564  | add    | fabric    | 0       |
|    add_ln111_565_fu_11664_p2   |     |        | add_ln111_565  | add    | fabric    | 0       |
|    add_ln111_566_fu_11670_p2   |     |        | add_ln111_566  | add    | fabric    | 0       |
|    add_ln111_567_fu_19304_p2   |     |        | add_ln111_567  | add    | fabric    | 0       |
|    add_ln111_568_fu_11676_p2   |     |        | add_ln111_568  | add    | fabric    | 0       |
|    add_ln111_569_fu_11682_p2   |     |        | add_ln111_569  | add    | fabric    | 0       |
|    add_ln111_570_fu_19320_p2   |     |        | add_ln111_570  | add    | fabric    | 0       |
|    add_ln111_571_fu_19330_p2   |     |        | add_ln111_571  | add    | fabric    | 0       |
|    add_ln111_572_fu_19340_p2   |     |        | add_ln111_572  | add    | fabric    | 0       |
|    add_ln111_573_fu_22192_p2   |     |        | add_ln111_573  | add    | fabric    | 0       |
|    add_ln111_574_fu_22202_p2   |     |        | add_ln111_574  | add    | fabric    | 0       |
|    add_ln111_575_fu_11688_p2   |     |        | add_ln111_575  | add    | fabric    | 0       |
|    add_ln111_576_fu_11694_p2   |     |        | add_ln111_576  | add    | fabric    | 0       |
|    add_ln111_577_fu_19352_p2   |     |        | add_ln111_577  | add    | fabric    | 0       |
|    add_ln111_578_fu_11700_p2   |     |        | add_ln111_578  | add    | fabric    | 0       |
|    add_ln111_579_fu_11706_p2   |     |        | add_ln111_579  | add    | fabric    | 0       |
|    add_ln111_580_fu_19368_p2   |     |        | add_ln111_580  | add    | fabric    | 0       |
|    add_ln111_581_fu_19378_p2   |     |        | add_ln111_581  | add    | fabric    | 0       |
|    add_ln111_582_fu_11712_p2   |     |        | add_ln111_582  | add    | fabric    | 0       |
|    add_ln111_583_fu_11718_p2   |     |        | add_ln111_583  | add    | fabric    | 0       |
|    add_ln111_584_fu_19394_p2   |     |        | add_ln111_584  | add    | fabric    | 0       |
|    add_ln111_585_fu_11724_p2   |     |        | add_ln111_585  | add    | fabric    | 0       |
|    add_ln111_586_fu_11730_p2   |     |        | add_ln111_586  | add    | fabric    | 0       |
|    add_ln111_587_fu_19410_p2   |     |        | add_ln111_587  | add    | fabric    | 0       |
|    add_ln111_588_fu_19420_p2   |     |        | add_ln111_588  | add    | fabric    | 0       |
|    add_ln111_589_fu_19430_p2   |     |        | add_ln111_589  | add    | fabric    | 0       |
|    add_ln111_590_fu_11736_p2   |     |        | add_ln111_590  | add    | fabric    | 0       |
|    add_ln111_591_fu_11742_p2   |     |        | add_ln111_591  | add    | fabric    | 0       |
|    add_ln111_592_fu_19442_p2   |     |        | add_ln111_592  | add    | fabric    | 0       |
|    add_ln111_593_fu_11748_p2   |     |        | add_ln111_593  | add    | fabric    | 0       |
|    add_ln111_594_fu_11754_p2   |     |        | add_ln111_594  | add    | fabric    | 0       |
|    add_ln111_595_fu_19458_p2   |     |        | add_ln111_595  | add    | fabric    | 0       |
|    add_ln111_596_fu_19468_p2   |     |        | add_ln111_596  | add    | fabric    | 0       |
|    add_ln111_597_fu_11760_p2   |     |        | add_ln111_597  | add    | fabric    | 0       |
|    add_ln111_598_fu_11766_p2   |     |        | add_ln111_598  | add    | fabric    | 0       |
|    add_ln111_599_fu_19484_p2   |     |        | add_ln111_599  | add    | fabric    | 0       |
|    add_ln111_600_fu_11772_p2   |     |        | add_ln111_600  | add    | fabric    | 0       |
|    add_ln111_601_fu_11778_p2   |     |        | add_ln111_601  | add    | fabric    | 0       |
|    add_ln111_602_fu_19500_p2   |     |        | add_ln111_602  | add    | fabric    | 0       |
|    add_ln111_603_fu_19510_p2   |     |        | add_ln111_603  | add    | fabric    | 0       |
|    add_ln111_604_fu_19520_p2   |     |        | add_ln111_604  | add    | fabric    | 0       |
|    add_ln111_605_fu_22214_p2   |     |        | add_ln111_605  | add    | fabric    | 0       |
|    add_ln111_606_fu_11784_p2   |     |        | add_ln111_606  | add    | fabric    | 0       |
|    add_ln111_607_fu_11790_p2   |     |        | add_ln111_607  | add    | fabric    | 0       |
|    add_ln111_608_fu_19532_p2   |     |        | add_ln111_608  | add    | fabric    | 0       |
|    add_ln111_609_fu_11796_p2   |     |        | add_ln111_609  | add    | fabric    | 0       |
|    add_ln111_610_fu_11802_p2   |     |        | add_ln111_610  | add    | fabric    | 0       |
|    add_ln111_611_fu_19548_p2   |     |        | add_ln111_611  | add    | fabric    | 0       |
|    add_ln111_612_fu_19558_p2   |     |        | add_ln111_612  | add    | fabric    | 0       |
|    add_ln111_613_fu_11808_p2   |     |        | add_ln111_613  | add    | fabric    | 0       |
|    add_ln111_614_fu_11814_p2   |     |        | add_ln111_614  | add    | fabric    | 0       |
|    add_ln111_615_fu_19574_p2   |     |        | add_ln111_615  | add    | fabric    | 0       |
|    add_ln111_616_fu_11820_p2   |     |        | add_ln111_616  | add    | fabric    | 0       |
|    add_ln111_617_fu_11826_p2   |     |        | add_ln111_617  | add    | fabric    | 0       |
|    add_ln111_618_fu_19590_p2   |     |        | add_ln111_618  | add    | fabric    | 0       |
|    add_ln111_619_fu_19600_p2   |     |        | add_ln111_619  | add    | fabric    | 0       |
|    add_ln111_620_fu_19610_p2   |     |        | add_ln111_620  | add    | fabric    | 0       |
|    add_ln111_621_fu_11832_p2   |     |        | add_ln111_621  | add    | fabric    | 0       |
|    add_ln111_622_fu_11838_p2   |     |        | add_ln111_622  | add    | fabric    | 0       |
|    add_ln111_623_fu_19622_p2   |     |        | add_ln111_623  | add    | fabric    | 0       |
|    add_ln111_624_fu_11844_p2   |     |        | add_ln111_624  | add    | fabric    | 0       |
|    add_ln111_625_fu_11850_p2   |     |        | add_ln111_625  | add    | fabric    | 0       |
|    add_ln111_626_fu_19638_p2   |     |        | add_ln111_626  | add    | fabric    | 0       |
|    add_ln111_627_fu_19648_p2   |     |        | add_ln111_627  | add    | fabric    | 0       |
|    add_ln111_628_fu_11856_p2   |     |        | add_ln111_628  | add    | fabric    | 0       |
|    add_ln111_629_fu_11862_p2   |     |        | add_ln111_629  | add    | fabric    | 0       |
|    add_ln111_630_fu_19664_p2   |     |        | add_ln111_630  | add    | fabric    | 0       |
|    add_ln111_631_fu_11868_p2   |     |        | add_ln111_631  | add    | fabric    | 0       |
|    add_ln111_632_fu_11874_p2   |     |        | add_ln111_632  | add    | fabric    | 0       |
|    add_ln111_633_fu_19680_p2   |     |        | add_ln111_633  | add    | fabric    | 0       |
|    add_ln111_634_fu_19690_p2   |     |        | add_ln111_634  | add    | fabric    | 0       |
|    add_ln111_635_fu_19700_p2   |     |        | add_ln111_635  | add    | fabric    | 0       |
|    add_ln111_636_fu_22230_p2   |     |        | add_ln111_636  | add    | fabric    | 0       |
|    add_ln111_637_fu_22240_p2   |     |        | add_ln111_637  | add    | fabric    | 0       |
|    add_ln111_638_fu_22556_p2   |     |        | add_ln111_638  | add    | fabric    | 0       |
|    add_ln111_639_fu_11880_p2   |     |        | add_ln111_639  | add    | fabric    | 0       |
|    add_ln111_640_fu_11886_p2   |     |        | add_ln111_640  | add    | fabric    | 0       |
|    add_ln111_641_fu_19712_p2   |     |        | add_ln111_641  | add    | fabric    | 0       |
|    add_ln111_642_fu_11892_p2   |     |        | add_ln111_642  | add    | fabric    | 0       |
|    add_ln111_643_fu_11898_p2   |     |        | add_ln111_643  | add    | fabric    | 0       |
|    add_ln111_644_fu_19728_p2   |     |        | add_ln111_644  | add    | fabric    | 0       |
|    add_ln111_645_fu_19738_p2   |     |        | add_ln111_645  | add    | fabric    | 0       |
|    add_ln111_646_fu_11904_p2   |     |        | add_ln111_646  | add    | fabric    | 0       |
|    add_ln111_647_fu_11910_p2   |     |        | add_ln111_647  | add    | fabric    | 0       |
|    add_ln111_648_fu_19754_p2   |     |        | add_ln111_648  | add    | fabric    | 0       |
|    add_ln111_649_fu_11916_p2   |     |        | add_ln111_649  | add    | fabric    | 0       |
|    add_ln111_650_fu_11922_p2   |     |        | add_ln111_650  | add    | fabric    | 0       |
|    add_ln111_651_fu_19770_p2   |     |        | add_ln111_651  | add    | fabric    | 0       |
|    add_ln111_652_fu_19780_p2   |     |        | add_ln111_652  | add    | fabric    | 0       |
|    add_ln111_653_fu_19790_p2   |     |        | add_ln111_653  | add    | fabric    | 0       |
|    add_ln111_654_fu_11928_p2   |     |        | add_ln111_654  | add    | fabric    | 0       |
|    add_ln111_655_fu_11934_p2   |     |        | add_ln111_655  | add    | fabric    | 0       |
|    add_ln111_656_fu_19802_p2   |     |        | add_ln111_656  | add    | fabric    | 0       |
|    add_ln111_657_fu_11940_p2   |     |        | add_ln111_657  | add    | fabric    | 0       |
|    add_ln111_658_fu_11946_p2   |     |        | add_ln111_658  | add    | fabric    | 0       |
|    add_ln111_659_fu_19818_p2   |     |        | add_ln111_659  | add    | fabric    | 0       |
|    add_ln111_660_fu_19828_p2   |     |        | add_ln111_660  | add    | fabric    | 0       |
|    add_ln111_661_fu_11952_p2   |     |        | add_ln111_661  | add    | fabric    | 0       |
|    add_ln111_662_fu_11958_p2   |     |        | add_ln111_662  | add    | fabric    | 0       |
|    add_ln111_663_fu_19844_p2   |     |        | add_ln111_663  | add    | fabric    | 0       |
|    add_ln111_664_fu_11964_p2   |     |        | add_ln111_664  | add    | fabric    | 0       |
|    add_ln111_665_fu_11970_p2   |     |        | add_ln111_665  | add    | fabric    | 0       |
|    add_ln111_666_fu_19860_p2   |     |        | add_ln111_666  | add    | fabric    | 0       |
|    add_ln111_667_fu_19870_p2   |     |        | add_ln111_667  | add    | fabric    | 0       |
|    add_ln111_668_fu_19880_p2   |     |        | add_ln111_668  | add    | fabric    | 0       |
|    add_ln111_669_fu_22252_p2   |     |        | add_ln111_669  | add    | fabric    | 0       |
|    add_ln111_670_fu_11976_p2   |     |        | add_ln111_670  | add    | fabric    | 0       |
|    add_ln111_671_fu_11982_p2   |     |        | add_ln111_671  | add    | fabric    | 0       |
|    add_ln111_672_fu_19892_p2   |     |        | add_ln111_672  | add    | fabric    | 0       |
|    add_ln111_673_fu_11988_p2   |     |        | add_ln111_673  | add    | fabric    | 0       |
|    add_ln111_674_fu_11994_p2   |     |        | add_ln111_674  | add    | fabric    | 0       |
|    add_ln111_675_fu_19908_p2   |     |        | add_ln111_675  | add    | fabric    | 0       |
|    add_ln111_676_fu_19918_p2   |     |        | add_ln111_676  | add    | fabric    | 0       |
|    add_ln111_677_fu_12000_p2   |     |        | add_ln111_677  | add    | fabric    | 0       |
|    add_ln111_678_fu_12006_p2   |     |        | add_ln111_678  | add    | fabric    | 0       |
|    add_ln111_679_fu_19934_p2   |     |        | add_ln111_679  | add    | fabric    | 0       |
|    add_ln111_680_fu_12012_p2   |     |        | add_ln111_680  | add    | fabric    | 0       |
|    add_ln111_681_fu_12018_p2   |     |        | add_ln111_681  | add    | fabric    | 0       |
|    add_ln111_682_fu_19950_p2   |     |        | add_ln111_682  | add    | fabric    | 0       |
|    add_ln111_683_fu_19960_p2   |     |        | add_ln111_683  | add    | fabric    | 0       |
|    add_ln111_684_fu_19970_p2   |     |        | add_ln111_684  | add    | fabric    | 0       |
|    add_ln111_685_fu_12024_p2   |     |        | add_ln111_685  | add    | fabric    | 0       |
|    add_ln111_686_fu_12030_p2   |     |        | add_ln111_686  | add    | fabric    | 0       |
|    add_ln111_687_fu_19982_p2   |     |        | add_ln111_687  | add    | fabric    | 0       |
|    add_ln111_688_fu_12036_p2   |     |        | add_ln111_688  | add    | fabric    | 0       |
|    add_ln111_689_fu_12042_p2   |     |        | add_ln111_689  | add    | fabric    | 0       |
|    add_ln111_690_fu_19998_p2   |     |        | add_ln111_690  | add    | fabric    | 0       |
|    add_ln111_691_fu_20008_p2   |     |        | add_ln111_691  | add    | fabric    | 0       |
|    add_ln111_692_fu_12048_p2   |     |        | add_ln111_692  | add    | fabric    | 0       |
|    add_ln111_693_fu_12054_p2   |     |        | add_ln111_693  | add    | fabric    | 0       |
|    add_ln111_694_fu_20024_p2   |     |        | add_ln111_694  | add    | fabric    | 0       |
|    add_ln111_695_fu_12060_p2   |     |        | add_ln111_695  | add    | fabric    | 0       |
|    add_ln111_696_fu_12066_p2   |     |        | add_ln111_696  | add    | fabric    | 0       |
|    add_ln111_697_fu_20040_p2   |     |        | add_ln111_697  | add    | fabric    | 0       |
|    add_ln111_698_fu_20050_p2   |     |        | add_ln111_698  | add    | fabric    | 0       |
|    add_ln111_699_fu_20060_p2   |     |        | add_ln111_699  | add    | fabric    | 0       |
|    add_ln111_700_fu_22268_p2   |     |        | add_ln111_700  | add    | fabric    | 0       |
|    add_ln111_701_fu_22278_p2   |     |        | add_ln111_701  | add    | fabric    | 0       |
|    add_ln111_702_fu_12072_p2   |     |        | add_ln111_702  | add    | fabric    | 0       |
|    add_ln111_703_fu_12078_p2   |     |        | add_ln111_703  | add    | fabric    | 0       |
|    add_ln111_704_fu_20072_p2   |     |        | add_ln111_704  | add    | fabric    | 0       |
|    add_ln111_705_fu_12084_p2   |     |        | add_ln111_705  | add    | fabric    | 0       |
|    add_ln111_706_fu_12090_p2   |     |        | add_ln111_706  | add    | fabric    | 0       |
|    add_ln111_707_fu_20088_p2   |     |        | add_ln111_707  | add    | fabric    | 0       |
|    add_ln111_708_fu_20098_p2   |     |        | add_ln111_708  | add    | fabric    | 0       |
|    add_ln111_709_fu_12096_p2   |     |        | add_ln111_709  | add    | fabric    | 0       |
|    add_ln111_710_fu_12102_p2   |     |        | add_ln111_710  | add    | fabric    | 0       |
|    add_ln111_711_fu_20114_p2   |     |        | add_ln111_711  | add    | fabric    | 0       |
|    add_ln111_712_fu_12108_p2   |     |        | add_ln111_712  | add    | fabric    | 0       |
|    add_ln111_713_fu_12114_p2   |     |        | add_ln111_713  | add    | fabric    | 0       |
|    add_ln111_714_fu_20130_p2   |     |        | add_ln111_714  | add    | fabric    | 0       |
|    add_ln111_715_fu_20140_p2   |     |        | add_ln111_715  | add    | fabric    | 0       |
|    add_ln111_716_fu_20150_p2   |     |        | add_ln111_716  | add    | fabric    | 0       |
|    add_ln111_717_fu_12120_p2   |     |        | add_ln111_717  | add    | fabric    | 0       |
|    add_ln111_718_fu_12126_p2   |     |        | add_ln111_718  | add    | fabric    | 0       |
|    add_ln111_719_fu_20162_p2   |     |        | add_ln111_719  | add    | fabric    | 0       |
|    add_ln111_720_fu_12132_p2   |     |        | add_ln111_720  | add    | fabric    | 0       |
|    add_ln111_721_fu_12138_p2   |     |        | add_ln111_721  | add    | fabric    | 0       |
|    add_ln111_722_fu_20178_p2   |     |        | add_ln111_722  | add    | fabric    | 0       |
|    add_ln111_723_fu_20188_p2   |     |        | add_ln111_723  | add    | fabric    | 0       |
|    add_ln111_724_fu_12144_p2   |     |        | add_ln111_724  | add    | fabric    | 0       |
|    add_ln111_725_fu_12150_p2   |     |        | add_ln111_725  | add    | fabric    | 0       |
|    add_ln111_726_fu_20204_p2   |     |        | add_ln111_726  | add    | fabric    | 0       |
|    add_ln111_727_fu_12156_p2   |     |        | add_ln111_727  | add    | fabric    | 0       |
|    add_ln111_728_fu_12162_p2   |     |        | add_ln111_728  | add    | fabric    | 0       |
|    add_ln111_729_fu_20220_p2   |     |        | add_ln111_729  | add    | fabric    | 0       |
|    add_ln111_730_fu_20230_p2   |     |        | add_ln111_730  | add    | fabric    | 0       |
|    add_ln111_731_fu_20240_p2   |     |        | add_ln111_731  | add    | fabric    | 0       |
|    add_ln111_732_fu_22290_p2   |     |        | add_ln111_732  | add    | fabric    | 0       |
|    add_ln111_733_fu_12168_p2   |     |        | add_ln111_733  | add    | fabric    | 0       |
|    add_ln111_734_fu_12174_p2   |     |        | add_ln111_734  | add    | fabric    | 0       |
|    add_ln111_735_fu_20252_p2   |     |        | add_ln111_735  | add    | fabric    | 0       |
|    add_ln111_736_fu_12180_p2   |     |        | add_ln111_736  | add    | fabric    | 0       |
|    add_ln111_737_fu_12186_p2   |     |        | add_ln111_737  | add    | fabric    | 0       |
|    add_ln111_738_fu_20268_p2   |     |        | add_ln111_738  | add    | fabric    | 0       |
|    add_ln111_739_fu_20278_p2   |     |        | add_ln111_739  | add    | fabric    | 0       |
|    add_ln111_740_fu_12192_p2   |     |        | add_ln111_740  | add    | fabric    | 0       |
|    add_ln111_741_fu_12198_p2   |     |        | add_ln111_741  | add    | fabric    | 0       |
|    add_ln111_742_fu_20294_p2   |     |        | add_ln111_742  | add    | fabric    | 0       |
|    add_ln111_743_fu_12204_p2   |     |        | add_ln111_743  | add    | fabric    | 0       |
|    add_ln111_744_fu_12210_p2   |     |        | add_ln111_744  | add    | fabric    | 0       |
|    add_ln111_745_fu_20310_p2   |     |        | add_ln111_745  | add    | fabric    | 0       |
|    add_ln111_746_fu_20320_p2   |     |        | add_ln111_746  | add    | fabric    | 0       |
|    add_ln111_747_fu_20330_p2   |     |        | add_ln111_747  | add    | fabric    | 0       |
|    add_ln111_748_fu_12216_p2   |     |        | add_ln111_748  | add    | fabric    | 0       |
|    add_ln111_749_fu_12222_p2   |     |        | add_ln111_749  | add    | fabric    | 0       |
|    add_ln111_750_fu_20342_p2   |     |        | add_ln111_750  | add    | fabric    | 0       |
|    add_ln111_751_fu_12228_p2   |     |        | add_ln111_751  | add    | fabric    | 0       |
|    add_ln111_752_fu_12234_p2   |     |        | add_ln111_752  | add    | fabric    | 0       |
|    add_ln111_753_fu_20358_p2   |     |        | add_ln111_753  | add    | fabric    | 0       |
|    add_ln111_754_fu_20368_p2   |     |        | add_ln111_754  | add    | fabric    | 0       |
|    add_ln111_755_fu_12240_p2   |     |        | add_ln111_755  | add    | fabric    | 0       |
|    add_ln111_756_fu_12246_p2   |     |        | add_ln111_756  | add    | fabric    | 0       |
|    add_ln111_757_fu_20384_p2   |     |        | add_ln111_757  | add    | fabric    | 0       |
|    add_ln111_758_fu_12252_p2   |     |        | add_ln111_758  | add    | fabric    | 0       |
|    add_ln111_759_fu_12258_p2   |     |        | add_ln111_759  | add    | fabric    | 0       |
|    add_ln111_760_fu_20400_p2   |     |        | add_ln111_760  | add    | fabric    | 0       |
|    add_ln111_761_fu_20410_p2   |     |        | add_ln111_761  | add    | fabric    | 0       |
|    add_ln111_762_fu_20420_p2   |     |        | add_ln111_762  | add    | fabric    | 0       |
|    add_ln111_763_fu_22306_p2   |     |        | add_ln111_763  | add    | fabric    | 0       |
|    add_ln111_764_fu_22316_p2   |     |        | add_ln111_764  | add    | fabric    | 0       |
|    add_ln111_765_fu_22572_p2   |     |        | add_ln111_765  | add    | fabric    | 0       |
|    add_ln111_766_fu_22582_p2   |     |        | add_ln111_766  | add    | fabric    | 0       |
|    add_ln111_767_fu_22679_p2   |     |        | add_ln111_767  | add    | fabric    | 0       |
|    xnor_result_3_fu_12264_p2   |     |        | xnor_result_3  | xor    | auto      | 0       |
|    add_ln111_768_fu_15338_p2   |     |        | add_ln111_768  | add    | fabric    | 0       |
|    add_ln111_769_fu_15344_p2   |     |        | add_ln111_769  | add    | fabric    | 0       |
|    add_ln111_770_fu_20432_p2   |     |        | add_ln111_770  | add    | fabric    | 0       |
|    add_ln111_771_fu_15350_p2   |     |        | add_ln111_771  | add    | fabric    | 0       |
|    add_ln111_772_fu_15356_p2   |     |        | add_ln111_772  | add    | fabric    | 0       |
|    add_ln111_773_fu_20448_p2   |     |        | add_ln111_773  | add    | fabric    | 0       |
|    add_ln111_774_fu_20458_p2   |     |        | add_ln111_774  | add    | fabric    | 0       |
|    add_ln111_775_fu_15362_p2   |     |        | add_ln111_775  | add    | fabric    | 0       |
|    add_ln111_776_fu_15368_p2   |     |        | add_ln111_776  | add    | fabric    | 0       |
|    add_ln111_777_fu_20474_p2   |     |        | add_ln111_777  | add    | fabric    | 0       |
|    add_ln111_778_fu_15374_p2   |     |        | add_ln111_778  | add    | fabric    | 0       |
|    add_ln111_779_fu_15380_p2   |     |        | add_ln111_779  | add    | fabric    | 0       |
|    add_ln111_780_fu_20490_p2   |     |        | add_ln111_780  | add    | fabric    | 0       |
|    add_ln111_781_fu_20500_p2   |     |        | add_ln111_781  | add    | fabric    | 0       |
|    add_ln111_782_fu_20510_p2   |     |        | add_ln111_782  | add    | fabric    | 0       |
|    add_ln111_783_fu_15386_p2   |     |        | add_ln111_783  | add    | fabric    | 0       |
|    add_ln111_784_fu_15392_p2   |     |        | add_ln111_784  | add    | fabric    | 0       |
|    add_ln111_785_fu_20522_p2   |     |        | add_ln111_785  | add    | fabric    | 0       |
|    add_ln111_786_fu_15398_p2   |     |        | add_ln111_786  | add    | fabric    | 0       |
|    add_ln111_787_fu_15404_p2   |     |        | add_ln111_787  | add    | fabric    | 0       |
|    add_ln111_788_fu_20538_p2   |     |        | add_ln111_788  | add    | fabric    | 0       |
|    add_ln111_789_fu_20548_p2   |     |        | add_ln111_789  | add    | fabric    | 0       |
|    add_ln111_790_fu_15410_p2   |     |        | add_ln111_790  | add    | fabric    | 0       |
|    add_ln111_791_fu_15416_p2   |     |        | add_ln111_791  | add    | fabric    | 0       |
|    add_ln111_792_fu_20564_p2   |     |        | add_ln111_792  | add    | fabric    | 0       |
|    add_ln111_793_fu_15422_p2   |     |        | add_ln111_793  | add    | fabric    | 0       |
|    add_ln111_794_fu_15428_p2   |     |        | add_ln111_794  | add    | fabric    | 0       |
|    add_ln111_795_fu_20580_p2   |     |        | add_ln111_795  | add    | fabric    | 0       |
|    add_ln111_796_fu_20590_p2   |     |        | add_ln111_796  | add    | fabric    | 0       |
|    add_ln111_797_fu_20600_p2   |     |        | add_ln111_797  | add    | fabric    | 0       |
|    add_ln111_798_fu_22328_p2   |     |        | add_ln111_798  | add    | fabric    | 0       |
|    add_ln111_799_fu_15434_p2   |     |        | add_ln111_799  | add    | fabric    | 0       |
|    add_ln111_800_fu_15440_p2   |     |        | add_ln111_800  | add    | fabric    | 0       |
|    add_ln111_801_fu_20612_p2   |     |        | add_ln111_801  | add    | fabric    | 0       |
|    add_ln111_802_fu_15446_p2   |     |        | add_ln111_802  | add    | fabric    | 0       |
|    add_ln111_803_fu_15452_p2   |     |        | add_ln111_803  | add    | fabric    | 0       |
|    add_ln111_804_fu_20628_p2   |     |        | add_ln111_804  | add    | fabric    | 0       |
|    add_ln111_805_fu_20638_p2   |     |        | add_ln111_805  | add    | fabric    | 0       |
|    add_ln111_806_fu_15458_p2   |     |        | add_ln111_806  | add    | fabric    | 0       |
|    add_ln111_807_fu_15464_p2   |     |        | add_ln111_807  | add    | fabric    | 0       |
|    add_ln111_808_fu_20654_p2   |     |        | add_ln111_808  | add    | fabric    | 0       |
|    add_ln111_809_fu_15470_p2   |     |        | add_ln111_809  | add    | fabric    | 0       |
|    add_ln111_810_fu_15476_p2   |     |        | add_ln111_810  | add    | fabric    | 0       |
|    add_ln111_811_fu_20670_p2   |     |        | add_ln111_811  | add    | fabric    | 0       |
|    add_ln111_812_fu_20680_p2   |     |        | add_ln111_812  | add    | fabric    | 0       |
|    add_ln111_813_fu_20690_p2   |     |        | add_ln111_813  | add    | fabric    | 0       |
|    add_ln111_814_fu_15482_p2   |     |        | add_ln111_814  | add    | fabric    | 0       |
|    add_ln111_815_fu_15488_p2   |     |        | add_ln111_815  | add    | fabric    | 0       |
|    add_ln111_816_fu_20702_p2   |     |        | add_ln111_816  | add    | fabric    | 0       |
|    add_ln111_817_fu_15494_p2   |     |        | add_ln111_817  | add    | fabric    | 0       |
|    add_ln111_818_fu_15500_p2   |     |        | add_ln111_818  | add    | fabric    | 0       |
|    add_ln111_819_fu_20718_p2   |     |        | add_ln111_819  | add    | fabric    | 0       |
|    add_ln111_820_fu_20728_p2   |     |        | add_ln111_820  | add    | fabric    | 0       |
|    add_ln111_821_fu_15506_p2   |     |        | add_ln111_821  | add    | fabric    | 0       |
|    add_ln111_822_fu_15512_p2   |     |        | add_ln111_822  | add    | fabric    | 0       |
|    add_ln111_823_fu_20744_p2   |     |        | add_ln111_823  | add    | fabric    | 0       |
|    add_ln111_824_fu_15518_p2   |     |        | add_ln111_824  | add    | fabric    | 0       |
|    add_ln111_825_fu_15524_p2   |     |        | add_ln111_825  | add    | fabric    | 0       |
|    add_ln111_826_fu_20760_p2   |     |        | add_ln111_826  | add    | fabric    | 0       |
|    add_ln111_827_fu_20770_p2   |     |        | add_ln111_827  | add    | fabric    | 0       |
|    add_ln111_828_fu_20780_p2   |     |        | add_ln111_828  | add    | fabric    | 0       |
|    add_ln111_829_fu_22344_p2   |     |        | add_ln111_829  | add    | fabric    | 0       |
|    add_ln111_830_fu_22354_p2   |     |        | add_ln111_830  | add    | fabric    | 0       |
|    add_ln111_831_fu_15530_p2   |     |        | add_ln111_831  | add    | fabric    | 0       |
|    add_ln111_832_fu_15536_p2   |     |        | add_ln111_832  | add    | fabric    | 0       |
|    add_ln111_833_fu_20792_p2   |     |        | add_ln111_833  | add    | fabric    | 0       |
|    add_ln111_834_fu_15542_p2   |     |        | add_ln111_834  | add    | fabric    | 0       |
|    add_ln111_835_fu_15548_p2   |     |        | add_ln111_835  | add    | fabric    | 0       |
|    add_ln111_836_fu_20808_p2   |     |        | add_ln111_836  | add    | fabric    | 0       |
|    add_ln111_837_fu_20818_p2   |     |        | add_ln111_837  | add    | fabric    | 0       |
|    add_ln111_838_fu_15554_p2   |     |        | add_ln111_838  | add    | fabric    | 0       |
|    add_ln111_839_fu_15560_p2   |     |        | add_ln111_839  | add    | fabric    | 0       |
|    add_ln111_840_fu_20834_p2   |     |        | add_ln111_840  | add    | fabric    | 0       |
|    add_ln111_841_fu_15566_p2   |     |        | add_ln111_841  | add    | fabric    | 0       |
|    add_ln111_842_fu_15572_p2   |     |        | add_ln111_842  | add    | fabric    | 0       |
|    add_ln111_843_fu_20850_p2   |     |        | add_ln111_843  | add    | fabric    | 0       |
|    add_ln111_844_fu_20860_p2   |     |        | add_ln111_844  | add    | fabric    | 0       |
|    add_ln111_845_fu_20870_p2   |     |        | add_ln111_845  | add    | fabric    | 0       |
|    add_ln111_846_fu_15578_p2   |     |        | add_ln111_846  | add    | fabric    | 0       |
|    add_ln111_847_fu_15584_p2   |     |        | add_ln111_847  | add    | fabric    | 0       |
|    add_ln111_848_fu_20882_p2   |     |        | add_ln111_848  | add    | fabric    | 0       |
|    add_ln111_849_fu_15590_p2   |     |        | add_ln111_849  | add    | fabric    | 0       |
|    add_ln111_850_fu_15596_p2   |     |        | add_ln111_850  | add    | fabric    | 0       |
|    add_ln111_851_fu_20898_p2   |     |        | add_ln111_851  | add    | fabric    | 0       |
|    add_ln111_852_fu_20908_p2   |     |        | add_ln111_852  | add    | fabric    | 0       |
|    add_ln111_853_fu_15602_p2   |     |        | add_ln111_853  | add    | fabric    | 0       |
|    add_ln111_854_fu_15608_p2   |     |        | add_ln111_854  | add    | fabric    | 0       |
|    add_ln111_855_fu_20924_p2   |     |        | add_ln111_855  | add    | fabric    | 0       |
|    add_ln111_856_fu_15614_p2   |     |        | add_ln111_856  | add    | fabric    | 0       |
|    add_ln111_857_fu_15620_p2   |     |        | add_ln111_857  | add    | fabric    | 0       |
|    add_ln111_858_fu_20940_p2   |     |        | add_ln111_858  | add    | fabric    | 0       |
|    add_ln111_859_fu_20950_p2   |     |        | add_ln111_859  | add    | fabric    | 0       |
|    add_ln111_860_fu_20960_p2   |     |        | add_ln111_860  | add    | fabric    | 0       |
|    add_ln111_861_fu_22366_p2   |     |        | add_ln111_861  | add    | fabric    | 0       |
|    add_ln111_862_fu_15626_p2   |     |        | add_ln111_862  | add    | fabric    | 0       |
|    add_ln111_863_fu_15632_p2   |     |        | add_ln111_863  | add    | fabric    | 0       |
|    add_ln111_864_fu_20972_p2   |     |        | add_ln111_864  | add    | fabric    | 0       |
|    add_ln111_865_fu_15638_p2   |     |        | add_ln111_865  | add    | fabric    | 0       |
|    add_ln111_866_fu_15644_p2   |     |        | add_ln111_866  | add    | fabric    | 0       |
|    add_ln111_867_fu_20988_p2   |     |        | add_ln111_867  | add    | fabric    | 0       |
|    add_ln111_868_fu_20998_p2   |     |        | add_ln111_868  | add    | fabric    | 0       |
|    add_ln111_869_fu_15650_p2   |     |        | add_ln111_869  | add    | fabric    | 0       |
|    add_ln111_870_fu_15656_p2   |     |        | add_ln111_870  | add    | fabric    | 0       |
|    add_ln111_871_fu_21014_p2   |     |        | add_ln111_871  | add    | fabric    | 0       |
|    add_ln111_872_fu_15662_p2   |     |        | add_ln111_872  | add    | fabric    | 0       |
|    add_ln111_873_fu_15668_p2   |     |        | add_ln111_873  | add    | fabric    | 0       |
|    add_ln111_874_fu_21030_p2   |     |        | add_ln111_874  | add    | fabric    | 0       |
|    add_ln111_875_fu_21040_p2   |     |        | add_ln111_875  | add    | fabric    | 0       |
|    add_ln111_876_fu_21050_p2   |     |        | add_ln111_876  | add    | fabric    | 0       |
|    add_ln111_877_fu_15674_p2   |     |        | add_ln111_877  | add    | fabric    | 0       |
|    add_ln111_878_fu_15680_p2   |     |        | add_ln111_878  | add    | fabric    | 0       |
|    add_ln111_879_fu_21062_p2   |     |        | add_ln111_879  | add    | fabric    | 0       |
|    add_ln111_880_fu_15686_p2   |     |        | add_ln111_880  | add    | fabric    | 0       |
|    add_ln111_881_fu_15692_p2   |     |        | add_ln111_881  | add    | fabric    | 0       |
|    add_ln111_882_fu_21078_p2   |     |        | add_ln111_882  | add    | fabric    | 0       |
|    add_ln111_883_fu_21088_p2   |     |        | add_ln111_883  | add    | fabric    | 0       |
|    add_ln111_884_fu_15698_p2   |     |        | add_ln111_884  | add    | fabric    | 0       |
|    add_ln111_885_fu_15704_p2   |     |        | add_ln111_885  | add    | fabric    | 0       |
|    add_ln111_886_fu_21104_p2   |     |        | add_ln111_886  | add    | fabric    | 0       |
|    add_ln111_887_fu_15710_p2   |     |        | add_ln111_887  | add    | fabric    | 0       |
|    add_ln111_888_fu_15716_p2   |     |        | add_ln111_888  | add    | fabric    | 0       |
|    add_ln111_889_fu_21120_p2   |     |        | add_ln111_889  | add    | fabric    | 0       |
|    add_ln111_890_fu_21130_p2   |     |        | add_ln111_890  | add    | fabric    | 0       |
|    add_ln111_891_fu_21140_p2   |     |        | add_ln111_891  | add    | fabric    | 0       |
|    add_ln111_892_fu_22382_p2   |     |        | add_ln111_892  | add    | fabric    | 0       |
|    add_ln111_893_fu_22392_p2   |     |        | add_ln111_893  | add    | fabric    | 0       |
|    add_ln111_894_fu_22594_p2   |     |        | add_ln111_894  | add    | fabric    | 0       |
|    add_ln111_895_fu_15722_p2   |     |        | add_ln111_895  | add    | fabric    | 0       |
|    add_ln111_896_fu_15728_p2   |     |        | add_ln111_896  | add    | fabric    | 0       |
|    add_ln111_897_fu_21152_p2   |     |        | add_ln111_897  | add    | fabric    | 0       |
|    add_ln111_898_fu_15734_p2   |     |        | add_ln111_898  | add    | fabric    | 0       |
|    add_ln111_899_fu_15740_p2   |     |        | add_ln111_899  | add    | fabric    | 0       |
|    add_ln111_900_fu_21168_p2   |     |        | add_ln111_900  | add    | fabric    | 0       |
|    add_ln111_901_fu_21178_p2   |     |        | add_ln111_901  | add    | fabric    | 0       |
|    add_ln111_902_fu_15746_p2   |     |        | add_ln111_902  | add    | fabric    | 0       |
|    add_ln111_903_fu_15752_p2   |     |        | add_ln111_903  | add    | fabric    | 0       |
|    add_ln111_904_fu_21194_p2   |     |        | add_ln111_904  | add    | fabric    | 0       |
|    add_ln111_905_fu_15758_p2   |     |        | add_ln111_905  | add    | fabric    | 0       |
|    add_ln111_906_fu_15764_p2   |     |        | add_ln111_906  | add    | fabric    | 0       |
|    add_ln111_907_fu_21210_p2   |     |        | add_ln111_907  | add    | fabric    | 0       |
|    add_ln111_908_fu_21220_p2   |     |        | add_ln111_908  | add    | fabric    | 0       |
|    add_ln111_909_fu_21230_p2   |     |        | add_ln111_909  | add    | fabric    | 0       |
|    add_ln111_910_fu_15770_p2   |     |        | add_ln111_910  | add    | fabric    | 0       |
|    add_ln111_911_fu_15776_p2   |     |        | add_ln111_911  | add    | fabric    | 0       |
|    add_ln111_912_fu_21242_p2   |     |        | add_ln111_912  | add    | fabric    | 0       |
|    add_ln111_913_fu_15782_p2   |     |        | add_ln111_913  | add    | fabric    | 0       |
|    add_ln111_914_fu_15788_p2   |     |        | add_ln111_914  | add    | fabric    | 0       |
|    add_ln111_915_fu_21258_p2   |     |        | add_ln111_915  | add    | fabric    | 0       |
|    add_ln111_916_fu_21268_p2   |     |        | add_ln111_916  | add    | fabric    | 0       |
|    add_ln111_917_fu_15794_p2   |     |        | add_ln111_917  | add    | fabric    | 0       |
|    add_ln111_918_fu_15800_p2   |     |        | add_ln111_918  | add    | fabric    | 0       |
|    add_ln111_919_fu_21284_p2   |     |        | add_ln111_919  | add    | fabric    | 0       |
|    add_ln111_920_fu_15806_p2   |     |        | add_ln111_920  | add    | fabric    | 0       |
|    add_ln111_921_fu_15812_p2   |     |        | add_ln111_921  | add    | fabric    | 0       |
|    add_ln111_922_fu_21300_p2   |     |        | add_ln111_922  | add    | fabric    | 0       |
|    add_ln111_923_fu_21310_p2   |     |        | add_ln111_923  | add    | fabric    | 0       |
|    add_ln111_924_fu_21320_p2   |     |        | add_ln111_924  | add    | fabric    | 0       |
|    add_ln111_925_fu_22404_p2   |     |        | add_ln111_925  | add    | fabric    | 0       |
|    add_ln111_926_fu_15818_p2   |     |        | add_ln111_926  | add    | fabric    | 0       |
|    add_ln111_927_fu_15824_p2   |     |        | add_ln111_927  | add    | fabric    | 0       |
|    add_ln111_928_fu_21332_p2   |     |        | add_ln111_928  | add    | fabric    | 0       |
|    add_ln111_929_fu_15830_p2   |     |        | add_ln111_929  | add    | fabric    | 0       |
|    add_ln111_930_fu_15836_p2   |     |        | add_ln111_930  | add    | fabric    | 0       |
|    add_ln111_931_fu_21348_p2   |     |        | add_ln111_931  | add    | fabric    | 0       |
|    add_ln111_932_fu_21358_p2   |     |        | add_ln111_932  | add    | fabric    | 0       |
|    add_ln111_933_fu_15842_p2   |     |        | add_ln111_933  | add    | fabric    | 0       |
|    add_ln111_934_fu_15848_p2   |     |        | add_ln111_934  | add    | fabric    | 0       |
|    add_ln111_935_fu_21374_p2   |     |        | add_ln111_935  | add    | fabric    | 0       |
|    add_ln111_936_fu_15854_p2   |     |        | add_ln111_936  | add    | fabric    | 0       |
|    add_ln111_937_fu_15860_p2   |     |        | add_ln111_937  | add    | fabric    | 0       |
|    add_ln111_938_fu_21390_p2   |     |        | add_ln111_938  | add    | fabric    | 0       |
|    add_ln111_939_fu_21400_p2   |     |        | add_ln111_939  | add    | fabric    | 0       |
|    add_ln111_940_fu_21410_p2   |     |        | add_ln111_940  | add    | fabric    | 0       |
|    add_ln111_941_fu_15866_p2   |     |        | add_ln111_941  | add    | fabric    | 0       |
|    add_ln111_942_fu_15872_p2   |     |        | add_ln111_942  | add    | fabric    | 0       |
|    add_ln111_943_fu_21422_p2   |     |        | add_ln111_943  | add    | fabric    | 0       |
|    add_ln111_944_fu_15878_p2   |     |        | add_ln111_944  | add    | fabric    | 0       |
|    add_ln111_945_fu_15884_p2   |     |        | add_ln111_945  | add    | fabric    | 0       |
|    add_ln111_946_fu_21438_p2   |     |        | add_ln111_946  | add    | fabric    | 0       |
|    add_ln111_947_fu_21448_p2   |     |        | add_ln111_947  | add    | fabric    | 0       |
|    add_ln111_948_fu_15890_p2   |     |        | add_ln111_948  | add    | fabric    | 0       |
|    add_ln111_949_fu_15896_p2   |     |        | add_ln111_949  | add    | fabric    | 0       |
|    add_ln111_950_fu_21464_p2   |     |        | add_ln111_950  | add    | fabric    | 0       |
|    add_ln111_951_fu_15902_p2   |     |        | add_ln111_951  | add    | fabric    | 0       |
|    add_ln111_952_fu_15908_p2   |     |        | add_ln111_952  | add    | fabric    | 0       |
|    add_ln111_953_fu_21480_p2   |     |        | add_ln111_953  | add    | fabric    | 0       |
|    add_ln111_954_fu_21490_p2   |     |        | add_ln111_954  | add    | fabric    | 0       |
|    add_ln111_955_fu_21500_p2   |     |        | add_ln111_955  | add    | fabric    | 0       |
|    add_ln111_956_fu_22420_p2   |     |        | add_ln111_956  | add    | fabric    | 0       |
|    add_ln111_957_fu_22430_p2   |     |        | add_ln111_957  | add    | fabric    | 0       |
|    add_ln111_958_fu_15914_p2   |     |        | add_ln111_958  | add    | fabric    | 0       |
|    add_ln111_959_fu_15920_p2   |     |        | add_ln111_959  | add    | fabric    | 0       |
|    add_ln111_960_fu_21512_p2   |     |        | add_ln111_960  | add    | fabric    | 0       |
|    add_ln111_961_fu_15926_p2   |     |        | add_ln111_961  | add    | fabric    | 0       |
|    add_ln111_962_fu_15932_p2   |     |        | add_ln111_962  | add    | fabric    | 0       |
|    add_ln111_963_fu_21528_p2   |     |        | add_ln111_963  | add    | fabric    | 0       |
|    add_ln111_964_fu_21538_p2   |     |        | add_ln111_964  | add    | fabric    | 0       |
|    add_ln111_965_fu_15938_p2   |     |        | add_ln111_965  | add    | fabric    | 0       |
|    add_ln111_966_fu_15944_p2   |     |        | add_ln111_966  | add    | fabric    | 0       |
|    add_ln111_967_fu_21554_p2   |     |        | add_ln111_967  | add    | fabric    | 0       |
|    add_ln111_968_fu_15950_p2   |     |        | add_ln111_968  | add    | fabric    | 0       |
|    add_ln111_969_fu_15956_p2   |     |        | add_ln111_969  | add    | fabric    | 0       |
|    add_ln111_970_fu_21570_p2   |     |        | add_ln111_970  | add    | fabric    | 0       |
|    add_ln111_971_fu_21580_p2   |     |        | add_ln111_971  | add    | fabric    | 0       |
|    add_ln111_972_fu_21590_p2   |     |        | add_ln111_972  | add    | fabric    | 0       |
|    add_ln111_973_fu_15962_p2   |     |        | add_ln111_973  | add    | fabric    | 0       |
|    add_ln111_974_fu_15968_p2   |     |        | add_ln111_974  | add    | fabric    | 0       |
|    add_ln111_975_fu_21602_p2   |     |        | add_ln111_975  | add    | fabric    | 0       |
|    add_ln111_976_fu_15974_p2   |     |        | add_ln111_976  | add    | fabric    | 0       |
|    add_ln111_977_fu_15980_p2   |     |        | add_ln111_977  | add    | fabric    | 0       |
|    add_ln111_978_fu_21618_p2   |     |        | add_ln111_978  | add    | fabric    | 0       |
|    add_ln111_979_fu_21628_p2   |     |        | add_ln111_979  | add    | fabric    | 0       |
|    add_ln111_980_fu_15986_p2   |     |        | add_ln111_980  | add    | fabric    | 0       |
|    add_ln111_981_fu_15992_p2   |     |        | add_ln111_981  | add    | fabric    | 0       |
|    add_ln111_982_fu_21644_p2   |     |        | add_ln111_982  | add    | fabric    | 0       |
|    add_ln111_983_fu_15998_p2   |     |        | add_ln111_983  | add    | fabric    | 0       |
|    add_ln111_984_fu_16004_p2   |     |        | add_ln111_984  | add    | fabric    | 0       |
|    add_ln111_985_fu_21660_p2   |     |        | add_ln111_985  | add    | fabric    | 0       |
|    add_ln111_986_fu_21670_p2   |     |        | add_ln111_986  | add    | fabric    | 0       |
|    add_ln111_987_fu_21680_p2   |     |        | add_ln111_987  | add    | fabric    | 0       |
|    add_ln111_988_fu_22442_p2   |     |        | add_ln111_988  | add    | fabric    | 0       |
|    add_ln111_989_fu_16010_p2   |     |        | add_ln111_989  | add    | fabric    | 0       |
|    add_ln111_990_fu_16016_p2   |     |        | add_ln111_990  | add    | fabric    | 0       |
|    add_ln111_991_fu_21692_p2   |     |        | add_ln111_991  | add    | fabric    | 0       |
|    add_ln111_992_fu_16022_p2   |     |        | add_ln111_992  | add    | fabric    | 0       |
|    add_ln111_993_fu_16028_p2   |     |        | add_ln111_993  | add    | fabric    | 0       |
|    add_ln111_994_fu_21708_p2   |     |        | add_ln111_994  | add    | fabric    | 0       |
|    add_ln111_995_fu_21718_p2   |     |        | add_ln111_995  | add    | fabric    | 0       |
|    add_ln111_996_fu_16034_p2   |     |        | add_ln111_996  | add    | fabric    | 0       |
|    add_ln111_997_fu_16040_p2   |     |        | add_ln111_997  | add    | fabric    | 0       |
|    add_ln111_998_fu_21734_p2   |     |        | add_ln111_998  | add    | fabric    | 0       |
|    add_ln111_999_fu_16046_p2   |     |        | add_ln111_999  | add    | fabric    | 0       |
|    add_ln111_1000_fu_16052_p2  |     |        | add_ln111_1000 | add    | fabric    | 0       |
|    add_ln111_1001_fu_21750_p2  |     |        | add_ln111_1001 | add    | fabric    | 0       |
|    add_ln111_1002_fu_21760_p2  |     |        | add_ln111_1002 | add    | fabric    | 0       |
|    add_ln111_1003_fu_21770_p2  |     |        | add_ln111_1003 | add    | fabric    | 0       |
|    add_ln111_1004_fu_16058_p2  |     |        | add_ln111_1004 | add    | fabric    | 0       |
|    add_ln111_1005_fu_16064_p2  |     |        | add_ln111_1005 | add    | fabric    | 0       |
|    add_ln111_1006_fu_21782_p2  |     |        | add_ln111_1006 | add    | fabric    | 0       |
|    add_ln111_1007_fu_16070_p2  |     |        | add_ln111_1007 | add    | fabric    | 0       |
|    add_ln111_1008_fu_16076_p2  |     |        | add_ln111_1008 | add    | fabric    | 0       |
|    add_ln111_1009_fu_21798_p2  |     |        | add_ln111_1009 | add    | fabric    | 0       |
|    add_ln111_1010_fu_21808_p2  |     |        | add_ln111_1010 | add    | fabric    | 0       |
|    add_ln111_1011_fu_16082_p2  |     |        | add_ln111_1011 | add    | fabric    | 0       |
|    add_ln111_1012_fu_16088_p2  |     |        | add_ln111_1012 | add    | fabric    | 0       |
|    add_ln111_1013_fu_21824_p2  |     |        | add_ln111_1013 | add    | fabric    | 0       |
|    add_ln111_1014_fu_16094_p2  |     |        | add_ln111_1014 | add    | fabric    | 0       |
|    add_ln111_1015_fu_16100_p2  |     |        | add_ln111_1015 | add    | fabric    | 0       |
|    add_ln111_1016_fu_21840_p2  |     |        | add_ln111_1016 | add    | fabric    | 0       |
|    add_ln111_1017_fu_21850_p2  |     |        | add_ln111_1017 | add    | fabric    | 0       |
|    add_ln111_1018_fu_21860_p2  |     |        | add_ln111_1018 | add    | fabric    | 0       |
|    add_ln111_1019_fu_22458_p2  |     |        | add_ln111_1019 | add    | fabric    | 0       |
|    add_ln111_1020_fu_22468_p2  |     |        | add_ln111_1020 | add    | fabric    | 0       |
|    add_ln111_1021_fu_22610_p2  |     |        | add_ln111_1021 | add    | fabric    | 0       |
|    add_ln111_1022_fu_22620_p2  |     |        | add_ln111_1022 | add    | fabric    | 0       |
|    add_ln111_1023_fu_22693_p2  |     |        | add_ln111_1023 | add    | fabric    | 0       |
|    add_ln98_fu_722_p2          |     |        | add_ln98       | add    | fabric    | 0       |
|  + bnn_top_Pipeline_L3_NEURON  | 0   |        |                |        |           |         |
|    icmp_ln124_fu_633_p2        |     |        | icmp_ln124     | seteq  | auto      | 0       |
|    add_ln124_fu_639_p2         |     |        | add_ln124      | add    | fabric    | 0       |
|    xor_ln131_fu_661_p2         |     |        | xor_ln131      | xor    | auto      | 0       |
|    xnor_result_fu_666_p2       |     |        | xnor_result    | xor    | auto      | 0       |
|    add_ln140_fu_3740_p2        |     |        | add_ln140      | add    | fabric    | 0       |
|    add_ln140_1_fu_3746_p2      |     |        | add_ln140_1    | add    | fabric    | 0       |
|    add_ln140_2_fu_4514_p2      |     |        | add_ln140_2    | add    | fabric    | 0       |
|    add_ln140_3_fu_3752_p2      |     |        | add_ln140_3    | add    | fabric    | 0       |
|    add_ln140_4_fu_3758_p2      |     |        | add_ln140_4    | add    | fabric    | 0       |
|    add_ln140_5_fu_4530_p2      |     |        | add_ln140_5    | add    | fabric    | 0       |
|    add_ln140_6_fu_4540_p2      |     |        | add_ln140_6    | add    | fabric    | 0       |
|    add_ln140_7_fu_3764_p2      |     |        | add_ln140_7    | add    | fabric    | 0       |
|    add_ln140_8_fu_3770_p2      |     |        | add_ln140_8    | add    | fabric    | 0       |
|    add_ln140_9_fu_4556_p2      |     |        | add_ln140_9    | add    | fabric    | 0       |
|    add_ln140_10_fu_3776_p2     |     |        | add_ln140_10   | add    | fabric    | 0       |
|    add_ln140_11_fu_3782_p2     |     |        | add_ln140_11   | add    | fabric    | 0       |
|    add_ln140_12_fu_4572_p2     |     |        | add_ln140_12   | add    | fabric    | 0       |
|    add_ln140_13_fu_4582_p2     |     |        | add_ln140_13   | add    | fabric    | 0       |
|    add_ln140_14_fu_4592_p2     |     |        | add_ln140_14   | add    | fabric    | 0       |
|    add_ln140_15_fu_3788_p2     |     |        | add_ln140_15   | add    | fabric    | 0       |
|    add_ln140_16_fu_3794_p2     |     |        | add_ln140_16   | add    | fabric    | 0       |
|    add_ln140_17_fu_4604_p2     |     |        | add_ln140_17   | add    | fabric    | 0       |
|    add_ln140_18_fu_3800_p2     |     |        | add_ln140_18   | add    | fabric    | 0       |
|    add_ln140_19_fu_3806_p2     |     |        | add_ln140_19   | add    | fabric    | 0       |
|    add_ln140_20_fu_4620_p2     |     |        | add_ln140_20   | add    | fabric    | 0       |
|    add_ln140_21_fu_4630_p2     |     |        | add_ln140_21   | add    | fabric    | 0       |
|    add_ln140_22_fu_3812_p2     |     |        | add_ln140_22   | add    | fabric    | 0       |
|    add_ln140_23_fu_3818_p2     |     |        | add_ln140_23   | add    | fabric    | 0       |
|    add_ln140_24_fu_4646_p2     |     |        | add_ln140_24   | add    | fabric    | 0       |
|    add_ln140_25_fu_3824_p2     |     |        | add_ln140_25   | add    | fabric    | 0       |
|    add_ln140_26_fu_3830_p2     |     |        | add_ln140_26   | add    | fabric    | 0       |
|    add_ln140_27_fu_4662_p2     |     |        | add_ln140_27   | add    | fabric    | 0       |
|    add_ln140_28_fu_4672_p2     |     |        | add_ln140_28   | add    | fabric    | 0       |
|    add_ln140_29_fu_4682_p2     |     |        | add_ln140_29   | add    | fabric    | 0       |
|    add_ln140_30_fu_5954_p2     |     |        | add_ln140_30   | add    | fabric    | 0       |
|    add_ln140_31_fu_3836_p2     |     |        | add_ln140_31   | add    | fabric    | 0       |
|    add_ln140_32_fu_3842_p2     |     |        | add_ln140_32   | add    | fabric    | 0       |
|    add_ln140_33_fu_4694_p2     |     |        | add_ln140_33   | add    | fabric    | 0       |
|    add_ln140_34_fu_3848_p2     |     |        | add_ln140_34   | add    | fabric    | 0       |
|    add_ln140_35_fu_3854_p2     |     |        | add_ln140_35   | add    | fabric    | 0       |
|    add_ln140_36_fu_4710_p2     |     |        | add_ln140_36   | add    | fabric    | 0       |
|    add_ln140_37_fu_4720_p2     |     |        | add_ln140_37   | add    | fabric    | 0       |
|    add_ln140_38_fu_3860_p2     |     |        | add_ln140_38   | add    | fabric    | 0       |
|    add_ln140_39_fu_3866_p2     |     |        | add_ln140_39   | add    | fabric    | 0       |
|    add_ln140_40_fu_4736_p2     |     |        | add_ln140_40   | add    | fabric    | 0       |
|    add_ln140_41_fu_3872_p2     |     |        | add_ln140_41   | add    | fabric    | 0       |
|    add_ln140_42_fu_3878_p2     |     |        | add_ln140_42   | add    | fabric    | 0       |
|    add_ln140_43_fu_4752_p2     |     |        | add_ln140_43   | add    | fabric    | 0       |
|    add_ln140_44_fu_4762_p2     |     |        | add_ln140_44   | add    | fabric    | 0       |
|    add_ln140_45_fu_4772_p2     |     |        | add_ln140_45   | add    | fabric    | 0       |
|    add_ln140_46_fu_3884_p2     |     |        | add_ln140_46   | add    | fabric    | 0       |
|    add_ln140_47_fu_3890_p2     |     |        | add_ln140_47   | add    | fabric    | 0       |
|    add_ln140_48_fu_4784_p2     |     |        | add_ln140_48   | add    | fabric    | 0       |
|    add_ln140_49_fu_3896_p2     |     |        | add_ln140_49   | add    | fabric    | 0       |
|    add_ln140_50_fu_3902_p2     |     |        | add_ln140_50   | add    | fabric    | 0       |
|    add_ln140_51_fu_4800_p2     |     |        | add_ln140_51   | add    | fabric    | 0       |
|    add_ln140_52_fu_4810_p2     |     |        | add_ln140_52   | add    | fabric    | 0       |
|    add_ln140_53_fu_3908_p2     |     |        | add_ln140_53   | add    | fabric    | 0       |
|    add_ln140_54_fu_3914_p2     |     |        | add_ln140_54   | add    | fabric    | 0       |
|    add_ln140_55_fu_4826_p2     |     |        | add_ln140_55   | add    | fabric    | 0       |
|    add_ln140_56_fu_3920_p2     |     |        | add_ln140_56   | add    | fabric    | 0       |
|    add_ln140_57_fu_3926_p2     |     |        | add_ln140_57   | add    | fabric    | 0       |
|    add_ln140_58_fu_4842_p2     |     |        | add_ln140_58   | add    | fabric    | 0       |
|    add_ln140_59_fu_4852_p2     |     |        | add_ln140_59   | add    | fabric    | 0       |
|    add_ln140_60_fu_4862_p2     |     |        | add_ln140_60   | add    | fabric    | 0       |
|    add_ln140_61_fu_5970_p2     |     |        | add_ln140_61   | add    | fabric    | 0       |
|    add_ln140_62_fu_5980_p2     |     |        | add_ln140_62   | add    | fabric    | 0       |
|    add_ln140_63_fu_3932_p2     |     |        | add_ln140_63   | add    | fabric    | 0       |
|    add_ln140_64_fu_3938_p2     |     |        | add_ln140_64   | add    | fabric    | 0       |
|    add_ln140_65_fu_4874_p2     |     |        | add_ln140_65   | add    | fabric    | 0       |
|    add_ln140_66_fu_3944_p2     |     |        | add_ln140_66   | add    | fabric    | 0       |
|    add_ln140_67_fu_3950_p2     |     |        | add_ln140_67   | add    | fabric    | 0       |
|    add_ln140_68_fu_4890_p2     |     |        | add_ln140_68   | add    | fabric    | 0       |
|    add_ln140_69_fu_4900_p2     |     |        | add_ln140_69   | add    | fabric    | 0       |
|    add_ln140_70_fu_3956_p2     |     |        | add_ln140_70   | add    | fabric    | 0       |
|    add_ln140_71_fu_3962_p2     |     |        | add_ln140_71   | add    | fabric    | 0       |
|    add_ln140_72_fu_4916_p2     |     |        | add_ln140_72   | add    | fabric    | 0       |
|    add_ln140_73_fu_3968_p2     |     |        | add_ln140_73   | add    | fabric    | 0       |
|    add_ln140_74_fu_3974_p2     |     |        | add_ln140_74   | add    | fabric    | 0       |
|    add_ln140_75_fu_4932_p2     |     |        | add_ln140_75   | add    | fabric    | 0       |
|    add_ln140_76_fu_4942_p2     |     |        | add_ln140_76   | add    | fabric    | 0       |
|    add_ln140_77_fu_4952_p2     |     |        | add_ln140_77   | add    | fabric    | 0       |
|    add_ln140_78_fu_3980_p2     |     |        | add_ln140_78   | add    | fabric    | 0       |
|    add_ln140_79_fu_3986_p2     |     |        | add_ln140_79   | add    | fabric    | 0       |
|    add_ln140_80_fu_4964_p2     |     |        | add_ln140_80   | add    | fabric    | 0       |
|    add_ln140_81_fu_3992_p2     |     |        | add_ln140_81   | add    | fabric    | 0       |
|    add_ln140_82_fu_3998_p2     |     |        | add_ln140_82   | add    | fabric    | 0       |
|    add_ln140_83_fu_4980_p2     |     |        | add_ln140_83   | add    | fabric    | 0       |
|    add_ln140_84_fu_4990_p2     |     |        | add_ln140_84   | add    | fabric    | 0       |
|    add_ln140_85_fu_4004_p2     |     |        | add_ln140_85   | add    | fabric    | 0       |
|    add_ln140_86_fu_4010_p2     |     |        | add_ln140_86   | add    | fabric    | 0       |
|    add_ln140_87_fu_5006_p2     |     |        | add_ln140_87   | add    | fabric    | 0       |
|    add_ln140_88_fu_4016_p2     |     |        | add_ln140_88   | add    | fabric    | 0       |
|    add_ln140_89_fu_4022_p2     |     |        | add_ln140_89   | add    | fabric    | 0       |
|    add_ln140_90_fu_5022_p2     |     |        | add_ln140_90   | add    | fabric    | 0       |
|    add_ln140_91_fu_5032_p2     |     |        | add_ln140_91   | add    | fabric    | 0       |
|    add_ln140_92_fu_5042_p2     |     |        | add_ln140_92   | add    | fabric    | 0       |
|    add_ln140_93_fu_5992_p2     |     |        | add_ln140_93   | add    | fabric    | 0       |
|    add_ln140_94_fu_4028_p2     |     |        | add_ln140_94   | add    | fabric    | 0       |
|    add_ln140_95_fu_4034_p2     |     |        | add_ln140_95   | add    | fabric    | 0       |
|    add_ln140_96_fu_5054_p2     |     |        | add_ln140_96   | add    | fabric    | 0       |
|    add_ln140_97_fu_4040_p2     |     |        | add_ln140_97   | add    | fabric    | 0       |
|    add_ln140_98_fu_4046_p2     |     |        | add_ln140_98   | add    | fabric    | 0       |
|    add_ln140_99_fu_5070_p2     |     |        | add_ln140_99   | add    | fabric    | 0       |
|    add_ln140_100_fu_5080_p2    |     |        | add_ln140_100  | add    | fabric    | 0       |
|    add_ln140_101_fu_4052_p2    |     |        | add_ln140_101  | add    | fabric    | 0       |
|    add_ln140_102_fu_4058_p2    |     |        | add_ln140_102  | add    | fabric    | 0       |
|    add_ln140_103_fu_5096_p2    |     |        | add_ln140_103  | add    | fabric    | 0       |
|    add_ln140_104_fu_4064_p2    |     |        | add_ln140_104  | add    | fabric    | 0       |
|    add_ln140_105_fu_4070_p2    |     |        | add_ln140_105  | add    | fabric    | 0       |
|    add_ln140_106_fu_5112_p2    |     |        | add_ln140_106  | add    | fabric    | 0       |
|    add_ln140_107_fu_5122_p2    |     |        | add_ln140_107  | add    | fabric    | 0       |
|    add_ln140_108_fu_5132_p2    |     |        | add_ln140_108  | add    | fabric    | 0       |
|    add_ln140_109_fu_4076_p2    |     |        | add_ln140_109  | add    | fabric    | 0       |
|    add_ln140_110_fu_4082_p2    |     |        | add_ln140_110  | add    | fabric    | 0       |
|    add_ln140_111_fu_5144_p2    |     |        | add_ln140_111  | add    | fabric    | 0       |
|    add_ln140_112_fu_4088_p2    |     |        | add_ln140_112  | add    | fabric    | 0       |
|    add_ln140_113_fu_4094_p2    |     |        | add_ln140_113  | add    | fabric    | 0       |
|    add_ln140_114_fu_5160_p2    |     |        | add_ln140_114  | add    | fabric    | 0       |
|    add_ln140_115_fu_5170_p2    |     |        | add_ln140_115  | add    | fabric    | 0       |
|    add_ln140_116_fu_4100_p2    |     |        | add_ln140_116  | add    | fabric    | 0       |
|    add_ln140_117_fu_4106_p2    |     |        | add_ln140_117  | add    | fabric    | 0       |
|    add_ln140_118_fu_5186_p2    |     |        | add_ln140_118  | add    | fabric    | 0       |
|    add_ln140_119_fu_4112_p2    |     |        | add_ln140_119  | add    | fabric    | 0       |
|    add_ln140_120_fu_4118_p2    |     |        | add_ln140_120  | add    | fabric    | 0       |
|    add_ln140_121_fu_5202_p2    |     |        | add_ln140_121  | add    | fabric    | 0       |
|    add_ln140_122_fu_5212_p2    |     |        | add_ln140_122  | add    | fabric    | 0       |
|    add_ln140_123_fu_5222_p2    |     |        | add_ln140_123  | add    | fabric    | 0       |
|    add_ln140_124_fu_6008_p2    |     |        | add_ln140_124  | add    | fabric    | 0       |
|    add_ln140_125_fu_6018_p2    |     |        | add_ln140_125  | add    | fabric    | 0       |
|    add_ln140_126_fu_6106_p2    |     |        | add_ln140_126  | add    | fabric    | 0       |
|    add_ln140_127_fu_4124_p2    |     |        | add_ln140_127  | add    | fabric    | 0       |
|    add_ln140_128_fu_4130_p2    |     |        | add_ln140_128  | add    | fabric    | 0       |
|    add_ln140_129_fu_5234_p2    |     |        | add_ln140_129  | add    | fabric    | 0       |
|    add_ln140_130_fu_4136_p2    |     |        | add_ln140_130  | add    | fabric    | 0       |
|    add_ln140_131_fu_4142_p2    |     |        | add_ln140_131  | add    | fabric    | 0       |
|    add_ln140_132_fu_5250_p2    |     |        | add_ln140_132  | add    | fabric    | 0       |
|    add_ln140_133_fu_5260_p2    |     |        | add_ln140_133  | add    | fabric    | 0       |
|    add_ln140_134_fu_4148_p2    |     |        | add_ln140_134  | add    | fabric    | 0       |
|    add_ln140_135_fu_4154_p2    |     |        | add_ln140_135  | add    | fabric    | 0       |
|    add_ln140_136_fu_5276_p2    |     |        | add_ln140_136  | add    | fabric    | 0       |
|    add_ln140_137_fu_4160_p2    |     |        | add_ln140_137  | add    | fabric    | 0       |
|    add_ln140_138_fu_4166_p2    |     |        | add_ln140_138  | add    | fabric    | 0       |
|    add_ln140_139_fu_5292_p2    |     |        | add_ln140_139  | add    | fabric    | 0       |
|    add_ln140_140_fu_5302_p2    |     |        | add_ln140_140  | add    | fabric    | 0       |
|    add_ln140_141_fu_5312_p2    |     |        | add_ln140_141  | add    | fabric    | 0       |
|    add_ln140_142_fu_4172_p2    |     |        | add_ln140_142  | add    | fabric    | 0       |
|    add_ln140_143_fu_4178_p2    |     |        | add_ln140_143  | add    | fabric    | 0       |
|    add_ln140_144_fu_5324_p2    |     |        | add_ln140_144  | add    | fabric    | 0       |
|    add_ln140_145_fu_4184_p2    |     |        | add_ln140_145  | add    | fabric    | 0       |
|    add_ln140_146_fu_4190_p2    |     |        | add_ln140_146  | add    | fabric    | 0       |
|    add_ln140_147_fu_5340_p2    |     |        | add_ln140_147  | add    | fabric    | 0       |
|    add_ln140_148_fu_5350_p2    |     |        | add_ln140_148  | add    | fabric    | 0       |
|    add_ln140_149_fu_4196_p2    |     |        | add_ln140_149  | add    | fabric    | 0       |
|    add_ln140_150_fu_4202_p2    |     |        | add_ln140_150  | add    | fabric    | 0       |
|    add_ln140_151_fu_5366_p2    |     |        | add_ln140_151  | add    | fabric    | 0       |
|    add_ln140_152_fu_4208_p2    |     |        | add_ln140_152  | add    | fabric    | 0       |
|    add_ln140_153_fu_4214_p2    |     |        | add_ln140_153  | add    | fabric    | 0       |
|    add_ln140_154_fu_5382_p2    |     |        | add_ln140_154  | add    | fabric    | 0       |
|    add_ln140_155_fu_5392_p2    |     |        | add_ln140_155  | add    | fabric    | 0       |
|    add_ln140_156_fu_5402_p2    |     |        | add_ln140_156  | add    | fabric    | 0       |
|    add_ln140_157_fu_6030_p2    |     |        | add_ln140_157  | add    | fabric    | 0       |
|    add_ln140_158_fu_4220_p2    |     |        | add_ln140_158  | add    | fabric    | 0       |
|    add_ln140_159_fu_4226_p2    |     |        | add_ln140_159  | add    | fabric    | 0       |
|    add_ln140_160_fu_5414_p2    |     |        | add_ln140_160  | add    | fabric    | 0       |
|    add_ln140_161_fu_4232_p2    |     |        | add_ln140_161  | add    | fabric    | 0       |
|    add_ln140_162_fu_4238_p2    |     |        | add_ln140_162  | add    | fabric    | 0       |
|    add_ln140_163_fu_5430_p2    |     |        | add_ln140_163  | add    | fabric    | 0       |
|    add_ln140_164_fu_5440_p2    |     |        | add_ln140_164  | add    | fabric    | 0       |
|    add_ln140_165_fu_4244_p2    |     |        | add_ln140_165  | add    | fabric    | 0       |
|    add_ln140_166_fu_4250_p2    |     |        | add_ln140_166  | add    | fabric    | 0       |
|    add_ln140_167_fu_5456_p2    |     |        | add_ln140_167  | add    | fabric    | 0       |
|    add_ln140_168_fu_4256_p2    |     |        | add_ln140_168  | add    | fabric    | 0       |
|    add_ln140_169_fu_4262_p2    |     |        | add_ln140_169  | add    | fabric    | 0       |
|    add_ln140_170_fu_5472_p2    |     |        | add_ln140_170  | add    | fabric    | 0       |
|    add_ln140_171_fu_5482_p2    |     |        | add_ln140_171  | add    | fabric    | 0       |
|    add_ln140_172_fu_5492_p2    |     |        | add_ln140_172  | add    | fabric    | 0       |
|    add_ln140_173_fu_4268_p2    |     |        | add_ln140_173  | add    | fabric    | 0       |
|    add_ln140_174_fu_4274_p2    |     |        | add_ln140_174  | add    | fabric    | 0       |
|    add_ln140_175_fu_5504_p2    |     |        | add_ln140_175  | add    | fabric    | 0       |
|    add_ln140_176_fu_4280_p2    |     |        | add_ln140_176  | add    | fabric    | 0       |
|    add_ln140_177_fu_4286_p2    |     |        | add_ln140_177  | add    | fabric    | 0       |
|    add_ln140_178_fu_5520_p2    |     |        | add_ln140_178  | add    | fabric    | 0       |
|    add_ln140_179_fu_5530_p2    |     |        | add_ln140_179  | add    | fabric    | 0       |
|    add_ln140_180_fu_4292_p2    |     |        | add_ln140_180  | add    | fabric    | 0       |
|    add_ln140_181_fu_4298_p2    |     |        | add_ln140_181  | add    | fabric    | 0       |
|    add_ln140_182_fu_5546_p2    |     |        | add_ln140_182  | add    | fabric    | 0       |
|    add_ln140_183_fu_4304_p2    |     |        | add_ln140_183  | add    | fabric    | 0       |
|    add_ln140_184_fu_4310_p2    |     |        | add_ln140_184  | add    | fabric    | 0       |
|    add_ln140_185_fu_5562_p2    |     |        | add_ln140_185  | add    | fabric    | 0       |
|    add_ln140_186_fu_5572_p2    |     |        | add_ln140_186  | add    | fabric    | 0       |
|    add_ln140_187_fu_5582_p2    |     |        | add_ln140_187  | add    | fabric    | 0       |
|    add_ln140_188_fu_6046_p2    |     |        | add_ln140_188  | add    | fabric    | 0       |
|    add_ln140_189_fu_6056_p2    |     |        | add_ln140_189  | add    | fabric    | 0       |
|    add_ln140_190_fu_4316_p2    |     |        | add_ln140_190  | add    | fabric    | 0       |
|    add_ln140_191_fu_4322_p2    |     |        | add_ln140_191  | add    | fabric    | 0       |
|    add_ln140_192_fu_5594_p2    |     |        | add_ln140_192  | add    | fabric    | 0       |
|    add_ln140_193_fu_4328_p2    |     |        | add_ln140_193  | add    | fabric    | 0       |
|    add_ln140_194_fu_4334_p2    |     |        | add_ln140_194  | add    | fabric    | 0       |
|    add_ln140_195_fu_5610_p2    |     |        | add_ln140_195  | add    | fabric    | 0       |
|    add_ln140_196_fu_5620_p2    |     |        | add_ln140_196  | add    | fabric    | 0       |
|    add_ln140_197_fu_4340_p2    |     |        | add_ln140_197  | add    | fabric    | 0       |
|    add_ln140_198_fu_4346_p2    |     |        | add_ln140_198  | add    | fabric    | 0       |
|    add_ln140_199_fu_5636_p2    |     |        | add_ln140_199  | add    | fabric    | 0       |
|    add_ln140_200_fu_4352_p2    |     |        | add_ln140_200  | add    | fabric    | 0       |
|    add_ln140_201_fu_4358_p2    |     |        | add_ln140_201  | add    | fabric    | 0       |
|    add_ln140_202_fu_5652_p2    |     |        | add_ln140_202  | add    | fabric    | 0       |
|    add_ln140_203_fu_5662_p2    |     |        | add_ln140_203  | add    | fabric    | 0       |
|    add_ln140_204_fu_5672_p2    |     |        | add_ln140_204  | add    | fabric    | 0       |
|    add_ln140_205_fu_4364_p2    |     |        | add_ln140_205  | add    | fabric    | 0       |
|    add_ln140_206_fu_4370_p2    |     |        | add_ln140_206  | add    | fabric    | 0       |
|    add_ln140_207_fu_5684_p2    |     |        | add_ln140_207  | add    | fabric    | 0       |
|    add_ln140_208_fu_4376_p2    |     |        | add_ln140_208  | add    | fabric    | 0       |
|    add_ln140_209_fu_4382_p2    |     |        | add_ln140_209  | add    | fabric    | 0       |
|    add_ln140_210_fu_5700_p2    |     |        | add_ln140_210  | add    | fabric    | 0       |
|    add_ln140_211_fu_5710_p2    |     |        | add_ln140_211  | add    | fabric    | 0       |
|    add_ln140_212_fu_4388_p2    |     |        | add_ln140_212  | add    | fabric    | 0       |
|    add_ln140_213_fu_4394_p2    |     |        | add_ln140_213  | add    | fabric    | 0       |
|    add_ln140_214_fu_5726_p2    |     |        | add_ln140_214  | add    | fabric    | 0       |
|    add_ln140_215_fu_4400_p2    |     |        | add_ln140_215  | add    | fabric    | 0       |
|    add_ln140_216_fu_4406_p2    |     |        | add_ln140_216  | add    | fabric    | 0       |
|    add_ln140_217_fu_5742_p2    |     |        | add_ln140_217  | add    | fabric    | 0       |
|    add_ln140_218_fu_5752_p2    |     |        | add_ln140_218  | add    | fabric    | 0       |
|    add_ln140_219_fu_5762_p2    |     |        | add_ln140_219  | add    | fabric    | 0       |
|    add_ln140_220_fu_6068_p2    |     |        | add_ln140_220  | add    | fabric    | 0       |
|    add_ln140_221_fu_4412_p2    |     |        | add_ln140_221  | add    | fabric    | 0       |
|    add_ln140_222_fu_4418_p2    |     |        | add_ln140_222  | add    | fabric    | 0       |
|    add_ln140_223_fu_5774_p2    |     |        | add_ln140_223  | add    | fabric    | 0       |
|    add_ln140_224_fu_4424_p2    |     |        | add_ln140_224  | add    | fabric    | 0       |
|    add_ln140_225_fu_4430_p2    |     |        | add_ln140_225  | add    | fabric    | 0       |
|    add_ln140_226_fu_5790_p2    |     |        | add_ln140_226  | add    | fabric    | 0       |
|    add_ln140_227_fu_5800_p2    |     |        | add_ln140_227  | add    | fabric    | 0       |
|    add_ln140_228_fu_4436_p2    |     |        | add_ln140_228  | add    | fabric    | 0       |
|    add_ln140_229_fu_4442_p2    |     |        | add_ln140_229  | add    | fabric    | 0       |
|    add_ln140_230_fu_5816_p2    |     |        | add_ln140_230  | add    | fabric    | 0       |
|    add_ln140_231_fu_4448_p2    |     |        | add_ln140_231  | add    | fabric    | 0       |
|    add_ln140_232_fu_4454_p2    |     |        | add_ln140_232  | add    | fabric    | 0       |
|    add_ln140_233_fu_5832_p2    |     |        | add_ln140_233  | add    | fabric    | 0       |
|    add_ln140_234_fu_5842_p2    |     |        | add_ln140_234  | add    | fabric    | 0       |
|    add_ln140_235_fu_5852_p2    |     |        | add_ln140_235  | add    | fabric    | 0       |
|    add_ln140_236_fu_4460_p2    |     |        | add_ln140_236  | add    | fabric    | 0       |
|    add_ln140_237_fu_4466_p2    |     |        | add_ln140_237  | add    | fabric    | 0       |
|    add_ln140_238_fu_5864_p2    |     |        | add_ln140_238  | add    | fabric    | 0       |
|    add_ln140_239_fu_4472_p2    |     |        | add_ln140_239  | add    | fabric    | 0       |
|    add_ln140_240_fu_4478_p2    |     |        | add_ln140_240  | add    | fabric    | 0       |
|    add_ln140_241_fu_5880_p2    |     |        | add_ln140_241  | add    | fabric    | 0       |
|    add_ln140_242_fu_5890_p2    |     |        | add_ln140_242  | add    | fabric    | 0       |
|    add_ln140_243_fu_4484_p2    |     |        | add_ln140_243  | add    | fabric    | 0       |
|    add_ln140_244_fu_4490_p2    |     |        | add_ln140_244  | add    | fabric    | 0       |
|    add_ln140_245_fu_5906_p2    |     |        | add_ln140_245  | add    | fabric    | 0       |
|    add_ln140_246_fu_4496_p2    |     |        | add_ln140_246  | add    | fabric    | 0       |
|    add_ln140_247_fu_4502_p2    |     |        | add_ln140_247  | add    | fabric    | 0       |
|    add_ln140_248_fu_5922_p2    |     |        | add_ln140_248  | add    | fabric    | 0       |
|    add_ln140_249_fu_5932_p2    |     |        | add_ln140_249  | add    | fabric    | 0       |
|    add_ln140_250_fu_5942_p2    |     |        | add_ln140_250  | add    | fabric    | 0       |
|    add_ln140_251_fu_6084_p2    |     |        | add_ln140_251  | add    | fabric    | 0       |
|    add_ln140_252_fu_6094_p2    |     |        | add_ln140_252  | add    | fabric    | 0       |
|    add_ln140_253_fu_6122_p2    |     |        | add_ln140_253  | add    | fabric    | 0       |
|    add_ln140_254_fu_6132_p2    |     |        | add_ln140_254  | add    | fabric    | 0       |
|    out_word_data_fu_6145_p2    |     |        | out_word_data  | add    | fabric    | 0       |
|    out_word_last_fu_650_p2     |     |        | out_word_last  | seteq  | auto      | 0       |
|  + bnn_top_Pipeline_L1_LOAD    | 0   |        |                |        |           |         |
|    icmp_ln33_fu_147_p2         |     |        | icmp_ln33      | seteq  | auto      | 0       |
|    add_ln33_fu_153_p2          |     |        | add_ln33       | add    | fabric    | 0       |
|  + bnn_top_Pipeline_L2_LOAD    | 0   |        |                |        |           |         |
|    icmp_ln38_fu_147_p2         |     |        | icmp_ln38      | seteq  | auto      | 0       |
|    add_ln38_fu_153_p2          |     |        | add_ln38       | add    | fabric    | 0       |
|  + bnn_top_Pipeline_L3_LOAD    | 0   |        |                |        |           |         |
|    icmp_ln43_fu_98_p2          |     |        | icmp_ln43      | seteq  | auto      | 0       |
|    add_ln43_fu_104_p2          |     |        | add_ln43       | add    | fabric    | 0       |
+--------------------------------+-----+--------+----------------+--------+-----------+---------+


================================================================
== Storage Report
================================================================
+------------------------------------------------------------------------------+---------------+-----------+------+------+--------+--------------------------------------------------------------------------+--------+---------+------------------+
| Name                                                                         | Usage         | Type      | BRAM | URAM | Pragma | Variable                                                                 | Impl   | Latency | Bitwidth, Depth, |
|                                                                              |               |           |      |      |        |                                                                          |        |         | Banks            |
+------------------------------------------------------------------------------+---------------+-----------+------+------+--------+--------------------------------------------------------------------------+--------+---------+------------------+
| + bnn_top                                                                    |               |           | 211  | 0    |        |                                                                          |        |         |                  |
|   control_s_axi_U                                                            | interface     | s_axilite |      |      |        |                                                                          |        |         |                  |
|   gmem0_m_axi_U                                                              | interface     | m_axi     | 57   |      |        |                                                                          |        |         |                  |
|   gmem1_m_axi_U                                                              | interface     | m_axi     | 15   |      |        |                                                                          |        |         |                  |
|   gmem2_m_axi_U                                                              | interface     | m_axi     | 15   |      |        |                                                                          |        |         |                  |
|   l1_output_U                                                                | ram_t2p array |           | 1    |      |        | l1_output                                                                | auto   | 1       | 11, 128, 1       |
|   l1_output_1_U                                                              | ram_t2p array |           | 1    |      |        | l1_output_1                                                              | auto   | 1       | 11, 128, 1       |
|   l2_output_U                                                                | ram_t2p array |           | 1    |      |        | l2_output                                                                | auto   | 1       | 10, 128, 1       |
|   l2_output_1_U                                                              | ram_t2p array |           | 1    |      |        | l2_output_1                                                              | auto   | 1       | 10, 128, 1       |
|   bnn_top_stream_stream_ap_uint_ap_uint_ap_uint_ap_uint_local_l1_weights_3_U | ram_1p        |           | 22   |      |        | bnn_top_stream_stream_ap_uint_ap_uint_ap_uint_ap_uint_local_l1_weights_3 | auto   | 1       | 784, 64, 1       |
|   bnn_top_stream_stream_ap_uint_ap_uint_ap_uint_ap_uint_local_l1_weights_2_U | ram_1p        |           | 22   |      |        | bnn_top_stream_stream_ap_uint_ap_uint_ap_uint_ap_uint_local_l1_weights_2 | auto   | 1       | 784, 64, 1       |
|   bnn_top_stream_stream_ap_uint_ap_uint_ap_uint_ap_uint_local_l1_weights_1_U | ram_1p        |           | 22   |      |        | bnn_top_stream_stream_ap_uint_ap_uint_ap_uint_ap_uint_local_l1_weights_1 | auto   | 1       | 784, 64, 1       |
|   bnn_top_stream_stream_ap_uint_ap_uint_ap_uint_ap_uint_local_l1_weights_U   | ram_1p        |           | 22   |      |        | bnn_top_stream_stream_ap_uint_ap_uint_ap_uint_ap_uint_local_l1_weights   | auto   | 1       | 784, 64, 1       |
|   bnn_top_stream_stream_ap_uint_ap_uint_ap_uint_ap_uint_local_l2_weights_3_U | ram_1p        |           | 8    |      |        | bnn_top_stream_stream_ap_uint_ap_uint_ap_uint_ap_uint_local_l2_weights_3 | auto   | 1       | 256, 64, 1       |
|   bnn_top_stream_stream_ap_uint_ap_uint_ap_uint_ap_uint_local_l2_weights_2_U | ram_1p        |           | 8    |      |        | bnn_top_stream_stream_ap_uint_ap_uint_ap_uint_ap_uint_local_l2_weights_2 | auto   | 1       | 256, 64, 1       |
|   bnn_top_stream_stream_ap_uint_ap_uint_ap_uint_ap_uint_local_l2_weights_1_U | ram_1p        |           | 8    |      |        | bnn_top_stream_stream_ap_uint_ap_uint_ap_uint_ap_uint_local_l2_weights_1 | auto   | 1       | 256, 64, 1       |
|   bnn_top_stream_stream_ap_uint_ap_uint_ap_uint_ap_uint_local_l2_weights_U   | ram_1p        |           | 8    |      |        | bnn_top_stream_stream_ap_uint_ap_uint_ap_uint_ap_uint_local_l2_weights   | auto   | 1       | 256, 64, 1       |
|   local_l3_weights_U                                                         | ram_1p        |           |      |      | pragma | local_l3_weights                                                         | lutram | 1       | 256, 10, 1       |
+------------------------------------------------------------------------------+---------------+-----------+------+------+--------+--------------------------------------------------------------------------+--------+---------+------------------+


================================================================
== Pragma Report
================================================================
* Valid Pragma Syntax
+-----------------+---------------------------------------------------+---------------------------------------------+
| Type            | Options                                           | Location                                    |
+-----------------+---------------------------------------------------+---------------------------------------------+
| interface       | s_axilite port=return                             | bnn_top.cpp:12 in bnn_top, return           |
| interface       | s_axilite port=load_weights                       | bnn_top.cpp:13 in bnn_top, load_weights     |
| interface       | axis port=input_stream                            | bnn_top.cpp:14 in bnn_top, input_stream     |
| interface       | axis port=output_stream                           | bnn_top.cpp:15 in bnn_top, output_stream    |
| interface       | m_axi depth=256 port=l1_weights bundle=gmem0      | bnn_top.cpp:16 in bnn_top, l1_weights       |
| interface       | m_axi depth=256 port=l2_weights bundle=gmem1      | bnn_top.cpp:17 in bnn_top, l2_weights       |
| interface       | m_axi depth=10 port=l3_weights bundle=gmem2       | bnn_top.cpp:18 in bnn_top, l3_weights       |
| array_partition | variable=local_l1_weights cyclic factor=4 dim=1   | bnn_top.cpp:22 in bnn_top, local_l1_weights |
| array_partition | variable=local_l2_weights cyclic factor=4 dim=1   | bnn_top.cpp:25 in bnn_top, local_l2_weights |
| bind_storage    | variable=local_l3_weights type=ram_1p impl=lutram | bnn_top.cpp:28 in bnn_top, local_l3_weights |
| pipeline        | II=1                                              | bnn_top.cpp:35 in bnn_top                   |
| pipeline        | II=1                                              | bnn_top.cpp:40 in bnn_top                   |
| pipeline        | II=1                                              | bnn_top.cpp:45 in bnn_top                   |
| pipeline        | II=1                                              | bnn_top.cpp:57 in bnn_top                   |
| pipeline        | II=1                                              | bnn_top.cpp:72 in bnn_top                   |
| unroll          |                                                   | bnn_top.cpp:75 in bnn_top                   |
| unroll          |                                                   | bnn_top.cpp:80 in bnn_top                   |
| unroll          |                                                   | bnn_top.cpp:91 in bnn_top                   |
| pipeline        | II=1                                              | bnn_top.cpp:100 in bnn_top                  |
| unroll          |                                                   | bnn_top.cpp:103 in bnn_top                  |
| unroll          |                                                   | bnn_top.cpp:108 in bnn_top                  |
| unroll          |                                                   | bnn_top.cpp:119 in bnn_top                  |
| pipeline        | II=1                                              | bnn_top.cpp:126 in bnn_top                  |
| unroll          |                                                   | bnn_top.cpp:129 in bnn_top                  |
| unroll          |                                                   | bnn_top.cpp:135 in bnn_top                  |
+-----------------+---------------------------------------------------+---------------------------------------------+

* Inferred Pragmas
+--------------------------+-----------------+-----------------------------------------------+-------------------------------+
| Source Pragma            | Inferred Pragma | Options                                       | Location                      |
+--------------------------+-----------------+-----------------------------------------------+-------------------------------+
| pipeline bnn_top.cpp:72  | array_partition | dim=1 type=cyclic factor=2 variable=l1_output | variable l1_output in bnn_top |
| pipeline bnn_top.cpp:100 | array_partition | dim=1 type=cyclic factor=2 variable=l2_output | variable l2_output in bnn_top |
+--------------------------+-----------------+-----------------------------------------------+-------------------------------+


