Copyright 1986-2022 Xilinx, Inc. All Rights Reserved. Copyright 2022-2024 Advanced Micro Devices, Inc. All Rights Reserved.
-----------------------------------------------------------------------------------------------------------------------------------------------------------------------------------------------------------------------------------------------
| Tool Version      : Vivado v.2024.1 (win64) Build 5076996 Wed May 22 18:37:14 MDT 2024
| Date              : Wed Mar 25 15:52:54 2026
| Host              : icarus running 64-bit major release  (build 9200)
| Command           : report_timing_summary -max_paths 10 -report_unconstrained -file bnn_top_wrapper_timing_summary_routed.rpt -pb bnn_top_wrapper_timing_summary_routed.pb -rpx bnn_top_wrapper_timing_summary_routed.rpx -warn_on_violation
| Design            : bnn_top_wrapper
| Device            : xczu3eg-sfvc784
| Speed File        : -2  PRODUCTION 1.30 05-15-2022
| Design State      : Routed
| Temperature Grade : E
-----------------------------------------------------------------------------------------------------------------------------------------------------------------------------------------------------------------------------------------------

Timing Summary Report

------------------------------------------------------------------------------------------------
| Timer Settings
| --------------
------------------------------------------------------------------------------------------------

  Enable Multi Corner Analysis               :  Yes
  Enable Pessimism Removal                   :  Yes
  Pessimism Removal Resolution               :  Nearest Common Node
  Enable Input Delay Default Clock           :  No
  Enable Preset / Clear Arcs                 :  No
  Disable Flight Delays                      :  No
  Ignore I/O Paths                           :  No
  Timing Early Launch at Borrowing Latches   :  No
  Borrow Time for Max Delay Exceptions       :  Yes
  Merge Timing Exceptions                    :  Yes
  Inter-SLR Compensation                     :  Conservative

  Corner  Analyze    Analyze    
  Name    Max Paths  Min Paths  
  ------  ---------  ---------  
  Slow    Yes        Yes        
  Fast    Yes        Yes        


------------------------------------------------------------------------------------------------
| Report Methodology
| ------------------
------------------------------------------------------------------------------------------------

Rule     Severity  Description                   Violations  
-------  --------  ----------------------------  ----------  
LUTAR-1  Warning   LUT drives async reset alert  6           

Note: This report is based on the most recent report_methodology run and may not be up-to-date. Run report_methodology on the current design for the latest report.



check_timing report

Table of Contents
-----------------
1. checking no_clock (0)
2. checking constant_clock (0)
3. checking pulse_width_clock (0)
4. checking unconstrained_internal_endpoints (0)
5. checking no_input_delay (0)
6. checking no_output_delay (0)
7. checking multiple_clock (0)
8. checking generated_clocks (0)
9. checking loops (0)
10. checking partial_input_delay (0)
11. checking partial_output_delay (0)
12. checking latch_loops (0)

1. checking no_clock (0)
------------------------
 There are 0 register/latch pins with no clock.


2. checking constant_clock (0)
------------------------------
 There are 0 register/latch pins with constant_clock.


3. checking pulse_width_clock (0)
---------------------------------
 There are 0 register/latch pins which need pulse_width check


4. checking unconstrained_internal_endpoints (0)
------------------------------------------------
 There are 0 pins that are not constrained for maximum delay.

 There are 0 pins that are not constrained for maximum delay due to constant clock.


5. checking no_input_delay (0)
------------------------------
 There are 0 input ports with no input delay specified.

 There are 0 input ports with no input delay but user has a false path constraint.


6. checking no_output_delay (0)
-------------------------------
 There are 0 ports with no output delay specified.

 There are 0 ports with no output delay but user has a false path constraint

 There are 0 ports with no output delay but with a timing clock defined on it or propagating through it


7. checking multiple_clock (0)
------------------------------
 There are 0 register/latch pins with multiple clocks.


8. checking generated_clocks (0)
--------------------------------
 There are 0 generated clocks that are not connected to a clock source.


9. checking loops (0)
---------------------
 There are 0 combinational loops in the design.


10. checking partial_input_delay (0)
------------------------------------
 There are 0 input ports with partial input delay specified.


11. checking partial_output_delay (0)
-------------------------------------
 There are 0 ports with partial output delay specified.


12. checking latch_loops (0)
----------------------------
 There are 0 combinational latch loops in the design through latch input



------------------------------------------------------------------------------------------------
| Design Timing Summary
| ---------------------
------------------------------------------------------------------------------------------------

    WNS(ns)      TNS(ns)  TNS Failing Endpoints  TNS Total Endpoints      WHS(ns)      THS(ns)  THS Failing Endpoints  THS Total Endpoints     WPWS(ns)     TPWS(ns)  TPWS Failing Endpoints  TPWS Total Endpoints  
    -------      -------  ---------------------  -------------------      -------      -------  ---------------------  -------------------     --------     --------  ----------------------  --------------------  
      0.246        0.000                      0                53927        0.010        0.000                      0                53927        0.166        0.000                       0                 20970  


All user specified timing constraints are met.


------------------------------------------------------------------------------------------------
| Clock Summary
| -------------
------------------------------------------------------------------------------------------------

Clock     Waveform(ns)         Period(ns)      Frequency(MHz)
-----     ------------         ----------      --------------
clk_pl_0  {0.000 1.666}        3.333           300.030         


------------------------------------------------------------------------------------------------
| Intra Clock Table
| -----------------
------------------------------------------------------------------------------------------------

Clock             WNS(ns)      TNS(ns)  TNS Failing Endpoints  TNS Total Endpoints      WHS(ns)      THS(ns)  THS Failing Endpoints  THS Total Endpoints     WPWS(ns)     TPWS(ns)  TPWS Failing Endpoints  TPWS Total Endpoints  
-----             -------      -------  ---------------------  -------------------      -------      -------  ---------------------  -------------------     --------     --------  ----------------------  --------------------  
clk_pl_0            0.246        0.000                      0                53735        0.010        0.000                      0                53735        0.166        0.000                       0                 20970  


------------------------------------------------------------------------------------------------
| Inter Clock Table
| -----------------
------------------------------------------------------------------------------------------------

From Clock    To Clock          WNS(ns)      TNS(ns)  TNS Failing Endpoints  TNS Total Endpoints      WHS(ns)      THS(ns)  THS Failing Endpoints  THS Total Endpoints  
----------    --------          -------      -------  ---------------------  -------------------      -------      -------  ---------------------  -------------------  


------------------------------------------------------------------------------------------------
| Other Path Groups Table
| -----------------------
------------------------------------------------------------------------------------------------

Path Group         From Clock         To Clock               WNS(ns)      TNS(ns)  TNS Failing Endpoints  TNS Total Endpoints      WHS(ns)      THS(ns)  THS Failing Endpoints  THS Total Endpoints  
----------         ----------         --------               -------      -------  ---------------------  -------------------      -------      -------  ---------------------  -------------------  
**async_default**  clk_pl_0           clk_pl_0                 1.678        0.000                      0                  192        0.166        0.000                      0                  192  


------------------------------------------------------------------------------------------------
| User Ignored Path Table
| -----------------------
------------------------------------------------------------------------------------------------

Path Group    From Clock    To Clock    
----------    ----------    --------    
(none)                      clk_pl_0      
(none)        clk_pl_0      clk_pl_0      


------------------------------------------------------------------------------------------------
| Unconstrained Path Table
| ------------------------
------------------------------------------------------------------------------------------------

Path Group    From Clock    To Clock    
----------    ----------    --------    


------------------------------------------------------------------------------------------------
| Timing Details
| --------------
------------------------------------------------------------------------------------------------


---------------------------------------------------------------------------------------------------
From Clock:  clk_pl_0
  To Clock:  clk_pl_0

Setup :            0  Failing Endpoints,  Worst Slack        0.246ns,  Total Violation        0.000ns
Hold  :            0  Failing Endpoints,  Worst Slack        0.010ns,  Total Violation        0.000ns
PW    :            0  Failing Endpoints,  Worst Slack        0.166ns,  Total Violation        0.000ns
---------------------------------------------------------------------------------------------------


Max Delay Paths
--------------------------------------------------------------------------------------
Slack (MET) :             0.246ns  (required time - arrival time)
  Source:                 bnn_top_i/bnn_top_0/inst/l1_output_1_U/ram_reg_bram_0/CLKARDCLK
                            (rising edge-triggered cell RAMB18E2 clocked by clk_pl_0  {rise@0.000ns fall@1.666ns period=3.333ns})
  Destination:            bnn_top_i/bnn_top_0/inst/tmp_4539_reg_6751_reg[0]/D
                            (rising edge-triggered cell FDRE clocked by clk_pl_0  {rise@0.000ns fall@1.666ns period=3.333ns})
  Path Group:             clk_pl_0
  Path Type:              Setup (Max at Slow Process Corner)
  Requirement:            3.333ns  (clk_pl_0 rise@3.333ns - clk_pl_0 rise@0.000ns)
  Data Path Delay:        2.885ns  (logic 0.881ns (30.535%)  route 2.004ns (69.465%))
  Logic Levels:           0  
  Clock Path Skew:        -0.123ns (DCD - SCD + CPR)
    Destination Clock Delay (DCD):    1.661ns = ( 4.994 - 3.333 ) 
    Source Clock Delay      (SCD):    1.941ns
    Clock Pessimism Removal (CPR):    0.157ns
  Clock Uncertainty:      0.104ns  ((TSJ^2 + DJ^2)^1/2) / 2 + PE
    Total System Jitter     (TSJ):    0.071ns
    Discrete Jitter          (DJ):    0.195ns
    Phase Error              (PE):    0.000ns
  Clock Net Delay (Source):      1.742ns (routing 0.786ns, distribution 0.956ns)
  Clock Net Delay (Destination): 1.501ns (routing 0.709ns, distribution 0.792ns)

    Location             Delay type                Incr(ns)  Path(ns)    Netlist Resource(s)
  -------------------------------------------------------------------    -------------------
                         (clock clk_pl_0 rise edge)
                                                      0.000     0.000 r  
    PS8_X0Y0             PS8                          0.000     0.000 r  bnn_top_i/zynq_ultra_ps_e_0/inst/PS8_i/PLCLK[0]
                         net (fo=1, routed)           0.171     0.171    bnn_top_i/zynq_ultra_ps_e_0/inst/pl_clk_unbuffered[0]
    BUFG_PS_X0Y58        BUFG_PS (Prop_BUFG_PS_I_O)
                                                      0.028     0.199 r  bnn_top_i/zynq_ultra_ps_e_0/inst/buffer_pl_clk_0.PL_CLK_0_BUFG/O
    X0Y0 (CLOCK_ROOT)    net (fo=20970, routed)       1.742     1.941    bnn_top_i/bnn_top_0/inst/l1_output_1_U/ap_clk
    RAMB18_X2Y16         RAMB18E2                                     r  bnn_top_i/bnn_top_0/inst/l1_output_1_U/ram_reg_bram_0/CLKARDCLK
  -------------------------------------------------------------------    -------------------
    RAMB18_X2Y16         RAMB18E2 (Prop_RAMB18E2_L_RAMB180_CLKARDCLK_DOUTADOUT[10])
                                                      0.881     2.822 r  bnn_top_i/bnn_top_0/inst/l1_output_1_U/ram_reg_bram_0/DOUTADOUT[10]
                         net (fo=64, routed)          2.004     4.826    bnn_top_i/bnn_top_0/inst/l1_output_1_q1[10]
    SLICE_X33Y24         FDRE                                         r  bnn_top_i/bnn_top_0/inst/tmp_4539_reg_6751_reg[0]/D
  -------------------------------------------------------------------    -------------------

                         (clock clk_pl_0 rise edge)
                                                      3.333     3.333 r  
    PS8_X0Y0             PS8                          0.000     3.333 r  bnn_top_i/zynq_ultra_ps_e_0/inst/PS8_i/PLCLK[0]
                         net (fo=1, routed)           0.135     3.468    bnn_top_i/zynq_ultra_ps_e_0/inst/pl_clk_unbuffered[0]
    BUFG_PS_X0Y58        BUFG_PS (Prop_BUFG_PS_I_O)
                                                      0.025     3.493 r  bnn_top_i/zynq_ultra_ps_e_0/inst/buffer_pl_clk_0.PL_CLK_0_BUFG/O
    X0Y0 (CLOCK_ROOT)    net (fo=20970, routed)       1.501     4.994    bnn_top_i/bnn_top_0/inst/ap_clk
    SLICE_X33Y24         FDRE                                         r  bnn_top_i/bnn_top_0/inst/tmp_4539_reg_6751_reg[0]/C
                         clock pessimism              0.157     5.151    
                         clock uncertainty           -0.104     5.047    
    SLICE_X33Y24         FDRE (Setup_GFF2_SLICEL_C_D)
                                                      0.025     5.072    bnn_top_i/bnn_top_0/inst/tmp_4539_reg_6751_reg[0]
  -------------------------------------------------------------------
                         required time                          5.072    
                         arrival time                          -4.826    
  -------------------------------------------------------------------
                         slack                                  0.246    

Slack (MET) :             0.280ns  (required time - arrival time)
  Source:                 bnn_top_i/bnn_top_0/inst/l1_output_1_U/ram_reg_bram_0/CLKARDCLK
                            (rising edge-triggered cell RAMB18E2 clocked by clk_pl_0  {rise@0.000ns fall@1.666ns period=3.333ns})
  Destination:            bnn_top_i/bnn_top_0/inst/tmp_4523_reg_6591_reg[0]/D
                            (rising edge-triggered cell FDRE clocked by clk_pl_0  {rise@0.000ns fall@1.666ns period=3.333ns})
  Path Group:             clk_pl_0
  Path Type:              Setup (Max at Slow Process Corner)
  Requirement:            3.333ns  (clk_pl_0 rise@3.333ns - clk_pl_0 rise@0.000ns)
  Data Path Delay:        2.873ns  (logic 0.881ns (30.661%)  route 1.992ns (69.339%))
  Logic Levels:           0  
  Clock Path Skew:        -0.101ns (DCD - SCD + CPR)
    Destination Clock Delay (DCD):    1.683ns = ( 5.016 - 3.333 ) 
    Source Clock Delay      (SCD):    1.941ns
    Clock Pessimism Removal (CPR):    0.157ns
  Clock Uncertainty:      0.104ns  ((TSJ^2 + DJ^2)^1/2) / 2 + PE
    Total System Jitter     (TSJ):    0.071ns
    Discrete Jitter          (DJ):    0.195ns
    Phase Error              (PE):    0.000ns
  Clock Net Delay (Source):      1.742ns (routing 0.786ns, distribution 0.956ns)
  Clock Net Delay (Destination): 1.523ns (routing 0.709ns, distribution 0.814ns)

    Location             Delay type                Incr(ns)  Path(ns)    Netlist Resource(s)
  -------------------------------------------------------------------    -------------------
                         (clock clk_pl_0 rise edge)
                                                      0.000     0.000 r  
    PS8_X0Y0             PS8                          0.000     0.000 r  bnn_top_i/zynq_ultra_ps_e_0/inst/PS8_i/PLCLK[0]
                         net (fo=1, routed)           0.171     0.171    bnn_top_i/zynq_ultra_ps_e_0/inst/pl_clk_unbuffered[0]
    BUFG_PS_X0Y58        BUFG_PS (Prop_BUFG_PS_I_O)
                                                      0.028     0.199 r  bnn_top_i/zynq_ultra_ps_e_0/inst/buffer_pl_clk_0.PL_CLK_0_BUFG/O
    X0Y0 (CLOCK_ROOT)    net (fo=20970, routed)       1.742     1.941    bnn_top_i/bnn_top_0/inst/l1_output_1_U/ap_clk
    RAMB18_X2Y16         RAMB18E2                                     r  bnn_top_i/bnn_top_0/inst/l1_output_1_U/ram_reg_bram_0/CLKARDCLK
  -------------------------------------------------------------------    -------------------
    RAMB18_X2Y16         RAMB18E2 (Prop_RAMB18E2_L_RAMB180_CLKARDCLK_DOUTADOUT[10])
                                                      0.881     2.822 r  bnn_top_i/bnn_top_0/inst/l1_output_1_U/ram_reg_bram_0/DOUTADOUT[10]
                         net (fo=64, routed)          1.992     4.814    bnn_top_i/bnn_top_0/inst/l1_output_1_q1[10]
    SLICE_X37Y29         FDRE                                         r  bnn_top_i/bnn_top_0/inst/tmp_4523_reg_6591_reg[0]/D
  -------------------------------------------------------------------    -------------------

                         (clock clk_pl_0 rise edge)
                                                      3.333     3.333 r  
    PS8_X0Y0             PS8                          0.000     3.333 r  bnn_top_i/zynq_ultra_ps_e_0/inst/PS8_i/PLCLK[0]
                         net (fo=1, routed)           0.135     3.468    bnn_top_i/zynq_ultra_ps_e_0/inst/pl_clk_unbuffered[0]
    BUFG_PS_X0Y58        BUFG_PS (Prop_BUFG_PS_I_O)
                                                      0.025     3.493 r  bnn_top_i/zynq_ultra_ps_e_0/inst/buffer_pl_clk_0.PL_CLK_0_BUFG/O
    X0Y0 (CLOCK_ROOT)    net (fo=20970, routed)       1.523     5.016    bnn_top_i/bnn_top_0/inst/ap_clk
    SLICE_X37Y29         FDRE                                         r  bnn_top_i/bnn_top_0/inst/tmp_4523_reg_6591_reg[0]/C
                         clock pessimism              0.157     5.173    
                         clock uncertainty           -0.104     5.069    
    SLICE_X37Y29         FDRE (Setup_GFF_SLICEM_C_D)
                                                      0.025     5.094    bnn_top_i/bnn_top_0/inst/tmp_4523_reg_6591_reg[0]
  -------------------------------------------------------------------
                         required time                          5.094    
                         arrival time                          -4.814    
  -------------------------------------------------------------------
                         slack                                  0.280    

Slack (MET) :             0.280ns  (required time - arrival time)
  Source:                 bnn_top_i/bnn_top_0/inst/l1_output_1_U/ram_reg_bram_0/CLKARDCLK
                            (rising edge-triggered cell RAMB18E2 clocked by clk_pl_0  {rise@0.000ns fall@1.666ns period=3.333ns})
  Destination:            bnn_top_i/bnn_top_0/inst/tmp_4535_reg_6711_reg[0]/D
                            (rising edge-triggered cell FDRE clocked by clk_pl_0  {rise@0.000ns fall@1.666ns period=3.333ns})
  Path Group:             clk_pl_0
  Path Type:              Setup (Max at Slow Process Corner)
  Requirement:            3.333ns  (clk_pl_0 rise@3.333ns - clk_pl_0 rise@0.000ns)
  Data Path Delay:        2.862ns  (logic 0.881ns (30.777%)  route 1.981ns (69.223%))
  Logic Levels:           0  
  Clock Path Skew:        -0.112ns (DCD - SCD + CPR)
    Destination Clock Delay (DCD):    1.672ns = ( 5.005 - 3.333 ) 
    Source Clock Delay      (SCD):    1.941ns
    Clock Pessimism Removal (CPR):    0.157ns
  Clock Uncertainty:      0.104ns  ((TSJ^2 + DJ^2)^1/2) / 2 + PE
    Total System Jitter     (TSJ):    0.071ns
    Discrete Jitter          (DJ):    0.195ns
    Phase Error              (PE):    0.000ns
  Clock Net Delay (Source):      1.742ns (routing 0.786ns, distribution 0.956ns)
  Clock Net Delay (Destination): 1.512ns (routing 0.709ns, distribution 0.803ns)

    Location             Delay type                Incr(ns)  Path(ns)    Netlist Resource(s)
  -------------------------------------------------------------------    -------------------
                         (clock clk_pl_0 rise edge)
                                                      0.000     0.000 r  
    PS8_X0Y0             PS8                          0.000     0.000 r  bnn_top_i/zynq_ultra_ps_e_0/inst/PS8_i/PLCLK[0]
                         net (fo=1, routed)           0.171     0.171    bnn_top_i/zynq_ultra_ps_e_0/inst/pl_clk_unbuffered[0]
    BUFG_PS_X0Y58        BUFG_PS (Prop_BUFG_PS_I_O)
                                                      0.028     0.199 r  bnn_top_i/zynq_ultra_ps_e_0/inst/buffer_pl_clk_0.PL_CLK_0_BUFG/O
    X0Y0 (CLOCK_ROOT)    net (fo=20970, routed)       1.742     1.941    bnn_top_i/bnn_top_0/inst/l1_output_1_U/ap_clk
    RAMB18_X2Y16         RAMB18E2                                     r  bnn_top_i/bnn_top_0/inst/l1_output_1_U/ram_reg_bram_0/CLKARDCLK
  -------------------------------------------------------------------    -------------------
    RAMB18_X2Y16         RAMB18E2 (Prop_RAMB18E2_L_RAMB180_CLKARDCLK_DOUTADOUT[10])
                                                      0.881     2.822 r  bnn_top_i/bnn_top_0/inst/l1_output_1_U/ram_reg_bram_0/DOUTADOUT[10]
                         net (fo=64, routed)          1.981     4.804    bnn_top_i/bnn_top_0/inst/l1_output_1_q1[10]
    SLICE_X33Y23         FDRE                                         r  bnn_top_i/bnn_top_0/inst/tmp_4535_reg_6711_reg[0]/D
  -------------------------------------------------------------------    -------------------

                         (clock clk_pl_0 rise edge)
                                                      3.333     3.333 r  
    PS8_X0Y0             PS8                          0.000     3.333 r  bnn_top_i/zynq_ultra_ps_e_0/inst/PS8_i/PLCLK[0]
                         net (fo=1, routed)           0.135     3.468    bnn_top_i/zynq_ultra_ps_e_0/inst/pl_clk_unbuffered[0]
    BUFG_PS_X0Y58        BUFG_PS (Prop_BUFG_PS_I_O)
                                                      0.025     3.493 r  bnn_top_i/zynq_ultra_ps_e_0/inst/buffer_pl_clk_0.PL_CLK_0_BUFG/O
    X0Y0 (CLOCK_ROOT)    net (fo=20970, routed)       1.512     5.005    bnn_top_i/bnn_top_0/inst/ap_clk
    SLICE_X33Y23         FDRE                                         r  bnn_top_i/bnn_top_0/inst/tmp_4535_reg_6711_reg[0]/C
                         clock pessimism              0.157     5.162    
                         clock uncertainty           -0.104     5.059    
    SLICE_X33Y23         FDRE (Setup_GFF_SLICEL_C_D)
                                                      0.025     5.084    bnn_top_i/bnn_top_0/inst/tmp_4535_reg_6711_reg[0]
  -------------------------------------------------------------------
                         required time                          5.084    
                         arrival time                          -4.804    
  -------------------------------------------------------------------
                         slack                                  0.280    

Slack (MET) :             0.284ns  (required time - arrival time)
  Source:                 bnn_top_i/bnn_top_0/inst/l1_output_1_U/ram_reg_bram_0/CLKARDCLK
                            (rising edge-triggered cell RAMB18E2 clocked by clk_pl_0  {rise@0.000ns fall@1.666ns period=3.333ns})
  Destination:            bnn_top_i/bnn_top_0/inst/tmp_4527_reg_6631_reg[0]/D
                            (rising edge-triggered cell FDRE clocked by clk_pl_0  {rise@0.000ns fall@1.666ns period=3.333ns})
  Path Group:             clk_pl_0
  Path Type:              Setup (Max at Slow Process Corner)
  Requirement:            3.333ns  (clk_pl_0 rise@3.333ns - clk_pl_0 rise@0.000ns)
  Data Path Delay:        2.871ns  (logic 0.881ns (30.683%)  route 1.990ns (69.317%))
  Logic Levels:           0  
  Clock Path Skew:        -0.099ns (DCD - SCD + CPR)
    Destination Clock Delay (DCD):    1.685ns = ( 5.018 - 3.333 ) 
    Source Clock Delay      (SCD):    1.941ns
    Clock Pessimism Removal (CPR):    0.157ns
  Clock Uncertainty:      0.104ns  ((TSJ^2 + DJ^2)^1/2) / 2 + PE
    Total System Jitter     (TSJ):    0.071ns
    Discrete Jitter          (DJ):    0.195ns
    Phase Error              (PE):    0.000ns
  Clock Net Delay (Source):      1.742ns (routing 0.786ns, distribution 0.956ns)
  Clock Net Delay (Destination): 1.525ns (routing 0.709ns, distribution 0.816ns)

    Location             Delay type                Incr(ns)  Path(ns)    Netlist Resource(s)
  -------------------------------------------------------------------    -------------------
                         (clock clk_pl_0 rise edge)
                                                      0.000     0.000 r  
    PS8_X0Y0             PS8                          0.000     0.000 r  bnn_top_i/zynq_ultra_ps_e_0/inst/PS8_i/PLCLK[0]
                         net (fo=1, routed)           0.171     0.171    bnn_top_i/zynq_ultra_ps_e_0/inst/pl_clk_unbuffered[0]
    BUFG_PS_X0Y58        BUFG_PS (Prop_BUFG_PS_I_O)
                                                      0.028     0.199 r  bnn_top_i/zynq_ultra_ps_e_0/inst/buffer_pl_clk_0.PL_CLK_0_BUFG/O
    X0Y0 (CLOCK_ROOT)    net (fo=20970, routed)       1.742     1.941    bnn_top_i/bnn_top_0/inst/l1_output_1_U/ap_clk
    RAMB18_X2Y16         RAMB18E2                                     r  bnn_top_i/bnn_top_0/inst/l1_output_1_U/ram_reg_bram_0/CLKARDCLK
  -------------------------------------------------------------------    -------------------
    RAMB18_X2Y16         RAMB18E2 (Prop_RAMB18E2_L_RAMB180_CLKARDCLK_DOUTADOUT[10])
                                                      0.881     2.822 r  bnn_top_i/bnn_top_0/inst/l1_output_1_U/ram_reg_bram_0/DOUTADOUT[10]
                         net (fo=64, routed)          1.990     4.812    bnn_top_i/bnn_top_0/inst/l1_output_1_q1[10]
    SLICE_X37Y28         FDRE                                         r  bnn_top_i/bnn_top_0/inst/tmp_4527_reg_6631_reg[0]/D
  -------------------------------------------------------------------    -------------------

                         (clock clk_pl_0 rise edge)
                                                      3.333     3.333 r  
    PS8_X0Y0             PS8                          0.000     3.333 r  bnn_top_i/zynq_ultra_ps_e_0/inst/PS8_i/PLCLK[0]
                         net (fo=1, routed)           0.135     3.468    bnn_top_i/zynq_ultra_ps_e_0/inst/pl_clk_unbuffered[0]
    BUFG_PS_X0Y58        BUFG_PS (Prop_BUFG_PS_I_O)
                                                      0.025     3.493 r  bnn_top_i/zynq_ultra_ps_e_0/inst/buffer_pl_clk_0.PL_CLK_0_BUFG/O
    X0Y0 (CLOCK_ROOT)    net (fo=20970, routed)       1.525     5.018    bnn_top_i/bnn_top_0/inst/ap_clk
    SLICE_X37Y28         FDRE                                         r  bnn_top_i/bnn_top_0/inst/tmp_4527_reg_6631_reg[0]/C
                         clock pessimism              0.157     5.175    
                         clock uncertainty           -0.104     5.071    
    SLICE_X37Y28         FDRE (Setup_GFF_SLICEM_C_D)
                                                      0.025     5.096    bnn_top_i/bnn_top_0/inst/tmp_4527_reg_6631_reg[0]
  -------------------------------------------------------------------
                         required time                          5.096    
                         arrival time                          -4.812    
  -------------------------------------------------------------------
                         slack                                  0.284    

Slack (MET) :             0.292ns  (required time - arrival time)
  Source:                 bnn_top_i/bnn_top_0/inst/l1_output_1_U/ram_reg_bram_0/CLKARDCLK
                            (rising edge-triggered cell RAMB18E2 clocked by clk_pl_0  {rise@0.000ns fall@1.666ns period=3.333ns})
  Destination:            bnn_top_i/bnn_top_0/inst/tmp_4499_reg_6351_reg[0]/D
                            (rising edge-triggered cell FDRE clocked by clk_pl_0  {rise@0.000ns fall@1.666ns period=3.333ns})
  Path Group:             clk_pl_0
  Path Type:              Setup (Max at Slow Process Corner)
  Requirement:            3.333ns  (clk_pl_0 rise@3.333ns - clk_pl_0 rise@0.000ns)
  Data Path Delay:        2.849ns  (logic 0.881ns (30.918%)  route 1.968ns (69.082%))
  Logic Levels:           0  
  Clock Path Skew:        -0.113ns (DCD - SCD + CPR)
    Destination Clock Delay (DCD):    1.671ns = ( 5.004 - 3.333 ) 
    Source Clock Delay      (SCD):    1.941ns
    Clock Pessimism Removal (CPR):    0.157ns
  Clock Uncertainty:      0.104ns  ((TSJ^2 + DJ^2)^1/2) / 2 + PE
    Total System Jitter     (TSJ):    0.071ns
    Discrete Jitter          (DJ):    0.195ns
    Phase Error              (PE):    0.000ns
  Clock Net Delay (Source):      1.742ns (routing 0.786ns, distribution 0.956ns)
  Clock Net Delay (Destination): 1.511ns (routing 0.709ns, distribution 0.802ns)

    Location             Delay type                Incr(ns)  Path(ns)    Netlist Resource(s)
  -------------------------------------------------------------------    -------------------
                         (clock clk_pl_0 rise edge)
                                                      0.000     0.000 r  
    PS8_X0Y0             PS8                          0.000     0.000 r  bnn_top_i/zynq_ultra_ps_e_0/inst/PS8_i/PLCLK[0]
                         net (fo=1, routed)           0.171     0.171    bnn_top_i/zynq_ultra_ps_e_0/inst/pl_clk_unbuffered[0]
    BUFG_PS_X0Y58        BUFG_PS (Prop_BUFG_PS_I_O)
                                                      0.028     0.199 r  bnn_top_i/zynq_ultra_ps_e_0/inst/buffer_pl_clk_0.PL_CLK_0_BUFG/O
    X0Y0 (CLOCK_ROOT)    net (fo=20970, routed)       1.742     1.941    bnn_top_i/bnn_top_0/inst/l1_output_1_U/ap_clk
    RAMB18_X2Y16         RAMB18E2                                     r  bnn_top_i/bnn_top_0/inst/l1_output_1_U/ram_reg_bram_0/CLKARDCLK
  -------------------------------------------------------------------    -------------------
    RAMB18_X2Y16         RAMB18E2 (Prop_RAMB18E2_L_RAMB180_CLKARDCLK_DOUTADOUT[10])
                                                      0.881     2.822 r  bnn_top_i/bnn_top_0/inst/l1_output_1_U/ram_reg_bram_0/DOUTADOUT[10]
                         net (fo=64, routed)          1.968     4.790    bnn_top_i/bnn_top_0/inst/l1_output_1_q1[10]
    SLICE_X35Y25         FDRE                                         r  bnn_top_i/bnn_top_0/inst/tmp_4499_reg_6351_reg[0]/D
  -------------------------------------------------------------------    -------------------

                         (clock clk_pl_0 rise edge)
                                                      3.333     3.333 r  
    PS8_X0Y0             PS8                          0.000     3.333 r  bnn_top_i/zynq_ultra_ps_e_0/inst/PS8_i/PLCLK[0]
                         net (fo=1, routed)           0.135     3.468    bnn_top_i/zynq_ultra_ps_e_0/inst/pl_clk_unbuffered[0]
    BUFG_PS_X0Y58        BUFG_PS (Prop_BUFG_PS_I_O)
                                                      0.025     3.493 r  bnn_top_i/zynq_ultra_ps_e_0/inst/buffer_pl_clk_0.PL_CLK_0_BUFG/O
    X0Y0 (CLOCK_ROOT)    net (fo=20970, routed)       1.511     5.004    bnn_top_i/bnn_top_0/inst/ap_clk
    SLICE_X35Y25         FDRE                                         r  bnn_top_i/bnn_top_0/inst/tmp_4499_reg_6351_reg[0]/C
                         clock pessimism              0.157     5.161    
                         clock uncertainty           -0.104     5.057    
    SLICE_X35Y25         FDRE (Setup_GFF_SLICEL_C_D)
                                                      0.025     5.082    bnn_top_i/bnn_top_0/inst/tmp_4499_reg_6351_reg[0]
  -------------------------------------------------------------------
                         required time                          5.082    
                         arrival time                          -4.790    
  -------------------------------------------------------------------
                         slack                                  0.292    

Slack (MET) :             0.327ns  (required time - arrival time)
  Source:                 bnn_top_i/bnn_top_0/inst/l1_output_1_U/ram_reg_bram_0/CLKARDCLK
                            (rising edge-triggered cell RAMB18E2 clocked by clk_pl_0  {rise@0.000ns fall@1.666ns period=3.333ns})
  Destination:            bnn_top_i/bnn_top_0/inst/tmp_4531_reg_6671_reg[0]/D
                            (rising edge-triggered cell FDRE clocked by clk_pl_0  {rise@0.000ns fall@1.666ns period=3.333ns})
  Path Group:             clk_pl_0
  Path Type:              Setup (Max at Slow Process Corner)
  Requirement:            3.333ns  (clk_pl_0 rise@3.333ns - clk_pl_0 rise@0.000ns)
  Data Path Delay:        2.829ns  (logic 0.881ns (31.137%)  route 1.948ns (68.863%))
  Logic Levels:           0  
  Clock Path Skew:        -0.098ns (DCD - SCD + CPR)
    Destination Clock Delay (DCD):    1.686ns = ( 5.019 - 3.333 ) 
    Source Clock Delay      (SCD):    1.941ns
    Clock Pessimism Removal (CPR):    0.157ns
  Clock Uncertainty:      0.104ns  ((TSJ^2 + DJ^2)^1/2) / 2 + PE
    Total System Jitter     (TSJ):    0.071ns
    Discrete Jitter          (DJ):    0.195ns
    Phase Error              (PE):    0.000ns
  Clock Net Delay (Source):      1.742ns (routing 0.786ns, distribution 0.956ns)
  Clock Net Delay (Destination): 1.526ns (routing 0.709ns, distribution 0.817ns)

    Location             Delay type                Incr(ns)  Path(ns)    Netlist Resource(s)
  -------------------------------------------------------------------    -------------------
                         (clock clk_pl_0 rise edge)
                                                      0.000     0.000 r  
    PS8_X0Y0             PS8                          0.000     0.000 r  bnn_top_i/zynq_ultra_ps_e_0/inst/PS8_i/PLCLK[0]
                         net (fo=1, routed)           0.171     0.171    bnn_top_i/zynq_ultra_ps_e_0/inst/pl_clk_unbuffered[0]
    BUFG_PS_X0Y58        BUFG_PS (Prop_BUFG_PS_I_O)
                                                      0.028     0.199 r  bnn_top_i/zynq_ultra_ps_e_0/inst/buffer_pl_clk_0.PL_CLK_0_BUFG/O
    X0Y0 (CLOCK_ROOT)    net (fo=20970, routed)       1.742     1.941    bnn_top_i/bnn_top_0/inst/l1_output_1_U/ap_clk
    RAMB18_X2Y16         RAMB18E2                                     r  bnn_top_i/bnn_top_0/inst/l1_output_1_U/ram_reg_bram_0/CLKARDCLK
  -------------------------------------------------------------------    -------------------
    RAMB18_X2Y16         RAMB18E2 (Prop_RAMB18E2_L_RAMB180_CLKARDCLK_DOUTADOUT[10])
                                                      0.881     2.822 r  bnn_top_i/bnn_top_0/inst/l1_output_1_U/ram_reg_bram_0/DOUTADOUT[10]
                         net (fo=64, routed)          1.948     4.770    bnn_top_i/bnn_top_0/inst/l1_output_1_q1[10]
    SLICE_X37Y27         FDRE                                         r  bnn_top_i/bnn_top_0/inst/tmp_4531_reg_6671_reg[0]/D
  -------------------------------------------------------------------    -------------------

                         (clock clk_pl_0 rise edge)
                                                      3.333     3.333 r  
    PS8_X0Y0             PS8                          0.000     3.333 r  bnn_top_i/zynq_ultra_ps_e_0/inst/PS8_i/PLCLK[0]
                         net (fo=1, routed)           0.135     3.468    bnn_top_i/zynq_ultra_ps_e_0/inst/pl_clk_unbuffered[0]
    BUFG_PS_X0Y58        BUFG_PS (Prop_BUFG_PS_I_O)
                                                      0.025     3.493 r  bnn_top_i/zynq_ultra_ps_e_0/inst/buffer_pl_clk_0.PL_CLK_0_BUFG/O
    X0Y0 (CLOCK_ROOT)    net (fo=20970, routed)       1.526     5.019    bnn_top_i/bnn_top_0/inst/ap_clk
    SLICE_X37Y27         FDRE                                         r  bnn_top_i/bnn_top_0/inst/tmp_4531_reg_6671_reg[0]/C
                         clock pessimism              0.157     5.176    
                         clock uncertainty           -0.104     5.072    
    SLICE_X37Y27         FDRE (Setup_GFF_SLICEM_C_D)
                                                      0.025     5.097    bnn_top_i/bnn_top_0/inst/tmp_4531_reg_6671_reg[0]
  -------------------------------------------------------------------
                         required time                          5.097    
                         arrival time                          -4.770    
  -------------------------------------------------------------------
                         slack                                  0.327    

Slack (MET) :             0.330ns  (required time - arrival time)
  Source:                 bnn_top_i/axi_mem_intercon/s04_couplers/auto_ds/inst/gen_downsizer.gen_simple_downsizer.axi_downsizer_inst/USE_READ.read_data_inst/current_word_1_reg[1]/C
                            (rising edge-triggered cell FDRE clocked by clk_pl_0  {rise@0.000ns fall@1.666ns period=3.333ns})
  Destination:            bnn_top_i/axi_mem_intercon/xbar/inst/gen_samd.crossbar_samd/addr_arbiter_ar/gen_arbiter.m_target_hot_i_reg[1]/CE
                            (rising edge-triggered cell FDRE clocked by clk_pl_0  {rise@0.000ns fall@1.666ns period=3.333ns})
  Path Group:             clk_pl_0
  Path Type:              Setup (Max at Slow Process Corner)
  Requirement:            3.333ns  (clk_pl_0 rise@3.333ns - clk_pl_0 rise@0.000ns)
  Data Path Delay:        2.717ns  (logic 0.908ns (33.416%)  route 1.809ns (66.584%))
  Logic Levels:           10  (LUT3=1 LUT4=1 LUT5=2 LUT6=6)
  Clock Path Skew:        -0.122ns (DCD - SCD + CPR)
    Destination Clock Delay (DCD):    1.574ns = ( 4.907 - 3.333 ) 
    Source Clock Delay      (SCD):    1.848ns
    Clock Pessimism Removal (CPR):    0.152ns
  Clock Uncertainty:      0.104ns  ((TSJ^2 + DJ^2)^1/2) / 2 + PE
    Total System Jitter     (TSJ):    0.071ns
    Discrete Jitter          (DJ):    0.195ns
    Phase Error              (PE):    0.000ns
  Clock Net Delay (Source):      1.649ns (routing 0.786ns, distribution 0.863ns)
  Clock Net Delay (Destination): 1.414ns (routing 0.709ns, distribution 0.705ns)

    Location             Delay type                Incr(ns)  Path(ns)    Netlist Resource(s)
  -------------------------------------------------------------------    -------------------
                         (clock clk_pl_0 rise edge)
                                                      0.000     0.000 r  
    PS8_X0Y0             PS8                          0.000     0.000 r  bnn_top_i/zynq_ultra_ps_e_0/inst/PS8_i/PLCLK[0]
                         net (fo=1, routed)           0.171     0.171    bnn_top_i/zynq_ultra_ps_e_0/inst/pl_clk_unbuffered[0]
    BUFG_PS_X0Y58        BUFG_PS (Prop_BUFG_PS_I_O)
                                                      0.028     0.199 r  bnn_top_i/zynq_ultra_ps_e_0/inst/buffer_pl_clk_0.PL_CLK_0_BUFG/O
    X0Y0 (CLOCK_ROOT)    net (fo=20970, routed)       1.649     1.848    bnn_top_i/axi_mem_intercon/s04_couplers/auto_ds/inst/gen_downsizer.gen_simple_downsizer.axi_downsizer_inst/USE_READ.read_data_inst/CLK
    SLICE_X17Y43         FDRE                                         r  bnn_top_i/axi_mem_intercon/s04_couplers/auto_ds/inst/gen_downsizer.gen_simple_downsizer.axi_downsizer_inst/USE_READ.read_data_inst/current_word_1_reg[1]/C
  -------------------------------------------------------------------    -------------------
    SLICE_X17Y43         FDRE (Prop_EFF2_SLICEL_C_Q)
                                                      0.081     1.929 r  bnn_top_i/axi_mem_intercon/s04_couplers/auto_ds/inst/gen_downsizer.gen_simple_downsizer.axi_downsizer_inst/USE_READ.read_data_inst/current_word_1_reg[1]/Q
                         net (fo=1, routed)           0.149     2.078    bnn_top_i/axi_mem_intercon/s04_couplers/auto_ds/inst/gen_downsizer.gen_simple_downsizer.axi_downsizer_inst/USE_READ.read_data_inst/current_word_1[1]
    SLICE_X16Y43         LUT4 (Prop_D6LUT_SLICEM_I0_O)
                                                      0.088     2.166 r  bnn_top_i/axi_mem_intercon/s04_couplers/auto_ds/inst/gen_downsizer.gen_simple_downsizer.axi_downsizer_inst/USE_READ.read_data_inst/s_axi_rresp[1]_INST_0_i_3/O
                         net (fo=4, routed)           0.183     2.349    bnn_top_i/axi_mem_intercon/s04_couplers/auto_ds/inst/gen_downsizer.gen_simple_downsizer.axi_downsizer_inst/USE_READ.read_data_inst/current_word_1_reg[1]_0
    SLICE_X17Y43         LUT6 (Prop_H6LUT_SLICEL_I0_O)
                                                      0.099     2.448 r  bnn_top_i/axi_mem_intercon/s04_couplers/auto_ds/inst/gen_downsizer.gen_simple_downsizer.axi_downsizer_inst/USE_READ.read_data_inst/s_axi_rvalid_INST_0_i_6/O
                         net (fo=2, routed)           0.108     2.556    bnn_top_i/axi_mem_intercon/s04_couplers/auto_ds/inst/gen_downsizer.gen_simple_downsizer.axi_downsizer_inst/USE_READ.read_addr_inst/cmd_queue/inst/current_word_1_reg[3]_0
    SLICE_X15Y44         LUT6 (Prop_A6LUT_SLICEL_I5_O)
                                                      0.035     2.591 r  bnn_top_i/axi_mem_intercon/s04_couplers/auto_ds/inst/gen_downsizer.gen_simple_downsizer.axi_downsizer_inst/USE_READ.read_addr_inst/cmd_queue/inst/current_word_1[3]_i_1/O
                         net (fo=2, routed)           0.164     2.755    bnn_top_i/axi_mem_intercon/s04_couplers/auto_ds/inst/gen_downsizer.gen_simple_downsizer.axi_downsizer_inst/USE_READ.read_addr_inst/cmd_queue/inst/goreg_dm.dout_i_reg[17][3]
    SLICE_X15Y44         LUT6 (Prop_D6LUT_SLICEL_I0_O)
                                                      0.099     2.854 r  bnn_top_i/axi_mem_intercon/s04_couplers/auto_ds/inst/gen_downsizer.gen_simple_downsizer.axi_downsizer_inst/USE_READ.read_addr_inst/cmd_queue/inst/s_axi_rvalid_INST_0_i_4/O
                         net (fo=3, routed)           0.041     2.895    bnn_top_i/axi_mem_intercon/s04_couplers/auto_ds/inst/gen_downsizer.gen_simple_downsizer.axi_downsizer_inst/USE_READ.read_addr_inst/cmd_queue/inst/s_axi_rvalid_INST_0_i_4_n_0
    SLICE_X15Y44         LUT6 (Prop_B6LUT_SLICEL_I0_O)
                                                      0.051     2.946 r  bnn_top_i/axi_mem_intercon/s04_couplers/auto_ds/inst/gen_downsizer.gen_simple_downsizer.axi_downsizer_inst/USE_READ.read_addr_inst/cmd_queue/inst/m_axi_rready_INST_0_i_1/O
                         net (fo=10, routed)          0.329     3.275    bnn_top_i/axi_mem_intercon/s04_couplers/auto_ds/inst/gen_downsizer.gen_simple_downsizer.axi_downsizer_inst/USE_READ.read_addr_inst/cmd_queue/inst/goreg_dm.dout_i_reg[31]
    SLICE_X14Y48         LUT3 (Prop_F6LUT_SLICEM_I1_O)
                                                      0.037     3.312 r  bnn_top_i/axi_mem_intercon/s04_couplers/auto_ds/inst/gen_downsizer.gen_simple_downsizer.axi_downsizer_inst/USE_READ.read_addr_inst/cmd_queue/inst/m_axi_rready_INST_0/O
                         net (fo=6, routed)           0.201     3.513    bnn_top_i/axi_mem_intercon/xbar/inst/gen_samd.crossbar_samd/gen_master_slots[1].reg_slice_mi/r.r_pipe/s_axi_rready[3]
    SLICE_X13Y51         LUT5 (Prop_F6LUT_SLICEL_I4_O)
                                                      0.049     3.562 r  bnn_top_i/axi_mem_intercon/xbar/inst/gen_samd.crossbar_samd/gen_master_slots[1].reg_slice_mi/r.r_pipe/gen_master_slots[1].r_issuing_cnt[8]_i_4/O
                         net (fo=2, routed)           0.101     3.663    bnn_top_i/axi_mem_intercon/xbar/inst/gen_samd.crossbar_samd/gen_master_slots[1].reg_slice_mi/r.r_pipe/gen_master_slots[1].r_issuing_cnt[8]_i_4_n_0
    SLICE_X13Y53         LUT6 (Prop_G6LUT_SLICEL_I2_O)
                                                      0.123     3.786 f  bnn_top_i/axi_mem_intercon/xbar/inst/gen_samd.crossbar_samd/gen_master_slots[1].reg_slice_mi/r.r_pipe/gen_arbiter.last_rr_hot[4]_i_12/O
                         net (fo=10, routed)          0.201     3.987    bnn_top_i/axi_mem_intercon/xbar/inst/gen_samd.crossbar_samd/addr_arbiter_ar/mi_armaxissuing[1]
    SLICE_X12Y53         LUT5 (Prop_F6LUT_SLICEL_I1_O)
                                                      0.123     4.110 r  bnn_top_i/axi_mem_intercon/xbar/inst/gen_samd.crossbar_samd/addr_arbiter_ar/gen_arbiter.last_rr_hot[4]_i_4__0/O
                         net (fo=1, routed)           0.088     4.198    bnn_top_i/axi_mem_intercon/xbar/inst/gen_samd.crossbar_samd/addr_arbiter_ar/gen_arbiter.last_rr_hot[4]_i_4__0_n_0
    SLICE_X12Y52         LUT6 (Prop_G6LUT_SLICEL_I1_O)
                                                      0.123     4.321 r  bnn_top_i/axi_mem_intercon/xbar/inst/gen_samd.crossbar_samd/addr_arbiter_ar/gen_arbiter.last_rr_hot[4]_i_1__0/O
                         net (fo=13, routed)          0.244     4.565    bnn_top_i/axi_mem_intercon/xbar/inst/gen_samd.crossbar_samd/addr_arbiter_ar/grant_hot
    SLICE_X13Y52         FDRE                                         r  bnn_top_i/axi_mem_intercon/xbar/inst/gen_samd.crossbar_samd/addr_arbiter_ar/gen_arbiter.m_target_hot_i_reg[1]/CE
  -------------------------------------------------------------------    -------------------

                         (clock clk_pl_0 rise edge)
                                                      3.333     3.333 r  
    PS8_X0Y0             PS8                          0.000     3.333 r  bnn_top_i/zynq_ultra_ps_e_0/inst/PS8_i/PLCLK[0]
                         net (fo=1, routed)           0.135     3.468    bnn_top_i/zynq_ultra_ps_e_0/inst/pl_clk_unbuffered[0]
    BUFG_PS_X0Y58        BUFG_PS (Prop_BUFG_PS_I_O)
                                                      0.025     3.493 r  bnn_top_i/zynq_ultra_ps_e_0/inst/buffer_pl_clk_0.PL_CLK_0_BUFG/O
    X0Y0 (CLOCK_ROOT)    net (fo=20970, routed)       1.414     4.907    bnn_top_i/axi_mem_intercon/xbar/inst/gen_samd.crossbar_samd/addr_arbiter_ar/aclk
    SLICE_X13Y52         FDRE                                         r  bnn_top_i/axi_mem_intercon/xbar/inst/gen_samd.crossbar_samd/addr_arbiter_ar/gen_arbiter.m_target_hot_i_reg[1]/C
                         clock pessimism              0.152     5.059    
                         clock uncertainty           -0.104     4.955    
    SLICE_X13Y52         FDRE (Setup_HFF_SLICEL_C_CE)
                                                     -0.060     4.895    bnn_top_i/axi_mem_intercon/xbar/inst/gen_samd.crossbar_samd/addr_arbiter_ar/gen_arbiter.m_target_hot_i_reg[1]
  -------------------------------------------------------------------
                         required time                          4.895    
                         arrival time                          -4.565    
  -------------------------------------------------------------------
                         slack                                  0.330    

Slack (MET) :             0.334ns  (required time - arrival time)
  Source:                 bnn_top_i/axi_mem_intercon/s04_couplers/auto_ds/inst/gen_downsizer.gen_simple_downsizer.axi_downsizer_inst/USE_READ.read_data_inst/current_word_1_reg[1]/C
                            (rising edge-triggered cell FDRE clocked by clk_pl_0  {rise@0.000ns fall@1.666ns period=3.333ns})
  Destination:            bnn_top_i/axi_mem_intercon/xbar/inst/gen_samd.crossbar_samd/addr_arbiter_ar/gen_arbiter.last_rr_hot_reg[1]/CE
                            (rising edge-triggered cell FDRE clocked by clk_pl_0  {rise@0.000ns fall@1.666ns period=3.333ns})
  Path Group:             clk_pl_0
  Path Type:              Setup (Max at Slow Process Corner)
  Requirement:            3.333ns  (clk_pl_0 rise@3.333ns - clk_pl_0 rise@0.000ns)
  Data Path Delay:        2.712ns  (logic 0.908ns (33.478%)  route 1.804ns (66.522%))
  Logic Levels:           10  (LUT3=1 LUT4=1 LUT5=2 LUT6=6)
  Clock Path Skew:        -0.124ns (DCD - SCD + CPR)
    Destination Clock Delay (DCD):    1.572ns = ( 4.905 - 3.333 ) 
    Source Clock Delay      (SCD):    1.848ns
    Clock Pessimism Removal (CPR):    0.152ns
  Clock Uncertainty:      0.104ns  ((TSJ^2 + DJ^2)^1/2) / 2 + PE
    Total System Jitter     (TSJ):    0.071ns
    Discrete Jitter          (DJ):    0.195ns
    Phase Error              (PE):    0.000ns
  Clock Net Delay (Source):      1.649ns (routing 0.786ns, distribution 0.863ns)
  Clock Net Delay (Destination): 1.412ns (routing 0.709ns, distribution 0.703ns)

    Location             Delay type                Incr(ns)  Path(ns)    Netlist Resource(s)
  -------------------------------------------------------------------    -------------------
                         (clock clk_pl_0 rise edge)
                                                      0.000     0.000 r  
    PS8_X0Y0             PS8                          0.000     0.000 r  bnn_top_i/zynq_ultra_ps_e_0/inst/PS8_i/PLCLK[0]
                         net (fo=1, routed)           0.171     0.171    bnn_top_i/zynq_ultra_ps_e_0/inst/pl_clk_unbuffered[0]
    BUFG_PS_X0Y58        BUFG_PS (Prop_BUFG_PS_I_O)
                                                      0.028     0.199 r  bnn_top_i/zynq_ultra_ps_e_0/inst/buffer_pl_clk_0.PL_CLK_0_BUFG/O
    X0Y0 (CLOCK_ROOT)    net (fo=20970, routed)       1.649     1.848    bnn_top_i/axi_mem_intercon/s04_couplers/auto_ds/inst/gen_downsizer.gen_simple_downsizer.axi_downsizer_inst/USE_READ.read_data_inst/CLK
    SLICE_X17Y43         FDRE                                         r  bnn_top_i/axi_mem_intercon/s04_couplers/auto_ds/inst/gen_downsizer.gen_simple_downsizer.axi_downsizer_inst/USE_READ.read_data_inst/current_word_1_reg[1]/C
  -------------------------------------------------------------------    -------------------
    SLICE_X17Y43         FDRE (Prop_EFF2_SLICEL_C_Q)
                                                      0.081     1.929 r  bnn_top_i/axi_mem_intercon/s04_couplers/auto_ds/inst/gen_downsizer.gen_simple_downsizer.axi_downsizer_inst/USE_READ.read_data_inst/current_word_1_reg[1]/Q
                         net (fo=1, routed)           0.149     2.078    bnn_top_i/axi_mem_intercon/s04_couplers/auto_ds/inst/gen_downsizer.gen_simple_downsizer.axi_downsizer_inst/USE_READ.read_data_inst/current_word_1[1]
    SLICE_X16Y43         LUT4 (Prop_D6LUT_SLICEM_I0_O)
                                                      0.088     2.166 r  bnn_top_i/axi_mem_intercon/s04_couplers/auto_ds/inst/gen_downsizer.gen_simple_downsizer.axi_downsizer_inst/USE_READ.read_data_inst/s_axi_rresp[1]_INST_0_i_3/O
                         net (fo=4, routed)           0.183     2.349    bnn_top_i/axi_mem_intercon/s04_couplers/auto_ds/inst/gen_downsizer.gen_simple_downsizer.axi_downsizer_inst/USE_READ.read_data_inst/current_word_1_reg[1]_0
    SLICE_X17Y43         LUT6 (Prop_H6LUT_SLICEL_I0_O)
                                                      0.099     2.448 r  bnn_top_i/axi_mem_intercon/s04_couplers/auto_ds/inst/gen_downsizer.gen_simple_downsizer.axi_downsizer_inst/USE_READ.read_data_inst/s_axi_rvalid_INST_0_i_6/O
                         net (fo=2, routed)           0.108     2.556    bnn_top_i/axi_mem_intercon/s04_couplers/auto_ds/inst/gen_downsizer.gen_simple_downsizer.axi_downsizer_inst/USE_READ.read_addr_inst/cmd_queue/inst/current_word_1_reg[3]_0
    SLICE_X15Y44         LUT6 (Prop_A6LUT_SLICEL_I5_O)
                                                      0.035     2.591 r  bnn_top_i/axi_mem_intercon/s04_couplers/auto_ds/inst/gen_downsizer.gen_simple_downsizer.axi_downsizer_inst/USE_READ.read_addr_inst/cmd_queue/inst/current_word_1[3]_i_1/O
                         net (fo=2, routed)           0.164     2.755    bnn_top_i/axi_mem_intercon/s04_couplers/auto_ds/inst/gen_downsizer.gen_simple_downsizer.axi_downsizer_inst/USE_READ.read_addr_inst/cmd_queue/inst/goreg_dm.dout_i_reg[17][3]
    SLICE_X15Y44         LUT6 (Prop_D6LUT_SLICEL_I0_O)
                                                      0.099     2.854 r  bnn_top_i/axi_mem_intercon/s04_couplers/auto_ds/inst/gen_downsizer.gen_simple_downsizer.axi_downsizer_inst/USE_READ.read_addr_inst/cmd_queue/inst/s_axi_rvalid_INST_0_i_4/O
                         net (fo=3, routed)           0.041     2.895    bnn_top_i/axi_mem_intercon/s04_couplers/auto_ds/inst/gen_downsizer.gen_simple_downsizer.axi_downsizer_inst/USE_READ.read_addr_inst/cmd_queue/inst/s_axi_rvalid_INST_0_i_4_n_0
    SLICE_X15Y44         LUT6 (Prop_B6LUT_SLICEL_I0_O)
                                                      0.051     2.946 r  bnn_top_i/axi_mem_intercon/s04_couplers/auto_ds/inst/gen_downsizer.gen_simple_downsizer.axi_downsizer_inst/USE_READ.read_addr_inst/cmd_queue/inst/m_axi_rready_INST_0_i_1/O
                         net (fo=10, routed)          0.329     3.275    bnn_top_i/axi_mem_intercon/s04_couplers/auto_ds/inst/gen_downsizer.gen_simple_downsizer.axi_downsizer_inst/USE_READ.read_addr_inst/cmd_queue/inst/goreg_dm.dout_i_reg[31]
    SLICE_X14Y48         LUT3 (Prop_F6LUT_SLICEM_I1_O)
                                                      0.037     3.312 r  bnn_top_i/axi_mem_intercon/s04_couplers/auto_ds/inst/gen_downsizer.gen_simple_downsizer.axi_downsizer_inst/USE_READ.read_addr_inst/cmd_queue/inst/m_axi_rready_INST_0/O
                         net (fo=6, routed)           0.201     3.513    bnn_top_i/axi_mem_intercon/xbar/inst/gen_samd.crossbar_samd/gen_master_slots[1].reg_slice_mi/r.r_pipe/s_axi_rready[3]
    SLICE_X13Y51         LUT5 (Prop_F6LUT_SLICEL_I4_O)
                                                      0.049     3.562 r  bnn_top_i/axi_mem_intercon/xbar/inst/gen_samd.crossbar_samd/gen_master_slots[1].reg_slice_mi/r.r_pipe/gen_master_slots[1].r_issuing_cnt[8]_i_4/O
                         net (fo=2, routed)           0.101     3.663    bnn_top_i/axi_mem_intercon/xbar/inst/gen_samd.crossbar_samd/gen_master_slots[1].reg_slice_mi/r.r_pipe/gen_master_slots[1].r_issuing_cnt[8]_i_4_n_0
    SLICE_X13Y53         LUT6 (Prop_G6LUT_SLICEL_I2_O)
                                                      0.123     3.786 f  bnn_top_i/axi_mem_intercon/xbar/inst/gen_samd.crossbar_samd/gen_master_slots[1].reg_slice_mi/r.r_pipe/gen_arbiter.last_rr_hot[4]_i_12/O
                         net (fo=10, routed)          0.201     3.987    bnn_top_i/axi_mem_intercon/xbar/inst/gen_samd.crossbar_samd/addr_arbiter_ar/mi_armaxissuing[1]
    SLICE_X12Y53         LUT5 (Prop_F6LUT_SLICEL_I1_O)
                                                      0.123     4.110 r  bnn_top_i/axi_mem_intercon/xbar/inst/gen_samd.crossbar_samd/addr_arbiter_ar/gen_arbiter.last_rr_hot[4]_i_4__0/O
                         net (fo=1, routed)           0.088     4.198    bnn_top_i/axi_mem_intercon/xbar/inst/gen_samd.crossbar_samd/addr_arbiter_ar/gen_arbiter.last_rr_hot[4]_i_4__0_n_0
    SLICE_X12Y52         LUT6 (Prop_G6LUT_SLICEL_I1_O)
                                                      0.123     4.321 r  bnn_top_i/axi_mem_intercon/xbar/inst/gen_samd.crossbar_samd/addr_arbiter_ar/gen_arbiter.last_rr_hot[4]_i_1__0/O
                         net (fo=13, routed)          0.239     4.560    bnn_top_i/axi_mem_intercon/xbar/inst/gen_samd.crossbar_samd/addr_arbiter_ar/grant_hot
    SLICE_X13Y52         FDRE                                         r  bnn_top_i/axi_mem_intercon/xbar/inst/gen_samd.crossbar_samd/addr_arbiter_ar/gen_arbiter.last_rr_hot_reg[1]/CE
  -------------------------------------------------------------------    -------------------

                         (clock clk_pl_0 rise edge)
                                                      3.333     3.333 r  
    PS8_X0Y0             PS8                          0.000     3.333 r  bnn_top_i/zynq_ultra_ps_e_0/inst/PS8_i/PLCLK[0]
                         net (fo=1, routed)           0.135     3.468    bnn_top_i/zynq_ultra_ps_e_0/inst/pl_clk_unbuffered[0]
    BUFG_PS_X0Y58        BUFG_PS (Prop_BUFG_PS_I_O)
                                                      0.025     3.493 r  bnn_top_i/zynq_ultra_ps_e_0/inst/buffer_pl_clk_0.PL_CLK_0_BUFG/O
    X0Y0 (CLOCK_ROOT)    net (fo=20970, routed)       1.412     4.905    bnn_top_i/axi_mem_intercon/xbar/inst/gen_samd.crossbar_samd/addr_arbiter_ar/aclk
    SLICE_X13Y52         FDRE                                         r  bnn_top_i/axi_mem_intercon/xbar/inst/gen_samd.crossbar_samd/addr_arbiter_ar/gen_arbiter.last_rr_hot_reg[1]/C
                         clock pessimism              0.152     5.057    
                         clock uncertainty           -0.104     4.953    
    SLICE_X13Y52         FDRE (Setup_CFF2_SLICEL_C_CE)
                                                     -0.059     4.894    bnn_top_i/axi_mem_intercon/xbar/inst/gen_samd.crossbar_samd/addr_arbiter_ar/gen_arbiter.last_rr_hot_reg[1]
  -------------------------------------------------------------------
                         required time                          4.894    
                         arrival time                          -4.560    
  -------------------------------------------------------------------
                         slack                                  0.334    

Slack (MET) :             0.334ns  (required time - arrival time)
  Source:                 bnn_top_i/axi_mem_intercon/s04_couplers/auto_ds/inst/gen_downsizer.gen_simple_downsizer.axi_downsizer_inst/USE_READ.read_data_inst/current_word_1_reg[1]/C
                            (rising edge-triggered cell FDRE clocked by clk_pl_0  {rise@0.000ns fall@1.666ns period=3.333ns})
  Destination:            bnn_top_i/axi_mem_intercon/xbar/inst/gen_samd.crossbar_samd/addr_arbiter_ar/gen_arbiter.last_rr_hot_reg[2]/CE
                            (rising edge-triggered cell FDRE clocked by clk_pl_0  {rise@0.000ns fall@1.666ns period=3.333ns})
  Path Group:             clk_pl_0
  Path Type:              Setup (Max at Slow Process Corner)
  Requirement:            3.333ns  (clk_pl_0 rise@3.333ns - clk_pl_0 rise@0.000ns)
  Data Path Delay:        2.712ns  (logic 0.908ns (33.478%)  route 1.804ns (66.522%))
  Logic Levels:           10  (LUT3=1 LUT4=1 LUT5=2 LUT6=6)
  Clock Path Skew:        -0.124ns (DCD - SCD + CPR)
    Destination Clock Delay (DCD):    1.572ns = ( 4.905 - 3.333 ) 
    Source Clock Delay      (SCD):    1.848ns
    Clock Pessimism Removal (CPR):    0.152ns
  Clock Uncertainty:      0.104ns  ((TSJ^2 + DJ^2)^1/2) / 2 + PE
    Total System Jitter     (TSJ):    0.071ns
    Discrete Jitter          (DJ):    0.195ns
    Phase Error              (PE):    0.000ns
  Clock Net Delay (Source):      1.649ns (routing 0.786ns, distribution 0.863ns)
  Clock Net Delay (Destination): 1.412ns (routing 0.709ns, distribution 0.703ns)

    Location             Delay type                Incr(ns)  Path(ns)    Netlist Resource(s)
  -------------------------------------------------------------------    -------------------
                         (clock clk_pl_0 rise edge)
                                                      0.000     0.000 r  
    PS8_X0Y0             PS8                          0.000     0.000 r  bnn_top_i/zynq_ultra_ps_e_0/inst/PS8_i/PLCLK[0]
                         net (fo=1, routed)           0.171     0.171    bnn_top_i/zynq_ultra_ps_e_0/inst/pl_clk_unbuffered[0]
    BUFG_PS_X0Y58        BUFG_PS (Prop_BUFG_PS_I_O)
                                                      0.028     0.199 r  bnn_top_i/zynq_ultra_ps_e_0/inst/buffer_pl_clk_0.PL_CLK_0_BUFG/O
    X0Y0 (CLOCK_ROOT)    net (fo=20970, routed)       1.649     1.848    bnn_top_i/axi_mem_intercon/s04_couplers/auto_ds/inst/gen_downsizer.gen_simple_downsizer.axi_downsizer_inst/USE_READ.read_data_inst/CLK
    SLICE_X17Y43         FDRE                                         r  bnn_top_i/axi_mem_intercon/s04_couplers/auto_ds/inst/gen_downsizer.gen_simple_downsizer.axi_downsizer_inst/USE_READ.read_data_inst/current_word_1_reg[1]/C
  -------------------------------------------------------------------    -------------------
    SLICE_X17Y43         FDRE (Prop_EFF2_SLICEL_C_Q)
                                                      0.081     1.929 r  bnn_top_i/axi_mem_intercon/s04_couplers/auto_ds/inst/gen_downsizer.gen_simple_downsizer.axi_downsizer_inst/USE_READ.read_data_inst/current_word_1_reg[1]/Q
                         net (fo=1, routed)           0.149     2.078    bnn_top_i/axi_mem_intercon/s04_couplers/auto_ds/inst/gen_downsizer.gen_simple_downsizer.axi_downsizer_inst/USE_READ.read_data_inst/current_word_1[1]
    SLICE_X16Y43         LUT4 (Prop_D6LUT_SLICEM_I0_O)
                                                      0.088     2.166 r  bnn_top_i/axi_mem_intercon/s04_couplers/auto_ds/inst/gen_downsizer.gen_simple_downsizer.axi_downsizer_inst/USE_READ.read_data_inst/s_axi_rresp[1]_INST_0_i_3/O
                         net (fo=4, routed)           0.183     2.349    bnn_top_i/axi_mem_intercon/s04_couplers/auto_ds/inst/gen_downsizer.gen_simple_downsizer.axi_downsizer_inst/USE_READ.read_data_inst/current_word_1_reg[1]_0
    SLICE_X17Y43         LUT6 (Prop_H6LUT_SLICEL_I0_O)
                                                      0.099     2.448 r  bnn_top_i/axi_mem_intercon/s04_couplers/auto_ds/inst/gen_downsizer.gen_simple_downsizer.axi_downsizer_inst/USE_READ.read_data_inst/s_axi_rvalid_INST_0_i_6/O
                         net (fo=2, routed)           0.108     2.556    bnn_top_i/axi_mem_intercon/s04_couplers/auto_ds/inst/gen_downsizer.gen_simple_downsizer.axi_downsizer_inst/USE_READ.read_addr_inst/cmd_queue/inst/current_word_1_reg[3]_0
    SLICE_X15Y44         LUT6 (Prop_A6LUT_SLICEL_I5_O)
                                                      0.035     2.591 r  bnn_top_i/axi_mem_intercon/s04_couplers/auto_ds/inst/gen_downsizer.gen_simple_downsizer.axi_downsizer_inst/USE_READ.read_addr_inst/cmd_queue/inst/current_word_1[3]_i_1/O
                         net (fo=2, routed)           0.164     2.755    bnn_top_i/axi_mem_intercon/s04_couplers/auto_ds/inst/gen_downsizer.gen_simple_downsizer.axi_downsizer_inst/USE_READ.read_addr_inst/cmd_queue/inst/goreg_dm.dout_i_reg[17][3]
    SLICE_X15Y44         LUT6 (Prop_D6LUT_SLICEL_I0_O)
                                                      0.099     2.854 r  bnn_top_i/axi_mem_intercon/s04_couplers/auto_ds/inst/gen_downsizer.gen_simple_downsizer.axi_downsizer_inst/USE_READ.read_addr_inst/cmd_queue/inst/s_axi_rvalid_INST_0_i_4/O
                         net (fo=3, routed)           0.041     2.895    bnn_top_i/axi_mem_intercon/s04_couplers/auto_ds/inst/gen_downsizer.gen_simple_downsizer.axi_downsizer_inst/USE_READ.read_addr_inst/cmd_queue/inst/s_axi_rvalid_INST_0_i_4_n_0
    SLICE_X15Y44         LUT6 (Prop_B6LUT_SLICEL_I0_O)
                                                      0.051     2.946 r  bnn_top_i/axi_mem_intercon/s04_couplers/auto_ds/inst/gen_downsizer.gen_simple_downsizer.axi_downsizer_inst/USE_READ.read_addr_inst/cmd_queue/inst/m_axi_rready_INST_0_i_1/O
                         net (fo=10, routed)          0.329     3.275    bnn_top_i/axi_mem_intercon/s04_couplers/auto_ds/inst/gen_downsizer.gen_simple_downsizer.axi_downsizer_inst/USE_READ.read_addr_inst/cmd_queue/inst/goreg_dm.dout_i_reg[31]
    SLICE_X14Y48         LUT3 (Prop_F6LUT_SLICEM_I1_O)
                                                      0.037     3.312 r  bnn_top_i/axi_mem_intercon/s04_couplers/auto_ds/inst/gen_downsizer.gen_simple_downsizer.axi_downsizer_inst/USE_READ.read_addr_inst/cmd_queue/inst/m_axi_rready_INST_0/O
                         net (fo=6, routed)           0.201     3.513    bnn_top_i/axi_mem_intercon/xbar/inst/gen_samd.crossbar_samd/gen_master_slots[1].reg_slice_mi/r.r_pipe/s_axi_rready[3]
    SLICE_X13Y51         LUT5 (Prop_F6LUT_SLICEL_I4_O)
                                                      0.049     3.562 r  bnn_top_i/axi_mem_intercon/xbar/inst/gen_samd.crossbar_samd/gen_master_slots[1].reg_slice_mi/r.r_pipe/gen_master_slots[1].r_issuing_cnt[8]_i_4/O
                         net (fo=2, routed)           0.101     3.663    bnn_top_i/axi_mem_intercon/xbar/inst/gen_samd.crossbar_samd/gen_master_slots[1].reg_slice_mi/r.r_pipe/gen_master_slots[1].r_issuing_cnt[8]_i_4_n_0
    SLICE_X13Y53         LUT6 (Prop_G6LUT_SLICEL_I2_O)
                                                      0.123     3.786 f  bnn_top_i/axi_mem_intercon/xbar/inst/gen_samd.crossbar_samd/gen_master_slots[1].reg_slice_mi/r.r_pipe/gen_arbiter.last_rr_hot[4]_i_12/O
                         net (fo=10, routed)          0.201     3.987    bnn_top_i/axi_mem_intercon/xbar/inst/gen_samd.crossbar_samd/addr_arbiter_ar/mi_armaxissuing[1]
    SLICE_X12Y53         LUT5 (Prop_F6LUT_SLICEL_I1_O)
                                                      0.123     4.110 r  bnn_top_i/axi_mem_intercon/xbar/inst/gen_samd.crossbar_samd/addr_arbiter_ar/gen_arbiter.last_rr_hot[4]_i_4__0/O
                         net (fo=1, routed)           0.088     4.198    bnn_top_i/axi_mem_intercon/xbar/inst/gen_samd.crossbar_samd/addr_arbiter_ar/gen_arbiter.last_rr_hot[4]_i_4__0_n_0
    SLICE_X12Y52         LUT6 (Prop_G6LUT_SLICEL_I1_O)
                                                      0.123     4.321 r  bnn_top_i/axi_mem_intercon/xbar/inst/gen_samd.crossbar_samd/addr_arbiter_ar/gen_arbiter.last_rr_hot[4]_i_1__0/O
                         net (fo=13, routed)          0.239     4.560    bnn_top_i/axi_mem_intercon/xbar/inst/gen_samd.crossbar_samd/addr_arbiter_ar/grant_hot
    SLICE_X13Y52         FDRE                                         r  bnn_top_i/axi_mem_intercon/xbar/inst/gen_samd.crossbar_samd/addr_arbiter_ar/gen_arbiter.last_rr_hot_reg[2]/CE
  -------------------------------------------------------------------    -------------------

                         (clock clk_pl_0 rise edge)
                                                      3.333     3.333 r  
    PS8_X0Y0             PS8                          0.000     3.333 r  bnn_top_i/zynq_ultra_ps_e_0/inst/PS8_i/PLCLK[0]
                         net (fo=1, routed)           0.135     3.468    bnn_top_i/zynq_ultra_ps_e_0/inst/pl_clk_unbuffered[0]
    BUFG_PS_X0Y58        BUFG_PS (Prop_BUFG_PS_I_O)
                                                      0.025     3.493 r  bnn_top_i/zynq_ultra_ps_e_0/inst/buffer_pl_clk_0.PL_CLK_0_BUFG/O
    X0Y0 (CLOCK_ROOT)    net (fo=20970, routed)       1.412     4.905    bnn_top_i/axi_mem_intercon/xbar/inst/gen_samd.crossbar_samd/addr_arbiter_ar/aclk
    SLICE_X13Y52         FDRE                                         r  bnn_top_i/axi_mem_intercon/xbar/inst/gen_samd.crossbar_samd/addr_arbiter_ar/gen_arbiter.last_rr_hot_reg[2]/C
                         clock pessimism              0.152     5.057    
                         clock uncertainty           -0.104     4.953    
    SLICE_X13Y52         FDRE (Setup_BFF2_SLICEL_C_CE)
                                                     -0.059     4.894    bnn_top_i/axi_mem_intercon/xbar/inst/gen_samd.crossbar_samd/addr_arbiter_ar/gen_arbiter.last_rr_hot_reg[2]
  -------------------------------------------------------------------
                         required time                          4.894    
                         arrival time                          -4.560    
  -------------------------------------------------------------------
                         slack                                  0.334    

Slack (MET) :             0.334ns  (required time - arrival time)
  Source:                 bnn_top_i/axi_mem_intercon/s04_couplers/auto_ds/inst/gen_downsizer.gen_simple_downsizer.axi_downsizer_inst/USE_READ.read_data_inst/current_word_1_reg[1]/C
                            (rising edge-triggered cell FDRE clocked by clk_pl_0  {rise@0.000ns fall@1.666ns period=3.333ns})
  Destination:            bnn_top_i/axi_mem_intercon/xbar/inst/gen_samd.crossbar_samd/addr_arbiter_ar/gen_arbiter.last_rr_hot_reg[3]/CE
                            (rising edge-triggered cell FDRE clocked by clk_pl_0  {rise@0.000ns fall@1.666ns period=3.333ns})
  Path Group:             clk_pl_0
  Path Type:              Setup (Max at Slow Process Corner)
  Requirement:            3.333ns  (clk_pl_0 rise@3.333ns - clk_pl_0 rise@0.000ns)
  Data Path Delay:        2.712ns  (logic 0.908ns (33.478%)  route 1.804ns (66.522%))
  Logic Levels:           10  (LUT3=1 LUT4=1 LUT5=2 LUT6=6)
  Clock Path Skew:        -0.124ns (DCD - SCD + CPR)
    Destination Clock Delay (DCD):    1.572ns = ( 4.905 - 3.333 ) 
    Source Clock Delay      (SCD):    1.848ns
    Clock Pessimism Removal (CPR):    0.152ns
  Clock Uncertainty:      0.104ns  ((TSJ^2 + DJ^2)^1/2) / 2 + PE
    Total System Jitter     (TSJ):    0.071ns
    Discrete Jitter          (DJ):    0.195ns
    Phase Error              (PE):    0.000ns
  Clock Net Delay (Source):      1.649ns (routing 0.786ns, distribution 0.863ns)
  Clock Net Delay (Destination): 1.412ns (routing 0.709ns, distribution 0.703ns)

    Location             Delay type                Incr(ns)  Path(ns)    Netlist Resource(s)
  -------------------------------------------------------------------    -------------------
                         (clock clk_pl_0 rise edge)
                                                      0.000     0.000 r  
    PS8_X0Y0             PS8                          0.000     0.000 r  bnn_top_i/zynq_ultra_ps_e_0/inst/PS8_i/PLCLK[0]
                         net (fo=1, routed)           0.171     0.171    bnn_top_i/zynq_ultra_ps_e_0/inst/pl_clk_unbuffered[0]
    BUFG_PS_X0Y58        BUFG_PS (Prop_BUFG_PS_I_O)
                                                      0.028     0.199 r  bnn_top_i/zynq_ultra_ps_e_0/inst/buffer_pl_clk_0.PL_CLK_0_BUFG/O
    X0Y0 (CLOCK_ROOT)    net (fo=20970, routed)       1.649     1.848    bnn_top_i/axi_mem_intercon/s04_couplers/auto_ds/inst/gen_downsizer.gen_simple_downsizer.axi_downsizer_inst/USE_READ.read_data_inst/CLK
    SLICE_X17Y43         FDRE                                         r  bnn_top_i/axi_mem_intercon/s04_couplers/auto_ds/inst/gen_downsizer.gen_simple_downsizer.axi_downsizer_inst/USE_READ.read_data_inst/current_word_1_reg[1]/C
  -------------------------------------------------------------------    -------------------
    SLICE_X17Y43         FDRE (Prop_EFF2_SLICEL_C_Q)
                                                      0.081     1.929 r  bnn_top_i/axi_mem_intercon/s04_couplers/auto_ds/inst/gen_downsizer.gen_simple_downsizer.axi_downsizer_inst/USE_READ.read_data_inst/current_word_1_reg[1]/Q
                         net (fo=1, routed)           0.149     2.078    bnn_top_i/axi_mem_intercon/s04_couplers/auto_ds/inst/gen_downsizer.gen_simple_downsizer.axi_downsizer_inst/USE_READ.read_data_inst/current_word_1[1]
    SLICE_X16Y43         LUT4 (Prop_D6LUT_SLICEM_I0_O)
                                                      0.088     2.166 r  bnn_top_i/axi_mem_intercon/s04_couplers/auto_ds/inst/gen_downsizer.gen_simple_downsizer.axi_downsizer_inst/USE_READ.read_data_inst/s_axi_rresp[1]_INST_0_i_3/O
                         net (fo=4, routed)           0.183     2.349    bnn_top_i/axi_mem_intercon/s04_couplers/auto_ds/inst/gen_downsizer.gen_simple_downsizer.axi_downsizer_inst/USE_READ.read_data_inst/current_word_1_reg[1]_0
    SLICE_X17Y43         LUT6 (Prop_H6LUT_SLICEL_I0_O)
                                                      0.099     2.448 r  bnn_top_i/axi_mem_intercon/s04_couplers/auto_ds/inst/gen_downsizer.gen_simple_downsizer.axi_downsizer_inst/USE_READ.read_data_inst/s_axi_rvalid_INST_0_i_6/O
                         net (fo=2, routed)           0.108     2.556    bnn_top_i/axi_mem_intercon/s04_couplers/auto_ds/inst/gen_downsizer.gen_simple_downsizer.axi_downsizer_inst/USE_READ.read_addr_inst/cmd_queue/inst/current_word_1_reg[3]_0
    SLICE_X15Y44         LUT6 (Prop_A6LUT_SLICEL_I5_O)
                                                      0.035     2.591 r  bnn_top_i/axi_mem_intercon/s04_couplers/auto_ds/inst/gen_downsizer.gen_simple_downsizer.axi_downsizer_inst/USE_READ.read_addr_inst/cmd_queue/inst/current_word_1[3]_i_1/O
                         net (fo=2, routed)           0.164     2.755    bnn_top_i/axi_mem_intercon/s04_couplers/auto_ds/inst/gen_downsizer.gen_simple_downsizer.axi_downsizer_inst/USE_READ.read_addr_inst/cmd_queue/inst/goreg_dm.dout_i_reg[17][3]
    SLICE_X15Y44         LUT6 (Prop_D6LUT_SLICEL_I0_O)
                                                      0.099     2.854 r  bnn_top_i/axi_mem_intercon/s04_couplers/auto_ds/inst/gen_downsizer.gen_simple_downsizer.axi_downsizer_inst/USE_READ.read_addr_inst/cmd_queue/inst/s_axi_rvalid_INST_0_i_4/O
                         net (fo=3, routed)           0.041     2.895    bnn_top_i/axi_mem_intercon/s04_couplers/auto_ds/inst/gen_downsizer.gen_simple_downsizer.axi_downsizer_inst/USE_READ.read_addr_inst/cmd_queue/inst/s_axi_rvalid_INST_0_i_4_n_0
    SLICE_X15Y44         LUT6 (Prop_B6LUT_SLICEL_I0_O)
                                                      0.051     2.946 r  bnn_top_i/axi_mem_intercon/s04_couplers/auto_ds/inst/gen_downsizer.gen_simple_downsizer.axi_downsizer_inst/USE_READ.read_addr_inst/cmd_queue/inst/m_axi_rready_INST_0_i_1/O
                         net (fo=10, routed)          0.329     3.275    bnn_top_i/axi_mem_intercon/s04_couplers/auto_ds/inst/gen_downsizer.gen_simple_downsizer.axi_downsizer_inst/USE_READ.read_addr_inst/cmd_queue/inst/goreg_dm.dout_i_reg[31]
    SLICE_X14Y48         LUT3 (Prop_F6LUT_SLICEM_I1_O)
                                                      0.037     3.312 r  bnn_top_i/axi_mem_intercon/s04_couplers/auto_ds/inst/gen_downsizer.gen_simple_downsizer.axi_downsizer_inst/USE_READ.read_addr_inst/cmd_queue/inst/m_axi_rready_INST_0/O
                         net (fo=6, routed)           0.201     3.513    bnn_top_i/axi_mem_intercon/xbar/inst/gen_samd.crossbar_samd/gen_master_slots[1].reg_slice_mi/r.r_pipe/s_axi_rready[3]
    SLICE_X13Y51         LUT5 (Prop_F6LUT_SLICEL_I4_O)
                                                      0.049     3.562 r  bnn_top_i/axi_mem_intercon/xbar/inst/gen_samd.crossbar_samd/gen_master_slots[1].reg_slice_mi/r.r_pipe/gen_master_slots[1].r_issuing_cnt[8]_i_4/O
                         net (fo=2, routed)           0.101     3.663    bnn_top_i/axi_mem_intercon/xbar/inst/gen_samd.crossbar_samd/gen_master_slots[1].reg_slice_mi/r.r_pipe/gen_master_slots[1].r_issuing_cnt[8]_i_4_n_0
    SLICE_X13Y53         LUT6 (Prop_G6LUT_SLICEL_I2_O)
                                                      0.123     3.786 f  bnn_top_i/axi_mem_intercon/xbar/inst/gen_samd.crossbar_samd/gen_master_slots[1].reg_slice_mi/r.r_pipe/gen_arbiter.last_rr_hot[4]_i_12/O
                         net (fo=10, routed)          0.201     3.987    bnn_top_i/axi_mem_intercon/xbar/inst/gen_samd.crossbar_samd/addr_arbiter_ar/mi_armaxissuing[1]
    SLICE_X12Y53         LUT5 (Prop_F6LUT_SLICEL_I1_O)
                                                      0.123     4.110 r  bnn_top_i/axi_mem_intercon/xbar/inst/gen_samd.crossbar_samd/addr_arbiter_ar/gen_arbiter.last_rr_hot[4]_i_4__0/O
                         net (fo=1, routed)           0.088     4.198    bnn_top_i/axi_mem_intercon/xbar/inst/gen_samd.crossbar_samd/addr_arbiter_ar/gen_arbiter.last_rr_hot[4]_i_4__0_n_0
    SLICE_X12Y52         LUT6 (Prop_G6LUT_SLICEL_I1_O)
                                                      0.123     4.321 r  bnn_top_i/axi_mem_intercon/xbar/inst/gen_samd.crossbar_samd/addr_arbiter_ar/gen_arbiter.last_rr_hot[4]_i_1__0/O
                         net (fo=13, routed)          0.239     4.560    bnn_top_i/axi_mem_intercon/xbar/inst/gen_samd.crossbar_samd/addr_arbiter_ar/grant_hot
    SLICE_X13Y52         FDRE                                         r  bnn_top_i/axi_mem_intercon/xbar/inst/gen_samd.crossbar_samd/addr_arbiter_ar/gen_arbiter.last_rr_hot_reg[3]/CE
  -------------------------------------------------------------------    -------------------

                         (clock clk_pl_0 rise edge)
                                                      3.333     3.333 r  
    PS8_X0Y0             PS8                          0.000     3.333 r  bnn_top_i/zynq_ultra_ps_e_0/inst/PS8_i/PLCLK[0]
                         net (fo=1, routed)           0.135     3.468    bnn_top_i/zynq_ultra_ps_e_0/inst/pl_clk_unbuffered[0]
    BUFG_PS_X0Y58        BUFG_PS (Prop_BUFG_PS_I_O)
                                                      0.025     3.493 r  bnn_top_i/zynq_ultra_ps_e_0/inst/buffer_pl_clk_0.PL_CLK_0_BUFG/O
    X0Y0 (CLOCK_ROOT)    net (fo=20970, routed)       1.412     4.905    bnn_top_i/axi_mem_intercon/xbar/inst/gen_samd.crossbar_samd/addr_arbiter_ar/aclk
    SLICE_X13Y52         FDRE                                         r  bnn_top_i/axi_mem_intercon/xbar/inst/gen_samd.crossbar_samd/addr_arbiter_ar/gen_arbiter.last_rr_hot_reg[3]/C
                         clock pessimism              0.152     5.057    
                         clock uncertainty           -0.104     4.953    
    SLICE_X13Y52         FDRE (Setup_DFF2_SLICEL_C_CE)
                                                     -0.059     4.894    bnn_top_i/axi_mem_intercon/xbar/inst/gen_samd.crossbar_samd/addr_arbiter_ar/gen_arbiter.last_rr_hot_reg[3]
  -------------------------------------------------------------------
                         required time                          4.894    
                         arrival time                          -4.560    
  -------------------------------------------------------------------
                         slack                                  0.334    





Min Delay Paths
--------------------------------------------------------------------------------------
Slack (MET) :             0.010ns  (arrival time - required time)
  Source:                 bnn_top_i/bnn_top_0/inst/grp_bnn_top_Pipeline_RECV_INPUT_fu_4611/shl_ln64_reg_358_reg[296]/C
                            (rising edge-triggered cell FDRE clocked by clk_pl_0  {rise@0.000ns fall@1.666ns period=3.333ns})
  Destination:            bnn_top_i/bnn_top_0/inst/grp_bnn_top_Pipeline_RECV_INPUT_fu_4611/input_fu_66_reg[296]/D
                            (rising edge-triggered cell FDRE clocked by clk_pl_0  {rise@0.000ns fall@1.666ns period=3.333ns})
  Path Group:             clk_pl_0
  Path Type:              Hold (Min at Slow Process Corner)
  Requirement:            0.000ns  (clk_pl_0 rise@0.000ns - clk_pl_0 rise@0.000ns)
  Data Path Delay:        0.171ns  (logic 0.082ns (47.913%)  route 0.089ns (52.087%))
  Logic Levels:           1  (LUT5=1)
  Clock Path Skew:        0.101ns (DCD - SCD - CPR)
    Destination Clock Delay (DCD):    1.910ns
    Source Clock Delay      (SCD):    1.653ns
    Clock Pessimism Removal (CPR):    0.156ns
  Clock Net Delay (Source):      1.493ns (routing 0.709ns, distribution 0.784ns)
  Clock Net Delay (Destination): 1.711ns (routing 0.786ns, distribution 0.925ns)

    Location             Delay type                Incr(ns)  Path(ns)    Netlist Resource(s)
  -------------------------------------------------------------------    -------------------
                         (clock clk_pl_0 rise edge)
                                                      0.000     0.000 r  
    PS8_X0Y0             PS8                          0.000     0.000 r  bnn_top_i/zynq_ultra_ps_e_0/inst/PS8_i/PLCLK[0]
                         net (fo=1, routed)           0.135     0.135    bnn_top_i/zynq_ultra_ps_e_0/inst/pl_clk_unbuffered[0]
    BUFG_PS_X0Y58        BUFG_PS (Prop_BUFG_PS_I_O)
                                                      0.025     0.160 r  bnn_top_i/zynq_ultra_ps_e_0/inst/buffer_pl_clk_0.PL_CLK_0_BUFG/O
    X0Y0 (CLOCK_ROOT)    net (fo=20970, routed)       1.493     1.653    bnn_top_i/bnn_top_0/inst/grp_bnn_top_Pipeline_RECV_INPUT_fu_4611/ap_clk
    SLICE_X28Y68         FDRE                                         r  bnn_top_i/bnn_top_0/inst/grp_bnn_top_Pipeline_RECV_INPUT_fu_4611/shl_ln64_reg_358_reg[296]/C
  -------------------------------------------------------------------    -------------------
    SLICE_X28Y68         FDRE (Prop_FFF2_SLICEM_C_Q)
                                                      0.060     1.713 r  bnn_top_i/bnn_top_0/inst/grp_bnn_top_Pipeline_RECV_INPUT_fu_4611/shl_ln64_reg_358_reg[296]/Q
                         net (fo=2, routed)           0.067     1.780    bnn_top_i/bnn_top_0/inst/grp_bnn_top_Pipeline_RECV_INPUT_fu_4611/shl_ln64_reg_358[296]
    SLICE_X27Y68         LUT5 (Prop_D6LUT_SLICEL_I2_O)
                                                      0.022     1.802 r  bnn_top_i/bnn_top_0/inst/grp_bnn_top_Pipeline_RECV_INPUT_fu_4611/input_fu_66[296]_i_1/O
                         net (fo=1, routed)           0.022     1.824    bnn_top_i/bnn_top_0/inst/grp_bnn_top_Pipeline_RECV_INPUT_fu_4611/input_1_fu_285_p2[296]
    SLICE_X27Y68         FDRE                                         r  bnn_top_i/bnn_top_0/inst/grp_bnn_top_Pipeline_RECV_INPUT_fu_4611/input_fu_66_reg[296]/D
  -------------------------------------------------------------------    -------------------

                         (clock clk_pl_0 rise edge)
                                                      0.000     0.000 r  
    PS8_X0Y0             PS8                          0.000     0.000 r  bnn_top_i/zynq_ultra_ps_e_0/inst/PS8_i/PLCLK[0]
                         net (fo=1, routed)           0.171     0.171    bnn_top_i/zynq_ultra_ps_e_0/inst/pl_clk_unbuffered[0]
    BUFG_PS_X0Y58        BUFG_PS (Prop_BUFG_PS_I_O)
                                                      0.028     0.199 r  bnn_top_i/zynq_ultra_ps_e_0/inst/buffer_pl_clk_0.PL_CLK_0_BUFG/O
    X0Y0 (CLOCK_ROOT)    net (fo=20970, routed)       1.711     1.910    bnn_top_i/bnn_top_0/inst/grp_bnn_top_Pipeline_RECV_INPUT_fu_4611/ap_clk
    SLICE_X27Y68         FDRE                                         r  bnn_top_i/bnn_top_0/inst/grp_bnn_top_Pipeline_RECV_INPUT_fu_4611/input_fu_66_reg[296]/C
                         clock pessimism             -0.156     1.754    
    SLICE_X27Y68         FDRE (Hold_DFF_SLICEL_C_D)
                                                      0.060     1.814    bnn_top_i/bnn_top_0/inst/grp_bnn_top_Pipeline_RECV_INPUT_fu_4611/input_fu_66_reg[296]
  -------------------------------------------------------------------
                         required time                         -1.814    
                         arrival time                           1.824    
  -------------------------------------------------------------------
                         slack                                  0.010    

Slack (MET) :             0.010ns  (arrival time - required time)
  Source:                 bnn_top_i/bnn_top_0/inst/grp_bnn_top_Pipeline_L1_NEURON_fu_4624/add_ln83_1201_reg_67591_reg[0]/C
                            (rising edge-triggered cell FDRE clocked by clk_pl_0  {rise@0.000ns fall@1.666ns period=3.333ns})
  Destination:            bnn_top_i/bnn_top_0/inst/grp_bnn_top_Pipeline_L1_NEURON_fu_4624/add_ln83_1221_reg_71191_reg[0]/D
                            (rising edge-triggered cell FDRE clocked by clk_pl_0  {rise@0.000ns fall@1.666ns period=3.333ns})
  Path Group:             clk_pl_0
  Path Type:              Hold (Min at Slow Process Corner)
  Requirement:            0.000ns  (clk_pl_0 rise@0.000ns - clk_pl_0 rise@0.000ns)
  Data Path Delay:        0.259ns  (logic 0.151ns (58.217%)  route 0.108ns (41.783%))
  Logic Levels:           1  (LUT5=1)
  Clock Path Skew:        0.189ns (DCD - SCD - CPR)
    Destination Clock Delay (DCD):    1.990ns
    Source Clock Delay      (SCD):    1.684ns
    Clock Pessimism Removal (CPR):    0.116ns
  Clock Net Delay (Source):      1.524ns (routing 0.709ns, distribution 0.815ns)
  Clock Net Delay (Destination): 1.791ns (routing 0.786ns, distribution 1.005ns)

    Location             Delay type                Incr(ns)  Path(ns)    Netlist Resource(s)
  -------------------------------------------------------------------    -------------------
                         (clock clk_pl_0 rise edge)
                                                      0.000     0.000 r  
    PS8_X0Y0             PS8                          0.000     0.000 r  bnn_top_i/zynq_ultra_ps_e_0/inst/PS8_i/PLCLK[0]
                         net (fo=1, routed)           0.135     0.135    bnn_top_i/zynq_ultra_ps_e_0/inst/pl_clk_unbuffered[0]
    BUFG_PS_X0Y58        BUFG_PS (Prop_BUFG_PS_I_O)
                                                      0.025     0.160 r  bnn_top_i/zynq_ultra_ps_e_0/inst/buffer_pl_clk_0.PL_CLK_0_BUFG/O
    X0Y0 (CLOCK_ROOT)    net (fo=20970, routed)       1.524     1.684    bnn_top_i/bnn_top_0/inst/grp_bnn_top_Pipeline_L1_NEURON_fu_4624/ap_clk
    SLICE_X34Y59         FDRE                                         r  bnn_top_i/bnn_top_0/inst/grp_bnn_top_Pipeline_L1_NEURON_fu_4624/add_ln83_1201_reg_67591_reg[0]/C
  -------------------------------------------------------------------    -------------------
    SLICE_X34Y59         FDRE (Prop_DFF_SLICEM_C_Q)
                                                      0.058     1.742 r  bnn_top_i/bnn_top_0/inst/grp_bnn_top_Pipeline_L1_NEURON_fu_4624/add_ln83_1201_reg_67591_reg[0]/Q
                         net (fo=5, routed)           0.072     1.815    bnn_top_i/bnn_top_0/inst/grp_bnn_top_Pipeline_L1_NEURON_fu_4624/add_ln83_1201_reg_67591[0]
    SLICE_X34Y61         LUT5 (Prop_D6LUT_SLICEM_I2_O)
                                                      0.093     1.908 r  bnn_top_i/bnn_top_0/inst/grp_bnn_top_Pipeline_L1_NEURON_fu_4624/add_ln83_1221_reg_71191[0]_i_1/O
                         net (fo=1, routed)           0.036     1.944    bnn_top_i/bnn_top_0/inst/grp_bnn_top_Pipeline_L1_NEURON_fu_4624/add_ln83_1221_fu_56441_p2[0]
    SLICE_X34Y61         FDRE                                         r  bnn_top_i/bnn_top_0/inst/grp_bnn_top_Pipeline_L1_NEURON_fu_4624/add_ln83_1221_reg_71191_reg[0]/D
  -------------------------------------------------------------------    -------------------

                         (clock clk_pl_0 rise edge)
                                                      0.000     0.000 r  
    PS8_X0Y0             PS8                          0.000     0.000 r  bnn_top_i/zynq_ultra_ps_e_0/inst/PS8_i/PLCLK[0]
                         net (fo=1, routed)           0.171     0.171    bnn_top_i/zynq_ultra_ps_e_0/inst/pl_clk_unbuffered[0]
    BUFG_PS_X0Y58        BUFG_PS (Prop_BUFG_PS_I_O)
                                                      0.028     0.199 r  bnn_top_i/zynq_ultra_ps_e_0/inst/buffer_pl_clk_0.PL_CLK_0_BUFG/O
    X0Y0 (CLOCK_ROOT)    net (fo=20970, routed)       1.791     1.990    bnn_top_i/bnn_top_0/inst/grp_bnn_top_Pipeline_L1_NEURON_fu_4624/ap_clk
    SLICE_X34Y61         FDRE                                         r  bnn_top_i/bnn_top_0/inst/grp_bnn_top_Pipeline_L1_NEURON_fu_4624/add_ln83_1221_reg_71191_reg[0]/C
                         clock pessimism             -0.116     1.874    
    SLICE_X34Y61         FDRE (Hold_DFF_SLICEM_C_D)
                                                      0.060     1.934    bnn_top_i/bnn_top_0/inst/grp_bnn_top_Pipeline_L1_NEURON_fu_4624/add_ln83_1221_reg_71191_reg[0]
  -------------------------------------------------------------------
                         required time                         -1.934    
                         arrival time                           1.944    
  -------------------------------------------------------------------
                         slack                                  0.010    

Slack (MET) :             0.011ns  (arrival time - required time)
  Source:                 bnn_top_i/axi_dma/U0/I_PRMRY_DATAMOVER/GEN_S2MM_FULL.I_S2MM_FULL_WRAPPER/I_ADDR_CNTL/sig_next_size_reg_reg[1]/C
                            (rising edge-triggered cell FDRE clocked by clk_pl_0  {rise@0.000ns fall@1.666ns period=3.333ns})
  Destination:            bnn_top_i/axi_mem_intercon/s00_mmu/inst/register_slice_inst/aw.aw_pipe/m_payload_i_reg[45]/D
                            (rising edge-triggered cell FDRE clocked by clk_pl_0  {rise@0.000ns fall@1.666ns period=3.333ns})
  Path Group:             clk_pl_0
  Path Type:              Hold (Min at Slow Process Corner)
  Requirement:            0.000ns  (clk_pl_0 rise@0.000ns - clk_pl_0 rise@0.000ns)
  Data Path Delay:        0.140ns  (logic 0.058ns (41.429%)  route 0.082ns (58.571%))
  Logic Levels:           0  
  Clock Path Skew:        0.069ns (DCD - SCD - CPR)
    Destination Clock Delay (DCD):    1.798ns
    Source Clock Delay      (SCD):    1.577ns
    Clock Pessimism Removal (CPR):    0.152ns
  Clock Net Delay (Source):      1.417ns (routing 0.709ns, distribution 0.708ns)
  Clock Net Delay (Destination): 1.599ns (routing 0.786ns, distribution 0.813ns)

    Location             Delay type                Incr(ns)  Path(ns)    Netlist Resource(s)
  -------------------------------------------------------------------    -------------------
                         (clock clk_pl_0 rise edge)
                                                      0.000     0.000 r  
    PS8_X0Y0             PS8                          0.000     0.000 r  bnn_top_i/zynq_ultra_ps_e_0/inst/PS8_i/PLCLK[0]
                         net (fo=1, routed)           0.135     0.135    bnn_top_i/zynq_ultra_ps_e_0/inst/pl_clk_unbuffered[0]
    BUFG_PS_X0Y58        BUFG_PS (Prop_BUFG_PS_I_O)
                                                      0.025     0.160 r  bnn_top_i/zynq_ultra_ps_e_0/inst/buffer_pl_clk_0.PL_CLK_0_BUFG/O
    X0Y0 (CLOCK_ROOT)    net (fo=20970, routed)       1.417     1.577    bnn_top_i/axi_dma/U0/I_PRMRY_DATAMOVER/GEN_S2MM_FULL.I_S2MM_FULL_WRAPPER/I_ADDR_CNTL/m_axi_s2mm_aclk
    SLICE_X4Y25          FDRE                                         r  bnn_top_i/axi_dma/U0/I_PRMRY_DATAMOVER/GEN_S2MM_FULL.I_S2MM_FULL_WRAPPER/I_ADDR_CNTL/sig_next_size_reg_reg[1]/C
  -------------------------------------------------------------------    -------------------
    SLICE_X4Y25          FDRE (Prop_CFF_SLICEM_C_Q)
                                                      0.058     1.635 r  bnn_top_i/axi_dma/U0/I_PRMRY_DATAMOVER/GEN_S2MM_FULL.I_S2MM_FULL_WRAPPER/I_ADDR_CNTL/sig_next_size_reg_reg[1]/Q
                         net (fo=1, routed)           0.082     1.717    bnn_top_i/axi_mem_intercon/s00_mmu/inst/register_slice_inst/aw.aw_pipe/m_payload_i_reg[66]_1[44]
    SLICE_X3Y25          FDRE                                         r  bnn_top_i/axi_mem_intercon/s00_mmu/inst/register_slice_inst/aw.aw_pipe/m_payload_i_reg[45]/D
  -------------------------------------------------------------------    -------------------

                         (clock clk_pl_0 rise edge)
                                                      0.000     0.000 r  
    PS8_X0Y0             PS8                          0.000     0.000 r  bnn_top_i/zynq_ultra_ps_e_0/inst/PS8_i/PLCLK[0]
                         net (fo=1, routed)           0.171     0.171    bnn_top_i/zynq_ultra_ps_e_0/inst/pl_clk_unbuffered[0]
    BUFG_PS_X0Y58        BUFG_PS (Prop_BUFG_PS_I_O)
                                                      0.028     0.199 r  bnn_top_i/zynq_ultra_ps_e_0/inst/buffer_pl_clk_0.PL_CLK_0_BUFG/O
    X0Y0 (CLOCK_ROOT)    net (fo=20970, routed)       1.599     1.798    bnn_top_i/axi_mem_intercon/s00_mmu/inst/register_slice_inst/aw.aw_pipe/aclk
    SLICE_X3Y25          FDRE                                         r  bnn_top_i/axi_mem_intercon/s00_mmu/inst/register_slice_inst/aw.aw_pipe/m_payload_i_reg[45]/C
                         clock pessimism             -0.152     1.646    
    SLICE_X3Y25          FDRE (Hold_DFF_SLICEL_C_D)
                                                      0.060     1.706    bnn_top_i/axi_mem_intercon/s00_mmu/inst/register_slice_inst/aw.aw_pipe/m_payload_i_reg[45]
  -------------------------------------------------------------------
                         required time                         -1.706    
                         arrival time                           1.717    
  -------------------------------------------------------------------
                         slack                                  0.011    

Slack (MET) :             0.011ns  (arrival time - required time)
  Source:                 bnn_top_i/ps7_0_axi_periph/s00_couplers/auto_pc/inst/gen_axilite.gen_b2s_conv.axilite_b2s/SI_REG/aw.aw_pipe/m_payload_i_reg[24]/C
                            (rising edge-triggered cell FDRE clocked by clk_pl_0  {rise@0.000ns fall@1.666ns period=3.333ns})
  Destination:            bnn_top_i/ps7_0_axi_periph/xbar/inst/gen_sasd.crossbar_sasd_0/addr_arbiter_inst/gen_no_arbiter.m_amesg_i_reg[25]/D
                            (rising edge-triggered cell FDRE clocked by clk_pl_0  {rise@0.000ns fall@1.666ns period=3.333ns})
  Path Group:             clk_pl_0
  Path Type:              Hold (Min at Slow Process Corner)
  Requirement:            0.000ns  (clk_pl_0 rise@0.000ns - clk_pl_0 rise@0.000ns)
  Data Path Delay:        0.175ns  (logic 0.081ns (46.286%)  route 0.094ns (53.714%))
  Logic Levels:           1  (LUT4=1)
  Clock Path Skew:        0.104ns (DCD - SCD - CPR)
    Destination Clock Delay (DCD):    1.836ns
    Source Clock Delay      (SCD):    1.580ns
    Clock Pessimism Removal (CPR):    0.152ns
  Clock Net Delay (Source):      1.420ns (routing 0.709ns, distribution 0.711ns)
  Clock Net Delay (Destination): 1.637ns (routing 0.786ns, distribution 0.851ns)

    Location             Delay type                Incr(ns)  Path(ns)    Netlist Resource(s)
  -------------------------------------------------------------------    -------------------
                         (clock clk_pl_0 rise edge)
                                                      0.000     0.000 r  
    PS8_X0Y0             PS8                          0.000     0.000 r  bnn_top_i/zynq_ultra_ps_e_0/inst/PS8_i/PLCLK[0]
                         net (fo=1, routed)           0.135     0.135    bnn_top_i/zynq_ultra_ps_e_0/inst/pl_clk_unbuffered[0]
    BUFG_PS_X0Y58        BUFG_PS (Prop_BUFG_PS_I_O)
                                                      0.025     0.160 r  bnn_top_i/zynq_ultra_ps_e_0/inst/buffer_pl_clk_0.PL_CLK_0_BUFG/O
    X0Y0 (CLOCK_ROOT)    net (fo=20970, routed)       1.420     1.580    bnn_top_i/ps7_0_axi_periph/s00_couplers/auto_pc/inst/gen_axilite.gen_b2s_conv.axilite_b2s/SI_REG/aw.aw_pipe/aclk
    SLICE_X4Y51          FDRE                                         r  bnn_top_i/ps7_0_axi_periph/s00_couplers/auto_pc/inst/gen_axilite.gen_b2s_conv.axilite_b2s/SI_REG/aw.aw_pipe/m_payload_i_reg[24]/C
  -------------------------------------------------------------------    -------------------
    SLICE_X4Y51          FDRE (Prop_CFF2_SLICEM_C_Q)
                                                      0.059     1.639 r  bnn_top_i/ps7_0_axi_periph/s00_couplers/auto_pc/inst/gen_axilite.gen_b2s_conv.axilite_b2s/SI_REG/aw.aw_pipe/m_payload_i_reg[24]/Q
                         net (fo=1, routed)           0.072     1.711    bnn_top_i/ps7_0_axi_periph/xbar/inst/gen_sasd.crossbar_sasd_0/addr_arbiter_inst/s_axi_awaddr[24]
    SLICE_X3Y51          LUT4 (Prop_G6LUT_SLICEL_I3_O)
                                                      0.022     1.733 r  bnn_top_i/ps7_0_axi_periph/xbar/inst/gen_sasd.crossbar_sasd_0/addr_arbiter_inst/gen_no_arbiter.m_amesg_i[25]_i_1/O
                         net (fo=1, routed)           0.022     1.755    bnn_top_i/ps7_0_axi_periph/xbar/inst/gen_sasd.crossbar_sasd_0/addr_arbiter_inst/s_amesg[25]
    SLICE_X3Y51          FDRE                                         r  bnn_top_i/ps7_0_axi_periph/xbar/inst/gen_sasd.crossbar_sasd_0/addr_arbiter_inst/gen_no_arbiter.m_amesg_i_reg[25]/D
  -------------------------------------------------------------------    -------------------

                         (clock clk_pl_0 rise edge)
                                                      0.000     0.000 r  
    PS8_X0Y0             PS8                          0.000     0.000 r  bnn_top_i/zynq_ultra_ps_e_0/inst/PS8_i/PLCLK[0]
                         net (fo=1, routed)           0.171     0.171    bnn_top_i/zynq_ultra_ps_e_0/inst/pl_clk_unbuffered[0]
    BUFG_PS_X0Y58        BUFG_PS (Prop_BUFG_PS_I_O)
                                                      0.028     0.199 r  bnn_top_i/zynq_ultra_ps_e_0/inst/buffer_pl_clk_0.PL_CLK_0_BUFG/O
    X0Y0 (CLOCK_ROOT)    net (fo=20970, routed)       1.637     1.836    bnn_top_i/ps7_0_axi_periph/xbar/inst/gen_sasd.crossbar_sasd_0/addr_arbiter_inst/aclk
    SLICE_X3Y51          FDRE                                         r  bnn_top_i/ps7_0_axi_periph/xbar/inst/gen_sasd.crossbar_sasd_0/addr_arbiter_inst/gen_no_arbiter.m_amesg_i_reg[25]/C
                         clock pessimism             -0.152     1.684    
    SLICE_X3Y51          FDRE (Hold_GFF_SLICEL_C_D)
                                                      0.060     1.744    bnn_top_i/ps7_0_axi_periph/xbar/inst/gen_sasd.crossbar_sasd_0/addr_arbiter_inst/gen_no_arbiter.m_amesg_i_reg[25]
  -------------------------------------------------------------------
                         required time                         -1.744    
                         arrival time                           1.755    
  -------------------------------------------------------------------
                         slack                                  0.011    

Slack (MET) :             0.012ns  (arrival time - required time)
  Source:                 bnn_top_i/bnn_top_0/inst/grp_bnn_top_Pipeline_L1_NEURON_fu_4624/add_ln83_1095_reg_67411_reg[0]/C
                            (rising edge-triggered cell FDRE clocked by clk_pl_0  {rise@0.000ns fall@1.666ns period=3.333ns})
  Destination:            bnn_top_i/bnn_top_0/inst/grp_bnn_top_Pipeline_L1_NEURON_fu_4624/add_ln83_1098_reg_71166_reg[0]/D
                            (rising edge-triggered cell FDRE clocked by clk_pl_0  {rise@0.000ns fall@1.666ns period=3.333ns})
  Path Group:             clk_pl_0
  Path Type:              Hold (Min at Slow Process Corner)
  Requirement:            0.000ns  (clk_pl_0 rise@0.000ns - clk_pl_0 rise@0.000ns)
  Data Path Delay:        0.237ns  (logic 0.079ns (33.290%)  route 0.158ns (66.710%))
  Logic Levels:           1  (LUT6=1)
  Clock Path Skew:        0.165ns (DCD - SCD - CPR)
    Destination Clock Delay (DCD):    1.861ns
    Source Clock Delay      (SCD):    1.580ns
    Clock Pessimism Removal (CPR):    0.116ns
  Clock Net Delay (Source):      1.420ns (routing 0.709ns, distribution 0.711ns)
  Clock Net Delay (Destination): 1.662ns (routing 0.786ns, distribution 0.876ns)

    Location             Delay type                Incr(ns)  Path(ns)    Netlist Resource(s)
  -------------------------------------------------------------------    -------------------
                         (clock clk_pl_0 rise edge)
                                                      0.000     0.000 r  
    PS8_X0Y0             PS8                          0.000     0.000 r  bnn_top_i/zynq_ultra_ps_e_0/inst/PS8_i/PLCLK[0]
                         net (fo=1, routed)           0.135     0.135    bnn_top_i/zynq_ultra_ps_e_0/inst/pl_clk_unbuffered[0]
    BUFG_PS_X0Y58        BUFG_PS (Prop_BUFG_PS_I_O)
                                                      0.025     0.160 r  bnn_top_i/zynq_ultra_ps_e_0/inst/buffer_pl_clk_0.PL_CLK_0_BUFG/O
    X0Y0 (CLOCK_ROOT)    net (fo=20970, routed)       1.420     1.580    bnn_top_i/bnn_top_0/inst/grp_bnn_top_Pipeline_L1_NEURON_fu_4624/ap_clk
    SLICE_X14Y59         FDRE                                         r  bnn_top_i/bnn_top_0/inst/grp_bnn_top_Pipeline_L1_NEURON_fu_4624/add_ln83_1095_reg_67411_reg[0]/C
  -------------------------------------------------------------------    -------------------
    SLICE_X14Y59         FDRE (Prop_FFF_SLICEM_C_Q)
                                                      0.057     1.637 r  bnn_top_i/bnn_top_0/inst/grp_bnn_top_Pipeline_L1_NEURON_fu_4624/add_ln83_1095_reg_67411_reg[0]/Q
                         net (fo=3, routed)           0.122     1.759    bnn_top_i/bnn_top_0/inst/grp_bnn_top_Pipeline_L1_NEURON_fu_4624/add_ln83_1095_reg_67411[0]
    SLICE_X14Y60         LUT6 (Prop_D6LUT_SLICEM_I0_O)
                                                      0.022     1.781 r  bnn_top_i/bnn_top_0/inst/grp_bnn_top_Pipeline_L1_NEURON_fu_4624/add_ln83_1098_reg_71166[0]_i_1/O
                         net (fo=1, routed)           0.036     1.817    bnn_top_i/bnn_top_0/inst/grp_bnn_top_Pipeline_L1_NEURON_fu_4624/add_ln83_1098_fu_55964_p2[0]
    SLICE_X14Y60         FDRE                                         r  bnn_top_i/bnn_top_0/inst/grp_bnn_top_Pipeline_L1_NEURON_fu_4624/add_ln83_1098_reg_71166_reg[0]/D
  -------------------------------------------------------------------    -------------------

                         (clock clk_pl_0 rise edge)
                                                      0.000     0.000 r  
    PS8_X0Y0             PS8                          0.000     0.000 r  bnn_top_i/zynq_ultra_ps_e_0/inst/PS8_i/PLCLK[0]
                         net (fo=1, routed)           0.171     0.171    bnn_top_i/zynq_ultra_ps_e_0/inst/pl_clk_unbuffered[0]
    BUFG_PS_X0Y58        BUFG_PS (Prop_BUFG_PS_I_O)
                                                      0.028     0.199 r  bnn_top_i/zynq_ultra_ps_e_0/inst/buffer_pl_clk_0.PL_CLK_0_BUFG/O
    X0Y0 (CLOCK_ROOT)    net (fo=20970, routed)       1.662     1.861    bnn_top_i/bnn_top_0/inst/grp_bnn_top_Pipeline_L1_NEURON_fu_4624/ap_clk
    SLICE_X14Y60         FDRE                                         r  bnn_top_i/bnn_top_0/inst/grp_bnn_top_Pipeline_L1_NEURON_fu_4624/add_ln83_1098_reg_71166_reg[0]/C
                         clock pessimism             -0.116     1.745    
    SLICE_X14Y60         FDRE (Hold_DFF_SLICEM_C_D)
                                                      0.060     1.805    bnn_top_i/bnn_top_0/inst/grp_bnn_top_Pipeline_L1_NEURON_fu_4624/add_ln83_1098_reg_71166_reg[0]
  -------------------------------------------------------------------
                         required time                         -1.805    
                         arrival time                           1.817    
  -------------------------------------------------------------------
                         slack                                  0.012    

Slack (MET) :             0.012ns  (arrival time - required time)
  Source:                 bnn_top_i/bnn_top_0/inst/control_s_axi_U/int_l2_weights_reg[46]/C
                            (rising edge-triggered cell FDRE clocked by clk_pl_0  {rise@0.000ns fall@1.666ns period=3.333ns})
  Destination:            bnn_top_i/bnn_top_0/inst/trunc_ln1_reg_5401_reg[41]/D
                            (rising edge-triggered cell FDRE clocked by clk_pl_0  {rise@0.000ns fall@1.666ns period=3.333ns})
  Path Group:             clk_pl_0
  Path Type:              Hold (Min at Slow Process Corner)
  Requirement:            0.000ns  (clk_pl_0 rise@0.000ns - clk_pl_0 rise@0.000ns)
  Data Path Delay:        0.171ns  (logic 0.059ns (34.422%)  route 0.112ns (65.578%))
  Logic Levels:           0  
  Clock Path Skew:        0.097ns (DCD - SCD - CPR)
    Destination Clock Delay (DCD):    1.850ns
    Source Clock Delay      (SCD):    1.601ns
    Clock Pessimism Removal (CPR):    0.152ns
  Clock Net Delay (Source):      1.441ns (routing 0.709ns, distribution 0.732ns)
  Clock Net Delay (Destination): 1.651ns (routing 0.786ns, distribution 0.865ns)

    Location             Delay type                Incr(ns)  Path(ns)    Netlist Resource(s)
  -------------------------------------------------------------------    -------------------
                         (clock clk_pl_0 rise edge)
                                                      0.000     0.000 r  
    PS8_X0Y0             PS8                          0.000     0.000 r  bnn_top_i/zynq_ultra_ps_e_0/inst/PS8_i/PLCLK[0]
                         net (fo=1, routed)           0.135     0.135    bnn_top_i/zynq_ultra_ps_e_0/inst/pl_clk_unbuffered[0]
    BUFG_PS_X0Y58        BUFG_PS (Prop_BUFG_PS_I_O)
                                                      0.025     0.160 r  bnn_top_i/zynq_ultra_ps_e_0/inst/buffer_pl_clk_0.PL_CLK_0_BUFG/O
    X0Y0 (CLOCK_ROOT)    net (fo=20970, routed)       1.441     1.601    bnn_top_i/bnn_top_0/inst/control_s_axi_U/ap_clk
    SLICE_X25Y39         FDRE                                         r  bnn_top_i/bnn_top_0/inst/control_s_axi_U/int_l2_weights_reg[46]/C
  -------------------------------------------------------------------    -------------------
    SLICE_X25Y39         FDRE (Prop_CFF2_SLICEL_C_Q)
                                                      0.059     1.660 r  bnn_top_i/bnn_top_0/inst/control_s_axi_U/int_l2_weights_reg[46]/Q
                         net (fo=3, routed)           0.112     1.772    bnn_top_i/bnn_top_0/inst/l2_weights[46]
    SLICE_X26Y40         FDRE                                         r  bnn_top_i/bnn_top_0/inst/trunc_ln1_reg_5401_reg[41]/D
  -------------------------------------------------------------------    -------------------

                         (clock clk_pl_0 rise edge)
                                                      0.000     0.000 r  
    PS8_X0Y0             PS8                          0.000     0.000 r  bnn_top_i/zynq_ultra_ps_e_0/inst/PS8_i/PLCLK[0]
                         net (fo=1, routed)           0.171     0.171    bnn_top_i/zynq_ultra_ps_e_0/inst/pl_clk_unbuffered[0]
    BUFG_PS_X0Y58        BUFG_PS (Prop_BUFG_PS_I_O)
                                                      0.028     0.199 r  bnn_top_i/zynq_ultra_ps_e_0/inst/buffer_pl_clk_0.PL_CLK_0_BUFG/O
    X0Y0 (CLOCK_ROOT)    net (fo=20970, routed)       1.651     1.850    bnn_top_i/bnn_top_0/inst/ap_clk
    SLICE_X26Y40         FDRE                                         r  bnn_top_i/bnn_top_0/inst/trunc_ln1_reg_5401_reg[41]/C
                         clock pessimism             -0.152     1.698    
    SLICE_X26Y40         FDRE (Hold_CFF2_SLICEL_C_D)
                                                      0.062     1.760    bnn_top_i/bnn_top_0/inst/trunc_ln1_reg_5401_reg[41]
  -------------------------------------------------------------------
                         required time                         -1.760    
                         arrival time                           1.772    
  -------------------------------------------------------------------
                         slack                                  0.012    

Slack (MET) :             0.013ns  (arrival time - required time)
  Source:                 bnn_top_i/bnn_top_0/inst/gmem0_m_axi_U/bus_read/rs_rdata/data_p2_reg[723]/C
                            (rising edge-triggered cell FDRE clocked by clk_pl_0  {rise@0.000ns fall@1.666ns period=3.333ns})
  Destination:            bnn_top_i/bnn_top_0/inst/gmem0_m_axi_U/bus_read/rs_rdata/data_p1_reg[723]/D
                            (rising edge-triggered cell FDRE clocked by clk_pl_0  {rise@0.000ns fall@1.666ns period=3.333ns})
  Path Group:             clk_pl_0
  Path Type:              Hold (Min at Slow Process Corner)
  Requirement:            0.000ns  (clk_pl_0 rise@0.000ns - clk_pl_0 rise@0.000ns)
  Data Path Delay:        0.165ns  (logic 0.083ns (50.303%)  route 0.082ns (49.697%))
  Logic Levels:           1  (LUT4=1)
  Clock Path Skew:        0.092ns (DCD - SCD - CPR)
    Destination Clock Delay (DCD):    1.878ns
    Source Clock Delay      (SCD):    1.629ns
    Clock Pessimism Removal (CPR):    0.156ns
  Clock Net Delay (Source):      1.469ns (routing 0.709ns, distribution 0.760ns)
  Clock Net Delay (Destination): 1.679ns (routing 0.786ns, distribution 0.893ns)

    Location             Delay type                Incr(ns)  Path(ns)    Netlist Resource(s)
  -------------------------------------------------------------------    -------------------
                         (clock clk_pl_0 rise edge)
                                                      0.000     0.000 r  
    PS8_X0Y0             PS8                          0.000     0.000 r  bnn_top_i/zynq_ultra_ps_e_0/inst/PS8_i/PLCLK[0]
                         net (fo=1, routed)           0.135     0.135    bnn_top_i/zynq_ultra_ps_e_0/inst/pl_clk_unbuffered[0]
    BUFG_PS_X0Y58        BUFG_PS (Prop_BUFG_PS_I_O)
                                                      0.025     0.160 r  bnn_top_i/zynq_ultra_ps_e_0/inst/buffer_pl_clk_0.PL_CLK_0_BUFG/O
    X0Y0 (CLOCK_ROOT)    net (fo=20970, routed)       1.469     1.629    bnn_top_i/bnn_top_0/inst/gmem0_m_axi_U/bus_read/rs_rdata/ap_clk
    SLICE_X9Y78          FDRE                                         r  bnn_top_i/bnn_top_0/inst/gmem0_m_axi_U/bus_read/rs_rdata/data_p2_reg[723]/C
  -------------------------------------------------------------------    -------------------
    SLICE_X9Y78          FDRE (Prop_DFF2_SLICEM_C_Q)
                                                      0.061     1.690 r  bnn_top_i/bnn_top_0/inst/gmem0_m_axi_U/bus_read/rs_rdata/data_p2_reg[723]/Q
                         net (fo=1, routed)           0.062     1.752    bnn_top_i/bnn_top_0/inst/gmem0_m_axi_U/bus_read/rs_rdata/data_p2_reg_n_3_[723]
    SLICE_X8Y78          LUT4 (Prop_E6LUT_SLICEL_I2_O)
                                                      0.022     1.774 r  bnn_top_i/bnn_top_0/inst/gmem0_m_axi_U/bus_read/rs_rdata/data_p1[723]_i_1/O
                         net (fo=1, routed)           0.020     1.794    bnn_top_i/bnn_top_0/inst/gmem0_m_axi_U/bus_read/rs_rdata/data_p1[723]_i_1_n_3
    SLICE_X8Y78          FDRE                                         r  bnn_top_i/bnn_top_0/inst/gmem0_m_axi_U/bus_read/rs_rdata/data_p1_reg[723]/D
  -------------------------------------------------------------------    -------------------

                         (clock clk_pl_0 rise edge)
                                                      0.000     0.000 r  
    PS8_X0Y0             PS8                          0.000     0.000 r  bnn_top_i/zynq_ultra_ps_e_0/inst/PS8_i/PLCLK[0]
                         net (fo=1, routed)           0.171     0.171    bnn_top_i/zynq_ultra_ps_e_0/inst/pl_clk_unbuffered[0]
    BUFG_PS_X0Y58        BUFG_PS (Prop_BUFG_PS_I_O)
                                                      0.028     0.199 r  bnn_top_i/zynq_ultra_ps_e_0/inst/buffer_pl_clk_0.PL_CLK_0_BUFG/O
    X0Y0 (CLOCK_ROOT)    net (fo=20970, routed)       1.679     1.878    bnn_top_i/bnn_top_0/inst/gmem0_m_axi_U/bus_read/rs_rdata/ap_clk
    SLICE_X8Y78          FDRE                                         r  bnn_top_i/bnn_top_0/inst/gmem0_m_axi_U/bus_read/rs_rdata/data_p1_reg[723]/C
                         clock pessimism             -0.156     1.722    
    SLICE_X8Y78          FDRE (Hold_EFF_SLICEL_C_D)
                                                      0.060     1.782    bnn_top_i/bnn_top_0/inst/gmem0_m_axi_U/bus_read/rs_rdata/data_p1_reg[723]
  -------------------------------------------------------------------
                         required time                         -1.782    
                         arrival time                           1.794    
  -------------------------------------------------------------------
                         slack                                  0.013    

Slack (MET) :             0.013ns  (arrival time - required time)
  Source:                 bnn_top_i/bnn_top_0/inst/grp_bnn_top_Pipeline_RECV_INPUT_fu_4611/shl_ln64_reg_358_reg[459]/C
                            (rising edge-triggered cell FDRE clocked by clk_pl_0  {rise@0.000ns fall@1.666ns period=3.333ns})
  Destination:            bnn_top_i/bnn_top_0/inst/grp_bnn_top_Pipeline_RECV_INPUT_fu_4611/input_fu_66_reg[324]/D
                            (rising edge-triggered cell FDRE clocked by clk_pl_0  {rise@0.000ns fall@1.666ns period=3.333ns})
  Path Group:             clk_pl_0
  Path Type:              Hold (Min at Slow Process Corner)
  Requirement:            0.000ns  (clk_pl_0 rise@0.000ns - clk_pl_0 rise@0.000ns)
  Data Path Delay:        0.173ns  (logic 0.082ns (47.288%)  route 0.091ns (52.712%))
  Logic Levels:           1  (LUT5=1)
  Clock Path Skew:        0.100ns (DCD - SCD - CPR)
    Destination Clock Delay (DCD):    1.908ns
    Source Clock Delay      (SCD):    1.652ns
    Clock Pessimism Removal (CPR):    0.156ns
  Clock Net Delay (Source):      1.492ns (routing 0.709ns, distribution 0.783ns)
  Clock Net Delay (Destination): 1.709ns (routing 0.786ns, distribution 0.923ns)

    Location             Delay type                Incr(ns)  Path(ns)    Netlist Resource(s)
  -------------------------------------------------------------------    -------------------
                         (clock clk_pl_0 rise edge)
                                                      0.000     0.000 r  
    PS8_X0Y0             PS8                          0.000     0.000 r  bnn_top_i/zynq_ultra_ps_e_0/inst/PS8_i/PLCLK[0]
                         net (fo=1, routed)           0.135     0.135    bnn_top_i/zynq_ultra_ps_e_0/inst/pl_clk_unbuffered[0]
    BUFG_PS_X0Y58        BUFG_PS (Prop_BUFG_PS_I_O)
                                                      0.025     0.160 r  bnn_top_i/zynq_ultra_ps_e_0/inst/buffer_pl_clk_0.PL_CLK_0_BUFG/O
    X0Y0 (CLOCK_ROOT)    net (fo=20970, routed)       1.492     1.652    bnn_top_i/bnn_top_0/inst/grp_bnn_top_Pipeline_RECV_INPUT_fu_4611/ap_clk
    SLICE_X28Y72         FDRE                                         r  bnn_top_i/bnn_top_0/inst/grp_bnn_top_Pipeline_RECV_INPUT_fu_4611/shl_ln64_reg_358_reg[459]/C
  -------------------------------------------------------------------    -------------------
    SLICE_X28Y72         FDRE (Prop_EFF2_SLICEM_C_Q)
                                                      0.060     1.712 r  bnn_top_i/bnn_top_0/inst/grp_bnn_top_Pipeline_RECV_INPUT_fu_4611/shl_ln64_reg_358_reg[459]/Q
                         net (fo=2, routed)           0.067     1.779    bnn_top_i/bnn_top_0/inst/grp_bnn_top_Pipeline_RECV_INPUT_fu_4611/shl_ln64_reg_358[459]
    SLICE_X27Y72         LUT5 (Prop_C6LUT_SLICEL_I0_O)
                                                      0.022     1.801 r  bnn_top_i/bnn_top_0/inst/grp_bnn_top_Pipeline_RECV_INPUT_fu_4611/input_fu_66[324]_i_1/O
                         net (fo=1, routed)           0.024     1.825    bnn_top_i/bnn_top_0/inst/grp_bnn_top_Pipeline_RECV_INPUT_fu_4611/input_1_fu_285_p2[324]
    SLICE_X27Y72         FDRE                                         r  bnn_top_i/bnn_top_0/inst/grp_bnn_top_Pipeline_RECV_INPUT_fu_4611/input_fu_66_reg[324]/D
  -------------------------------------------------------------------    -------------------

                         (clock clk_pl_0 rise edge)
                                                      0.000     0.000 r  
    PS8_X0Y0             PS8                          0.000     0.000 r  bnn_top_i/zynq_ultra_ps_e_0/inst/PS8_i/PLCLK[0]
                         net (fo=1, routed)           0.171     0.171    bnn_top_i/zynq_ultra_ps_e_0/inst/pl_clk_unbuffered[0]
    BUFG_PS_X0Y58        BUFG_PS (Prop_BUFG_PS_I_O)
                                                      0.028     0.199 r  bnn_top_i/zynq_ultra_ps_e_0/inst/buffer_pl_clk_0.PL_CLK_0_BUFG/O
    X0Y0 (CLOCK_ROOT)    net (fo=20970, routed)       1.709     1.908    bnn_top_i/bnn_top_0/inst/grp_bnn_top_Pipeline_RECV_INPUT_fu_4611/ap_clk
    SLICE_X27Y72         FDRE                                         r  bnn_top_i/bnn_top_0/inst/grp_bnn_top_Pipeline_RECV_INPUT_fu_4611/input_fu_66_reg[324]/C
                         clock pessimism             -0.156     1.752    
    SLICE_X27Y72         FDRE (Hold_CFF_SLICEL_C_D)
                                                      0.060     1.812    bnn_top_i/bnn_top_0/inst/grp_bnn_top_Pipeline_RECV_INPUT_fu_4611/input_fu_66_reg[324]
  -------------------------------------------------------------------
                         required time                         -1.812    
                         arrival time                           1.825    
  -------------------------------------------------------------------
                         slack                                  0.013    

Slack (MET) :             0.013ns  (arrival time - required time)
  Source:                 bnn_top_i/bnn_top_0/inst/grp_bnn_top_Pipeline_RECV_INPUT_fu_4611/shl_ln64_reg_358_reg[187]/C
                            (rising edge-triggered cell FDRE clocked by clk_pl_0  {rise@0.000ns fall@1.666ns period=3.333ns})
  Destination:            bnn_top_i/bnn_top_0/inst/grp_bnn_top_Pipeline_RECV_INPUT_fu_4611/input_fu_66_reg[187]/D
                            (rising edge-triggered cell FDRE clocked by clk_pl_0  {rise@0.000ns fall@1.666ns period=3.333ns})
  Path Group:             clk_pl_0
  Path Type:              Hold (Min at Slow Process Corner)
  Requirement:            0.000ns  (clk_pl_0 rise@0.000ns - clk_pl_0 rise@0.000ns)
  Data Path Delay:        0.185ns  (logic 0.082ns (44.250%)  route 0.103ns (55.750%))
  Logic Levels:           1  (LUT5=1)
  Clock Path Skew:        0.112ns (DCD - SCD - CPR)
    Destination Clock Delay (DCD):    1.974ns
    Source Clock Delay      (SCD):    1.698ns
    Clock Pessimism Removal (CPR):    0.164ns
  Clock Net Delay (Source):      1.538ns (routing 0.709ns, distribution 0.829ns)
  Clock Net Delay (Destination): 1.775ns (routing 0.786ns, distribution 0.989ns)

    Location             Delay type                Incr(ns)  Path(ns)    Netlist Resource(s)
  -------------------------------------------------------------------    -------------------
                         (clock clk_pl_0 rise edge)
                                                      0.000     0.000 r  
    PS8_X0Y0             PS8                          0.000     0.000 r  bnn_top_i/zynq_ultra_ps_e_0/inst/PS8_i/PLCLK[0]
                         net (fo=1, routed)           0.135     0.135    bnn_top_i/zynq_ultra_ps_e_0/inst/pl_clk_unbuffered[0]
    BUFG_PS_X0Y58        BUFG_PS (Prop_BUFG_PS_I_O)
                                                      0.025     0.160 r  bnn_top_i/zynq_ultra_ps_e_0/inst/buffer_pl_clk_0.PL_CLK_0_BUFG/O
    X0Y0 (CLOCK_ROOT)    net (fo=20970, routed)       1.538     1.698    bnn_top_i/bnn_top_0/inst/grp_bnn_top_Pipeline_RECV_INPUT_fu_4611/ap_clk
    SLICE_X33Y94         FDRE                                         r  bnn_top_i/bnn_top_0/inst/grp_bnn_top_Pipeline_RECV_INPUT_fu_4611/shl_ln64_reg_358_reg[187]/C
  -------------------------------------------------------------------    -------------------
    SLICE_X33Y94         FDRE (Prop_EFF2_SLICEL_C_Q)
                                                      0.060     1.758 r  bnn_top_i/bnn_top_0/inst/grp_bnn_top_Pipeline_RECV_INPUT_fu_4611/shl_ln64_reg_358_reg[187]/Q
                         net (fo=2, routed)           0.067     1.825    bnn_top_i/bnn_top_0/inst/grp_bnn_top_Pipeline_RECV_INPUT_fu_4611/shl_ln64_reg_358[187]
    SLICE_X34Y94         LUT5 (Prop_D6LUT_SLICEM_I2_O)
                                                      0.022     1.847 r  bnn_top_i/bnn_top_0/inst/grp_bnn_top_Pipeline_RECV_INPUT_fu_4611/input_fu_66[187]_i_1/O
                         net (fo=1, routed)           0.036     1.883    bnn_top_i/bnn_top_0/inst/grp_bnn_top_Pipeline_RECV_INPUT_fu_4611/input_1_fu_285_p2[187]
    SLICE_X34Y94         FDRE                                         r  bnn_top_i/bnn_top_0/inst/grp_bnn_top_Pipeline_RECV_INPUT_fu_4611/input_fu_66_reg[187]/D
  -------------------------------------------------------------------    -------------------

                         (clock clk_pl_0 rise edge)
                                                      0.000     0.000 r  
    PS8_X0Y0             PS8                          0.000     0.000 r  bnn_top_i/zynq_ultra_ps_e_0/inst/PS8_i/PLCLK[0]
                         net (fo=1, routed)           0.171     0.171    bnn_top_i/zynq_ultra_ps_e_0/inst/pl_clk_unbuffered[0]
    BUFG_PS_X0Y58        BUFG_PS (Prop_BUFG_PS_I_O)
                                                      0.028     0.199 r  bnn_top_i/zynq_ultra_ps_e_0/inst/buffer_pl_clk_0.PL_CLK_0_BUFG/O
    X0Y0 (CLOCK_ROOT)    net (fo=20970, routed)       1.775     1.974    bnn_top_i/bnn_top_0/inst/grp_bnn_top_Pipeline_RECV_INPUT_fu_4611/ap_clk
    SLICE_X34Y94         FDRE                                         r  bnn_top_i/bnn_top_0/inst/grp_bnn_top_Pipeline_RECV_INPUT_fu_4611/input_fu_66_reg[187]/C
                         clock pessimism             -0.164     1.810    
    SLICE_X34Y94         FDRE (Hold_DFF_SLICEM_C_D)
                                                      0.060     1.870    bnn_top_i/bnn_top_0/inst/grp_bnn_top_Pipeline_RECV_INPUT_fu_4611/input_fu_66_reg[187]
  -------------------------------------------------------------------
                         required time                         -1.870    
                         arrival time                           1.883    
  -------------------------------------------------------------------
                         slack                                  0.013    

Slack (MET) :             0.014ns  (arrival time - required time)
  Source:                 bnn_top_i/bnn_top_0/inst/grp_bnn_top_Pipeline_RECV_INPUT_fu_4611/shl_ln64_reg_358_reg[761]/C
                            (rising edge-triggered cell FDRE clocked by clk_pl_0  {rise@0.000ns fall@1.666ns period=3.333ns})
  Destination:            bnn_top_i/bnn_top_0/inst/grp_bnn_top_Pipeline_RECV_INPUT_fu_4611/input_fu_66_reg[761]/D
                            (rising edge-triggered cell FDRE clocked by clk_pl_0  {rise@0.000ns fall@1.666ns period=3.333ns})
  Path Group:             clk_pl_0
  Path Type:              Hold (Min at Slow Process Corner)
  Requirement:            0.000ns  (clk_pl_0 rise@0.000ns - clk_pl_0 rise@0.000ns)
  Data Path Delay:        0.172ns  (logic 0.082ns (47.787%)  route 0.090ns (52.213%))
  Logic Levels:           1  (LUT5=1)
  Clock Path Skew:        0.098ns (DCD - SCD - CPR)
    Destination Clock Delay (DCD):    1.893ns
    Source Clock Delay      (SCD):    1.639ns
    Clock Pessimism Removal (CPR):    0.156ns
  Clock Net Delay (Source):      1.479ns (routing 0.709ns, distribution 0.770ns)
  Clock Net Delay (Destination): 1.694ns (routing 0.786ns, distribution 0.908ns)

    Location             Delay type                Incr(ns)  Path(ns)    Netlist Resource(s)
  -------------------------------------------------------------------    -------------------
                         (clock clk_pl_0 rise edge)
                                                      0.000     0.000 r  
    PS8_X0Y0             PS8                          0.000     0.000 r  bnn_top_i/zynq_ultra_ps_e_0/inst/PS8_i/PLCLK[0]
                         net (fo=1, routed)           0.135     0.135    bnn_top_i/zynq_ultra_ps_e_0/inst/pl_clk_unbuffered[0]
    BUFG_PS_X0Y58        BUFG_PS (Prop_BUFG_PS_I_O)
                                                      0.025     0.160 r  bnn_top_i/zynq_ultra_ps_e_0/inst/buffer_pl_clk_0.PL_CLK_0_BUFG/O
    X0Y0 (CLOCK_ROOT)    net (fo=20970, routed)       1.479     1.639    bnn_top_i/bnn_top_0/inst/grp_bnn_top_Pipeline_RECV_INPUT_fu_4611/ap_clk
    SLICE_X19Y83         FDRE                                         r  bnn_top_i/bnn_top_0/inst/grp_bnn_top_Pipeline_RECV_INPUT_fu_4611/shl_ln64_reg_358_reg[761]/C
  -------------------------------------------------------------------    -------------------
    SLICE_X19Y83         FDRE (Prop_EFF2_SLICEM_C_Q)
                                                      0.060     1.699 r  bnn_top_i/bnn_top_0/inst/grp_bnn_top_Pipeline_RECV_INPUT_fu_4611/shl_ln64_reg_358_reg[761]/Q
                         net (fo=2, routed)           0.067     1.765    bnn_top_i/bnn_top_0/inst/grp_bnn_top_Pipeline_RECV_INPUT_fu_4611/shl_ln64_reg_358[761]
    SLICE_X18Y83         LUT5 (Prop_A6LUT_SLICEL_I2_O)
                                                      0.022     1.787 r  bnn_top_i/bnn_top_0/inst/grp_bnn_top_Pipeline_RECV_INPUT_fu_4611/input_fu_66[761]_i_1/O
                         net (fo=1, routed)           0.023     1.810    bnn_top_i/bnn_top_0/inst/grp_bnn_top_Pipeline_RECV_INPUT_fu_4611/input_1_fu_285_p2[761]
    SLICE_X18Y83         FDRE                                         r  bnn_top_i/bnn_top_0/inst/grp_bnn_top_Pipeline_RECV_INPUT_fu_4611/input_fu_66_reg[761]/D
  -------------------------------------------------------------------    -------------------

                         (clock clk_pl_0 rise edge)
                                                      0.000     0.000 r  
    PS8_X0Y0             PS8                          0.000     0.000 r  bnn_top_i/zynq_ultra_ps_e_0/inst/PS8_i/PLCLK[0]
                         net (fo=1, routed)           0.171     0.171    bnn_top_i/zynq_ultra_ps_e_0/inst/pl_clk_unbuffered[0]
    BUFG_PS_X0Y58        BUFG_PS (Prop_BUFG_PS_I_O)
                                                      0.028     0.199 r  bnn_top_i/zynq_ultra_ps_e_0/inst/buffer_pl_clk_0.PL_CLK_0_BUFG/O
    X0Y0 (CLOCK_ROOT)    net (fo=20970, routed)       1.694     1.893    bnn_top_i/bnn_top_0/inst/grp_bnn_top_Pipeline_RECV_INPUT_fu_4611/ap_clk
    SLICE_X18Y83         FDRE                                         r  bnn_top_i/bnn_top_0/inst/grp_bnn_top_Pipeline_RECV_INPUT_fu_4611/input_fu_66_reg[761]/C
                         clock pessimism             -0.156     1.737    
    SLICE_X18Y83         FDRE (Hold_AFF_SLICEL_C_D)
                                                      0.060     1.797    bnn_top_i/bnn_top_0/inst/grp_bnn_top_Pipeline_RECV_INPUT_fu_4611/input_fu_66_reg[761]
  -------------------------------------------------------------------
                         required time                         -1.797    
                         arrival time                           1.810    
  -------------------------------------------------------------------
                         slack                                  0.014    





Pulse Width Checks
--------------------------------------------------------------------------------------
Clock Name:         clk_pl_0
Waveform(ns):       { 0.000 1.666 }
Period(ns):         3.333
Sources:            { bnn_top_i/zynq_ultra_ps_e_0/inst/PS8_i/PLCLK[0] }

Check Type        Corner  Lib Pin             Reference Pin  Required(ns)  Actual(ns)  Slack(ns)  Location      Pin
Min Period        n/a     PS8/MAXIGP0ACLK     n/a            3.000         3.333       0.333      PS8_X0Y0      bnn_top_i/zynq_ultra_ps_e_0/inst/PS8_i/MAXIGP0ACLK
Min Period        n/a     PS8/SAXIGP2RCLK     n/a            3.000         3.333       0.333      PS8_X0Y0      bnn_top_i/zynq_ultra_ps_e_0/inst/PS8_i/SAXIGP2RCLK
Min Period        n/a     PS8/SAXIGP2WCLK     n/a            3.000         3.333       0.333      PS8_X0Y0      bnn_top_i/zynq_ultra_ps_e_0/inst/PS8_i/SAXIGP2WCLK
Min Period        n/a     RAMB36E2/CLKARDCLK  n/a            1.569         3.333       1.764      RAMB36_X2Y16  bnn_top_i/bnn_top_0/inst/bnn_top_stream_stream_ap_uint_ap_uint_ap_uint_ap_uint_local_l1_weights_1_U/ram_reg_0/CLKARDCLK
Min Period        n/a     RAMB36E2/CLKBWRCLK  n/a            1.569         3.333       1.764      RAMB36_X2Y16  bnn_top_i/bnn_top_0/inst/bnn_top_stream_stream_ap_uint_ap_uint_ap_uint_ap_uint_local_l1_weights_1_U/ram_reg_0/CLKBWRCLK
Min Period        n/a     RAMB36E2/CLKARDCLK  n/a            1.569         3.333       1.764      RAMB36_X1Y21  bnn_top_i/bnn_top_0/inst/bnn_top_stream_stream_ap_uint_ap_uint_ap_uint_ap_uint_local_l1_weights_1_U/ram_reg_1/CLKARDCLK
Min Period        n/a     RAMB36E2/CLKBWRCLK  n/a            1.569         3.333       1.764      RAMB36_X1Y21  bnn_top_i/bnn_top_0/inst/bnn_top_stream_stream_ap_uint_ap_uint_ap_uint_ap_uint_local_l1_weights_1_U/ram_reg_1/CLKBWRCLK
Min Period        n/a     RAMB36E2/CLKARDCLK  n/a            1.569         3.333       1.764      RAMB36_X2Y18  bnn_top_i/bnn_top_0/inst/bnn_top_stream_stream_ap_uint_ap_uint_ap_uint_ap_uint_local_l1_weights_1_U/ram_reg_10/CLKARDCLK
Min Period        n/a     RAMB36E2/CLKBWRCLK  n/a            1.569         3.333       1.764      RAMB36_X2Y18  bnn_top_i/bnn_top_0/inst/bnn_top_stream_stream_ap_uint_ap_uint_ap_uint_ap_uint_local_l1_weights_1_U/ram_reg_10/CLKBWRCLK
Min Period        n/a     RAMB36E2/CLKARDCLK  n/a            1.569         3.333       1.764      RAMB36_X3Y20  bnn_top_i/bnn_top_0/inst/bnn_top_stream_stream_ap_uint_ap_uint_ap_uint_ap_uint_local_l1_weights_1_U/ram_reg_2/CLKARDCLK
Low Pulse Width   Slow    PS8/MAXIGP0ACLK     n/a            1.500         1.666       0.166      PS8_X0Y0      bnn_top_i/zynq_ultra_ps_e_0/inst/PS8_i/MAXIGP0ACLK
Low Pulse Width   Fast    PS8/MAXIGP0ACLK     n/a            1.500         1.666       0.166      PS8_X0Y0      bnn_top_i/zynq_ultra_ps_e_0/inst/PS8_i/MAXIGP0ACLK
Low Pulse Width   Slow    PS8/SAXIGP2RCLK     n/a            1.500         1.666       0.166      PS8_X0Y0      bnn_top_i/zynq_ultra_ps_e_0/inst/PS8_i/SAXIGP2RCLK
Low Pulse Width   Fast    PS8/SAXIGP2RCLK     n/a            1.500         1.667       0.167      PS8_X0Y0      bnn_top_i/zynq_ultra_ps_e_0/inst/PS8_i/SAXIGP2RCLK
Low Pulse Width   Slow    PS8/SAXIGP2WCLK     n/a            1.500         1.666       0.166      PS8_X0Y0      bnn_top_i/zynq_ultra_ps_e_0/inst/PS8_i/SAXIGP2WCLK
Low Pulse Width   Fast    PS8/SAXIGP2WCLK     n/a            1.500         1.667       0.167      PS8_X0Y0      bnn_top_i/zynq_ultra_ps_e_0/inst/PS8_i/SAXIGP2WCLK
Low Pulse Width   Slow    RAMB36E2/CLKARDCLK  n/a            0.542         1.666       1.124      RAMB36_X1Y8   bnn_top_i/axi_dma/U0/I_PRMRY_DATAMOVER/GEN_MM2S_FULL.I_MM2S_FULL_WRAPPER/GEN_INCLUDE_MM2S_SF.I_RD_SF/I_DATA_FIFO/BLK_MEM.I_SYNC_FIFOGEN_FIFO/xpm_fifo_instance.xpm_fifo_sync_inst/xpm_fifo_base_inst/gen_sdpram.xpm_memory_base_inst/gen_wr_a.gen_word_narrow.mem_reg_bram_0/CLKARDCLK
Low Pulse Width   Fast    RAMB36E2/CLKARDCLK  n/a            0.542         1.667       1.125      RAMB36_X1Y8   bnn_top_i/axi_dma/U0/I_PRMRY_DATAMOVER/GEN_MM2S_FULL.I_MM2S_FULL_WRAPPER/GEN_INCLUDE_MM2S_SF.I_RD_SF/I_DATA_FIFO/BLK_MEM.I_SYNC_FIFOGEN_FIFO/xpm_fifo_instance.xpm_fifo_sync_inst/xpm_fifo_base_inst/gen_sdpram.xpm_memory_base_inst/gen_wr_a.gen_word_narrow.mem_reg_bram_0/CLKARDCLK
Low Pulse Width   Slow    RAMB36E2/CLKBWRCLK  n/a            0.542         1.666       1.124      RAMB36_X1Y8   bnn_top_i/axi_dma/U0/I_PRMRY_DATAMOVER/GEN_MM2S_FULL.I_MM2S_FULL_WRAPPER/GEN_INCLUDE_MM2S_SF.I_RD_SF/I_DATA_FIFO/BLK_MEM.I_SYNC_FIFOGEN_FIFO/xpm_fifo_instance.xpm_fifo_sync_inst/xpm_fifo_base_inst/gen_sdpram.xpm_memory_base_inst/gen_wr_a.gen_word_narrow.mem_reg_bram_0/CLKBWRCLK
Low Pulse Width   Fast    RAMB36E2/CLKBWRCLK  n/a            0.542         1.667       1.125      RAMB36_X1Y8   bnn_top_i/axi_dma/U0/I_PRMRY_DATAMOVER/GEN_MM2S_FULL.I_MM2S_FULL_WRAPPER/GEN_INCLUDE_MM2S_SF.I_RD_SF/I_DATA_FIFO/BLK_MEM.I_SYNC_FIFOGEN_FIFO/xpm_fifo_instance.xpm_fifo_sync_inst/xpm_fifo_base_inst/gen_sdpram.xpm_memory_base_inst/gen_wr_a.gen_word_narrow.mem_reg_bram_0/CLKBWRCLK
High Pulse Width  Slow    PS8/MAXIGP0ACLK     n/a            1.500         1.667       0.167      PS8_X0Y0      bnn_top_i/zynq_ultra_ps_e_0/inst/PS8_i/MAXIGP0ACLK
High Pulse Width  Fast    PS8/MAXIGP0ACLK     n/a            1.500         1.667       0.167      PS8_X0Y0      bnn_top_i/zynq_ultra_ps_e_0/inst/PS8_i/MAXIGP0ACLK
High Pulse Width  Slow    PS8/SAXIGP2RCLK     n/a            1.500         1.666       0.166      PS8_X0Y0      bnn_top_i/zynq_ultra_ps_e_0/inst/PS8_i/SAXIGP2RCLK
High Pulse Width  Fast    PS8/SAXIGP2RCLK     n/a            1.500         1.666       0.166      PS8_X0Y0      bnn_top_i/zynq_ultra_ps_e_0/inst/PS8_i/SAXIGP2RCLK
High Pulse Width  Slow    PS8/SAXIGP2WCLK     n/a            1.500         1.666       0.166      PS8_X0Y0      bnn_top_i/zynq_ultra_ps_e_0/inst/PS8_i/SAXIGP2WCLK
High Pulse Width  Fast    PS8/SAXIGP2WCLK     n/a            1.500         1.666       0.166      PS8_X0Y0      bnn_top_i/zynq_ultra_ps_e_0/inst/PS8_i/SAXIGP2WCLK
High Pulse Width  Slow    RAMB36E2/CLKARDCLK  n/a            0.542         1.667       1.125      RAMB36_X1Y8   bnn_top_i/axi_dma/U0/I_PRMRY_DATAMOVER/GEN_MM2S_FULL.I_MM2S_FULL_WRAPPER/GEN_INCLUDE_MM2S_SF.I_RD_SF/I_DATA_FIFO/BLK_MEM.I_SYNC_FIFOGEN_FIFO/xpm_fifo_instance.xpm_fifo_sync_inst/xpm_fifo_base_inst/gen_sdpram.xpm_memory_base_inst/gen_wr_a.gen_word_narrow.mem_reg_bram_0/CLKARDCLK
High Pulse Width  Fast    RAMB36E2/CLKARDCLK  n/a            0.542         1.666       1.124      RAMB36_X1Y8   bnn_top_i/axi_dma/U0/I_PRMRY_DATAMOVER/GEN_MM2S_FULL.I_MM2S_FULL_WRAPPER/GEN_INCLUDE_MM2S_SF.I_RD_SF/I_DATA_FIFO/BLK_MEM.I_SYNC_FIFOGEN_FIFO/xpm_fifo_instance.xpm_fifo_sync_inst/xpm_fifo_base_inst/gen_sdpram.xpm_memory_base_inst/gen_wr_a.gen_word_narrow.mem_reg_bram_0/CLKARDCLK
High Pulse Width  Slow    RAMB36E2/CLKBWRCLK  n/a            0.542         1.667       1.125      RAMB36_X1Y8   bnn_top_i/axi_dma/U0/I_PRMRY_DATAMOVER/GEN_MM2S_FULL.I_MM2S_FULL_WRAPPER/GEN_INCLUDE_MM2S_SF.I_RD_SF/I_DATA_FIFO/BLK_MEM.I_SYNC_FIFOGEN_FIFO/xpm_fifo_instance.xpm_fifo_sync_inst/xpm_fifo_base_inst/gen_sdpram.xpm_memory_base_inst/gen_wr_a.gen_word_narrow.mem_reg_bram_0/CLKBWRCLK
High Pulse Width  Fast    RAMB36E2/CLKBWRCLK  n/a            0.542         1.667       1.125      RAMB36_X1Y8   bnn_top_i/axi_dma/U0/I_PRMRY_DATAMOVER/GEN_MM2S_FULL.I_MM2S_FULL_WRAPPER/GEN_INCLUDE_MM2S_SF.I_RD_SF/I_DATA_FIFO/BLK_MEM.I_SYNC_FIFOGEN_FIFO/xpm_fifo_instance.xpm_fifo_sync_inst/xpm_fifo_base_inst/gen_sdpram.xpm_memory_base_inst/gen_wr_a.gen_word_narrow.mem_reg_bram_0/CLKBWRCLK



---------------------------------------------------------------------------------------------------
Path Group:  **async_default**
From Clock:  clk_pl_0
  To Clock:  clk_pl_0

Setup :            0  Failing Endpoints,  Worst Slack        1.678ns,  Total Violation        0.000ns
Hold  :            0  Failing Endpoints,  Worst Slack        0.166ns,  Total Violation        0.000ns
---------------------------------------------------------------------------------------------------


Max Delay Paths
--------------------------------------------------------------------------------------
Slack (MET) :             1.678ns  (required time - arrival time)
  Source:                 bnn_top_i/axi_mem_intercon/s04_couplers/auto_ds/inst/gen_downsizer.gen_simple_downsizer.axi_downsizer_inst/USE_READ.read_addr_inst/cmd_queue/inst/fifo_gen_inst/inst_fifo_gen/gconvfifo.rf/grf.rf/rstblk/ngwrdrst.grst.g7serrst.gnsckt_wrst.gcc_rst.sckt_wr_rst_cc_reg[0]/C
                            (rising edge-triggered cell FDRE clocked by clk_pl_0  {rise@0.000ns fall@1.666ns period=3.333ns})
  Destination:            bnn_top_i/axi_mem_intercon/s04_couplers/auto_ds/inst/gen_downsizer.gen_simple_downsizer.axi_downsizer_inst/USE_READ.read_addr_inst/cmd_queue/inst/fifo_gen_inst/inst_fifo_gen/gconvfifo.rf/grf.rf/gntv_or_sync_fifo.gl0.wr/wpntr/gcc0.gc0.count_d1_reg[1]/CLR
                            (recovery check against rising-edge clock clk_pl_0  {rise@0.000ns fall@1.666ns period=3.333ns})
  Path Group:             **async_default**
  Path Type:              Recovery (Max at Slow Process Corner)
  Requirement:            3.333ns  (clk_pl_0 rise@3.333ns - clk_pl_0 rise@0.000ns)
  Data Path Delay:        1.417ns  (logic 0.203ns (14.330%)  route 1.214ns (85.670%))
  Logic Levels:           1  (LUT3=1)
  Clock Path Skew:        -0.069ns (DCD - SCD + CPR)
    Destination Clock Delay (DCD):    1.603ns = ( 4.936 - 3.333 ) 
    Source Clock Delay      (SCD):    1.824ns
    Clock Pessimism Removal (CPR):    0.152ns
  Clock Uncertainty:      0.104ns  ((TSJ^2 + DJ^2)^1/2) / 2 + PE
    Total System Jitter     (TSJ):    0.071ns
    Discrete Jitter          (DJ):    0.195ns
    Phase Error              (PE):    0.000ns
  Clock Net Delay (Source):      1.625ns (routing 0.786ns, distribution 0.839ns)
  Clock Net Delay (Destination): 1.443ns (routing 0.709ns, distribution 0.734ns)

    Location             Delay type                Incr(ns)  Path(ns)    Netlist Resource(s)
  -------------------------------------------------------------------    -------------------
                         (clock clk_pl_0 rise edge)
                                                      0.000     0.000 r  
    PS8_X0Y0             PS8                          0.000     0.000 r  bnn_top_i/zynq_ultra_ps_e_0/inst/PS8_i/PLCLK[0]
                         net (fo=1, routed)           0.171     0.171    bnn_top_i/zynq_ultra_ps_e_0/inst/pl_clk_unbuffered[0]
    BUFG_PS_X0Y58        BUFG_PS (Prop_BUFG_PS_I_O)
                                                      0.028     0.199 r  bnn_top_i/zynq_ultra_ps_e_0/inst/buffer_pl_clk_0.PL_CLK_0_BUFG/O
    X0Y0 (CLOCK_ROOT)    net (fo=20970, routed)       1.625     1.824    bnn_top_i/axi_mem_intercon/s04_couplers/auto_ds/inst/gen_downsizer.gen_simple_downsizer.axi_downsizer_inst/USE_READ.read_addr_inst/cmd_queue/inst/fifo_gen_inst/inst_fifo_gen/gconvfifo.rf/grf.rf/rstblk/clk
    SLICE_X15Y43         FDRE                                         r  bnn_top_i/axi_mem_intercon/s04_couplers/auto_ds/inst/gen_downsizer.gen_simple_downsizer.axi_downsizer_inst/USE_READ.read_addr_inst/cmd_queue/inst/fifo_gen_inst/inst_fifo_gen/gconvfifo.rf/grf.rf/rstblk/ngwrdrst.grst.g7serrst.gnsckt_wrst.gcc_rst.sckt_wr_rst_cc_reg[0]/C
  -------------------------------------------------------------------    -------------------
    SLICE_X15Y43         FDRE (Prop_HFF2_SLICEL_C_Q)
                                                      0.080     1.904 f  bnn_top_i/axi_mem_intercon/s04_couplers/auto_ds/inst/gen_downsizer.gen_simple_downsizer.axi_downsizer_inst/USE_READ.read_addr_inst/cmd_queue/inst/fifo_gen_inst/inst_fifo_gen/gconvfifo.rf/grf.rf/rstblk/ngwrdrst.grst.g7serrst.gnsckt_wrst.gcc_rst.sckt_wr_rst_cc_reg[0]/Q
                         net (fo=3, routed)           0.402     2.306    bnn_top_i/axi_mem_intercon/s04_couplers/auto_ds/inst/gen_downsizer.gen_simple_downsizer.axi_downsizer_inst/USE_READ.read_addr_inst/cmd_queue/inst/fifo_gen_inst/inst_fifo_gen/gconvfifo.rf/grf.rf/rstblk/ngwrdrst.grst.g7serrst.gnsckt_wrst.gcc_rst.sckt_wr_rst_cc[0]
    SLICE_X15Y43         LUT3 (Prop_E6LUT_SLICEL_I1_O)
                                                      0.123     2.429 f  bnn_top_i/axi_mem_intercon/s04_couplers/auto_ds/inst/gen_downsizer.gen_simple_downsizer.axi_downsizer_inst/USE_READ.read_addr_inst/cmd_queue/inst/fifo_gen_inst/inst_fifo_gen/gconvfifo.rf/grf.rf/rstblk/gpregsm1.curr_fwft_state[1]_i_2/O
                         net (fo=32, routed)          0.812     3.241    bnn_top_i/axi_mem_intercon/s04_couplers/auto_ds/inst/gen_downsizer.gen_simple_downsizer.axi_downsizer_inst/USE_READ.read_addr_inst/cmd_queue/inst/fifo_gen_inst/inst_fifo_gen/gconvfifo.rf/grf.rf/gntv_or_sync_fifo.gl0.wr/wpntr/AR[0]
    SLICE_X18Y46         FDCE                                         f  bnn_top_i/axi_mem_intercon/s04_couplers/auto_ds/inst/gen_downsizer.gen_simple_downsizer.axi_downsizer_inst/USE_READ.read_addr_inst/cmd_queue/inst/fifo_gen_inst/inst_fifo_gen/gconvfifo.rf/grf.rf/gntv_or_sync_fifo.gl0.wr/wpntr/gcc0.gc0.count_d1_reg[1]/CLR
  -------------------------------------------------------------------    -------------------

                         (clock clk_pl_0 rise edge)
                                                      3.333     3.333 r  
    PS8_X0Y0             PS8                          0.000     3.333 r  bnn_top_i/zynq_ultra_ps_e_0/inst/PS8_i/PLCLK[0]
                         net (fo=1, routed)           0.135     3.468    bnn_top_i/zynq_ultra_ps_e_0/inst/pl_clk_unbuffered[0]
    BUFG_PS_X0Y58        BUFG_PS (Prop_BUFG_PS_I_O)
                                                      0.025     3.493 r  bnn_top_i/zynq_ultra_ps_e_0/inst/buffer_pl_clk_0.PL_CLK_0_BUFG/O
    X0Y0 (CLOCK_ROOT)    net (fo=20970, routed)       1.443     4.936    bnn_top_i/axi_mem_intercon/s04_couplers/auto_ds/inst/gen_downsizer.gen_simple_downsizer.axi_downsizer_inst/USE_READ.read_addr_inst/cmd_queue/inst/fifo_gen_inst/inst_fifo_gen/gconvfifo.rf/grf.rf/gntv_or_sync_fifo.gl0.wr/wpntr/clk
    SLICE_X18Y46         FDCE                                         r  bnn_top_i/axi_mem_intercon/s04_couplers/auto_ds/inst/gen_downsizer.gen_simple_downsizer.axi_downsizer_inst/USE_READ.read_addr_inst/cmd_queue/inst/fifo_gen_inst/inst_fifo_gen/gconvfifo.rf/grf.rf/gntv_or_sync_fifo.gl0.wr/wpntr/gcc0.gc0.count_d1_reg[1]/C
                         clock pessimism              0.152     5.088    
                         clock uncertainty           -0.104     4.985    
    SLICE_X18Y46         FDCE (Recov_AFF_SLICEL_C_CLR)
                                                     -0.066     4.919    bnn_top_i/axi_mem_intercon/s04_couplers/auto_ds/inst/gen_downsizer.gen_simple_downsizer.axi_downsizer_inst/USE_READ.read_addr_inst/cmd_queue/inst/fifo_gen_inst/inst_fifo_gen/gconvfifo.rf/grf.rf/gntv_or_sync_fifo.gl0.wr/wpntr/gcc0.gc0.count_d1_reg[1]
  -------------------------------------------------------------------
                         required time                          4.919    
                         arrival time                          -3.241    
  -------------------------------------------------------------------
                         slack                                  1.678    

Slack (MET) :             1.678ns  (required time - arrival time)
  Source:                 bnn_top_i/axi_mem_intercon/s04_couplers/auto_ds/inst/gen_downsizer.gen_simple_downsizer.axi_downsizer_inst/USE_READ.read_addr_inst/cmd_queue/inst/fifo_gen_inst/inst_fifo_gen/gconvfifo.rf/grf.rf/rstblk/ngwrdrst.grst.g7serrst.gnsckt_wrst.gcc_rst.sckt_wr_rst_cc_reg[0]/C
                            (rising edge-triggered cell FDRE clocked by clk_pl_0  {rise@0.000ns fall@1.666ns period=3.333ns})
  Destination:            bnn_top_i/axi_mem_intercon/s04_couplers/auto_ds/inst/gen_downsizer.gen_simple_downsizer.axi_downsizer_inst/USE_READ.read_addr_inst/cmd_queue/inst/fifo_gen_inst/inst_fifo_gen/gconvfifo.rf/grf.rf/gntv_or_sync_fifo.gl0.wr/wpntr/gcc0.gc0.count_reg[2]/CLR
                            (recovery check against rising-edge clock clk_pl_0  {rise@0.000ns fall@1.666ns period=3.333ns})
  Path Group:             **async_default**
  Path Type:              Recovery (Max at Slow Process Corner)
  Requirement:            3.333ns  (clk_pl_0 rise@3.333ns - clk_pl_0 rise@0.000ns)
  Data Path Delay:        1.417ns  (logic 0.203ns (14.330%)  route 1.214ns (85.670%))
  Logic Levels:           1  (LUT3=1)
  Clock Path Skew:        -0.069ns (DCD - SCD + CPR)
    Destination Clock Delay (DCD):    1.603ns = ( 4.936 - 3.333 ) 
    Source Clock Delay      (SCD):    1.824ns
    Clock Pessimism Removal (CPR):    0.152ns
  Clock Uncertainty:      0.104ns  ((TSJ^2 + DJ^2)^1/2) / 2 + PE
    Total System Jitter     (TSJ):    0.071ns
    Discrete Jitter          (DJ):    0.195ns
    Phase Error              (PE):    0.000ns
  Clock Net Delay (Source):      1.625ns (routing 0.786ns, distribution 0.839ns)
  Clock Net Delay (Destination): 1.443ns (routing 0.709ns, distribution 0.734ns)

    Location             Delay type                Incr(ns)  Path(ns)    Netlist Resource(s)
  -------------------------------------------------------------------    -------------------
                         (clock clk_pl_0 rise edge)
                                                      0.000     0.000 r  
    PS8_X0Y0             PS8                          0.000     0.000 r  bnn_top_i/zynq_ultra_ps_e_0/inst/PS8_i/PLCLK[0]
                         net (fo=1, routed)           0.171     0.171    bnn_top_i/zynq_ultra_ps_e_0/inst/pl_clk_unbuffered[0]
    BUFG_PS_X0Y58        BUFG_PS (Prop_BUFG_PS_I_O)
                                                      0.028     0.199 r  bnn_top_i/zynq_ultra_ps_e_0/inst/buffer_pl_clk_0.PL_CLK_0_BUFG/O
    X0Y0 (CLOCK_ROOT)    net (fo=20970, routed)       1.625     1.824    bnn_top_i/axi_mem_intercon/s04_couplers/auto_ds/inst/gen_downsizer.gen_simple_downsizer.axi_downsizer_inst/USE_READ.read_addr_inst/cmd_queue/inst/fifo_gen_inst/inst_fifo_gen/gconvfifo.rf/grf.rf/rstblk/clk
    SLICE_X15Y43         FDRE                                         r  bnn_top_i/axi_mem_intercon/s04_couplers/auto_ds/inst/gen_downsizer.gen_simple_downsizer.axi_downsizer_inst/USE_READ.read_addr_inst/cmd_queue/inst/fifo_gen_inst/inst_fifo_gen/gconvfifo.rf/grf.rf/rstblk/ngwrdrst.grst.g7serrst.gnsckt_wrst.gcc_rst.sckt_wr_rst_cc_reg[0]/C
  -------------------------------------------------------------------    -------------------
    SLICE_X15Y43         FDRE (Prop_HFF2_SLICEL_C_Q)
                                                      0.080     1.904 f  bnn_top_i/axi_mem_intercon/s04_couplers/auto_ds/inst/gen_downsizer.gen_simple_downsizer.axi_downsizer_inst/USE_READ.read_addr_inst/cmd_queue/inst/fifo_gen_inst/inst_fifo_gen/gconvfifo.rf/grf.rf/rstblk/ngwrdrst.grst.g7serrst.gnsckt_wrst.gcc_rst.sckt_wr_rst_cc_reg[0]/Q
                         net (fo=3, routed)           0.402     2.306    bnn_top_i/axi_mem_intercon/s04_couplers/auto_ds/inst/gen_downsizer.gen_simple_downsizer.axi_downsizer_inst/USE_READ.read_addr_inst/cmd_queue/inst/fifo_gen_inst/inst_fifo_gen/gconvfifo.rf/grf.rf/rstblk/ngwrdrst.grst.g7serrst.gnsckt_wrst.gcc_rst.sckt_wr_rst_cc[0]
    SLICE_X15Y43         LUT3 (Prop_E6LUT_SLICEL_I1_O)
                                                      0.123     2.429 f  bnn_top_i/axi_mem_intercon/s04_couplers/auto_ds/inst/gen_downsizer.gen_simple_downsizer.axi_downsizer_inst/USE_READ.read_addr_inst/cmd_queue/inst/fifo_gen_inst/inst_fifo_gen/gconvfifo.rf/grf.rf/rstblk/gpregsm1.curr_fwft_state[1]_i_2/O
                         net (fo=32, routed)          0.812     3.241    bnn_top_i/axi_mem_intercon/s04_couplers/auto_ds/inst/gen_downsizer.gen_simple_downsizer.axi_downsizer_inst/USE_READ.read_addr_inst/cmd_queue/inst/fifo_gen_inst/inst_fifo_gen/gconvfifo.rf/grf.rf/gntv_or_sync_fifo.gl0.wr/wpntr/AR[0]
    SLICE_X18Y46         FDCE                                         f  bnn_top_i/axi_mem_intercon/s04_couplers/auto_ds/inst/gen_downsizer.gen_simple_downsizer.axi_downsizer_inst/USE_READ.read_addr_inst/cmd_queue/inst/fifo_gen_inst/inst_fifo_gen/gconvfifo.rf/grf.rf/gntv_or_sync_fifo.gl0.wr/wpntr/gcc0.gc0.count_reg[2]/CLR
  -------------------------------------------------------------------    -------------------

                         (clock clk_pl_0 rise edge)
                                                      3.333     3.333 r  
    PS8_X0Y0             PS8                          0.000     3.333 r  bnn_top_i/zynq_ultra_ps_e_0/inst/PS8_i/PLCLK[0]
                         net (fo=1, routed)           0.135     3.468    bnn_top_i/zynq_ultra_ps_e_0/inst/pl_clk_unbuffered[0]
    BUFG_PS_X0Y58        BUFG_PS (Prop_BUFG_PS_I_O)
                                                      0.025     3.493 r  bnn_top_i/zynq_ultra_ps_e_0/inst/buffer_pl_clk_0.PL_CLK_0_BUFG/O
    X0Y0 (CLOCK_ROOT)    net (fo=20970, routed)       1.443     4.936    bnn_top_i/axi_mem_intercon/s04_couplers/auto_ds/inst/gen_downsizer.gen_simple_downsizer.axi_downsizer_inst/USE_READ.read_addr_inst/cmd_queue/inst/fifo_gen_inst/inst_fifo_gen/gconvfifo.rf/grf.rf/gntv_or_sync_fifo.gl0.wr/wpntr/clk
    SLICE_X18Y46         FDCE                                         r  bnn_top_i/axi_mem_intercon/s04_couplers/auto_ds/inst/gen_downsizer.gen_simple_downsizer.axi_downsizer_inst/USE_READ.read_addr_inst/cmd_queue/inst/fifo_gen_inst/inst_fifo_gen/gconvfifo.rf/grf.rf/gntv_or_sync_fifo.gl0.wr/wpntr/gcc0.gc0.count_reg[2]/C
                         clock pessimism              0.152     5.088    
                         clock uncertainty           -0.104     4.985    
    SLICE_X18Y46         FDCE (Recov_BFF2_SLICEL_C_CLR)
                                                     -0.066     4.919    bnn_top_i/axi_mem_intercon/s04_couplers/auto_ds/inst/gen_downsizer.gen_simple_downsizer.axi_downsizer_inst/USE_READ.read_addr_inst/cmd_queue/inst/fifo_gen_inst/inst_fifo_gen/gconvfifo.rf/grf.rf/gntv_or_sync_fifo.gl0.wr/wpntr/gcc0.gc0.count_reg[2]
  -------------------------------------------------------------------
                         required time                          4.919    
                         arrival time                          -3.241    
  -------------------------------------------------------------------
                         slack                                  1.678    

Slack (MET) :             1.678ns  (required time - arrival time)
  Source:                 bnn_top_i/axi_mem_intercon/s04_couplers/auto_ds/inst/gen_downsizer.gen_simple_downsizer.axi_downsizer_inst/USE_READ.read_addr_inst/cmd_queue/inst/fifo_gen_inst/inst_fifo_gen/gconvfifo.rf/grf.rf/rstblk/ngwrdrst.grst.g7serrst.gnsckt_wrst.gcc_rst.sckt_wr_rst_cc_reg[0]/C
                            (rising edge-triggered cell FDRE clocked by clk_pl_0  {rise@0.000ns fall@1.666ns period=3.333ns})
  Destination:            bnn_top_i/axi_mem_intercon/s04_couplers/auto_ds/inst/gen_downsizer.gen_simple_downsizer.axi_downsizer_inst/USE_READ.read_addr_inst/cmd_queue/inst/fifo_gen_inst/inst_fifo_gen/gconvfifo.rf/grf.rf/gntv_or_sync_fifo.gl0.wr/wpntr/gcc0.gc0.count_reg[3]/CLR
                            (recovery check against rising-edge clock clk_pl_0  {rise@0.000ns fall@1.666ns period=3.333ns})
  Path Group:             **async_default**
  Path Type:              Recovery (Max at Slow Process Corner)
  Requirement:            3.333ns  (clk_pl_0 rise@3.333ns - clk_pl_0 rise@0.000ns)
  Data Path Delay:        1.417ns  (logic 0.203ns (14.330%)  route 1.214ns (85.670%))
  Logic Levels:           1  (LUT3=1)
  Clock Path Skew:        -0.069ns (DCD - SCD + CPR)
    Destination Clock Delay (DCD):    1.603ns = ( 4.936 - 3.333 ) 
    Source Clock Delay      (SCD):    1.824ns
    Clock Pessimism Removal (CPR):    0.152ns
  Clock Uncertainty:      0.104ns  ((TSJ^2 + DJ^2)^1/2) / 2 + PE
    Total System Jitter     (TSJ):    0.071ns
    Discrete Jitter          (DJ):    0.195ns
    Phase Error              (PE):    0.000ns
  Clock Net Delay (Source):      1.625ns (routing 0.786ns, distribution 0.839ns)
  Clock Net Delay (Destination): 1.443ns (routing 0.709ns, distribution 0.734ns)

    Location             Delay type                Incr(ns)  Path(ns)    Netlist Resource(s)
  -------------------------------------------------------------------    -------------------
                         (clock clk_pl_0 rise edge)
                                                      0.000     0.000 r  
    PS8_X0Y0             PS8                          0.000     0.000 r  bnn_top_i/zynq_ultra_ps_e_0/inst/PS8_i/PLCLK[0]
                         net (fo=1, routed)           0.171     0.171    bnn_top_i/zynq_ultra_ps_e_0/inst/pl_clk_unbuffered[0]
    BUFG_PS_X0Y58        BUFG_PS (Prop_BUFG_PS_I_O)
                                                      0.028     0.199 r  bnn_top_i/zynq_ultra_ps_e_0/inst/buffer_pl_clk_0.PL_CLK_0_BUFG/O
    X0Y0 (CLOCK_ROOT)    net (fo=20970, routed)       1.625     1.824    bnn_top_i/axi_mem_intercon/s04_couplers/auto_ds/inst/gen_downsizer.gen_simple_downsizer.axi_downsizer_inst/USE_READ.read_addr_inst/cmd_queue/inst/fifo_gen_inst/inst_fifo_gen/gconvfifo.rf/grf.rf/rstblk/clk
    SLICE_X15Y43         FDRE                                         r  bnn_top_i/axi_mem_intercon/s04_couplers/auto_ds/inst/gen_downsizer.gen_simple_downsizer.axi_downsizer_inst/USE_READ.read_addr_inst/cmd_queue/inst/fifo_gen_inst/inst_fifo_gen/gconvfifo.rf/grf.rf/rstblk/ngwrdrst.grst.g7serrst.gnsckt_wrst.gcc_rst.sckt_wr_rst_cc_reg[0]/C
  -------------------------------------------------------------------    -------------------
    SLICE_X15Y43         FDRE (Prop_HFF2_SLICEL_C_Q)
                                                      0.080     1.904 f  bnn_top_i/axi_mem_intercon/s04_couplers/auto_ds/inst/gen_downsizer.gen_simple_downsizer.axi_downsizer_inst/USE_READ.read_addr_inst/cmd_queue/inst/fifo_gen_inst/inst_fifo_gen/gconvfifo.rf/grf.rf/rstblk/ngwrdrst.grst.g7serrst.gnsckt_wrst.gcc_rst.sckt_wr_rst_cc_reg[0]/Q
                         net (fo=3, routed)           0.402     2.306    bnn_top_i/axi_mem_intercon/s04_couplers/auto_ds/inst/gen_downsizer.gen_simple_downsizer.axi_downsizer_inst/USE_READ.read_addr_inst/cmd_queue/inst/fifo_gen_inst/inst_fifo_gen/gconvfifo.rf/grf.rf/rstblk/ngwrdrst.grst.g7serrst.gnsckt_wrst.gcc_rst.sckt_wr_rst_cc[0]
    SLICE_X15Y43         LUT3 (Prop_E6LUT_SLICEL_I1_O)
                                                      0.123     2.429 f  bnn_top_i/axi_mem_intercon/s04_couplers/auto_ds/inst/gen_downsizer.gen_simple_downsizer.axi_downsizer_inst/USE_READ.read_addr_inst/cmd_queue/inst/fifo_gen_inst/inst_fifo_gen/gconvfifo.rf/grf.rf/rstblk/gpregsm1.curr_fwft_state[1]_i_2/O
                         net (fo=32, routed)          0.812     3.241    bnn_top_i/axi_mem_intercon/s04_couplers/auto_ds/inst/gen_downsizer.gen_simple_downsizer.axi_downsizer_inst/USE_READ.read_addr_inst/cmd_queue/inst/fifo_gen_inst/inst_fifo_gen/gconvfifo.rf/grf.rf/gntv_or_sync_fifo.gl0.wr/wpntr/AR[0]
    SLICE_X18Y46         FDCE                                         f  bnn_top_i/axi_mem_intercon/s04_couplers/auto_ds/inst/gen_downsizer.gen_simple_downsizer.axi_downsizer_inst/USE_READ.read_addr_inst/cmd_queue/inst/fifo_gen_inst/inst_fifo_gen/gconvfifo.rf/grf.rf/gntv_or_sync_fifo.gl0.wr/wpntr/gcc0.gc0.count_reg[3]/CLR
  -------------------------------------------------------------------    -------------------

                         (clock clk_pl_0 rise edge)
                                                      3.333     3.333 r  
    PS8_X0Y0             PS8                          0.000     3.333 r  bnn_top_i/zynq_ultra_ps_e_0/inst/PS8_i/PLCLK[0]
                         net (fo=1, routed)           0.135     3.468    bnn_top_i/zynq_ultra_ps_e_0/inst/pl_clk_unbuffered[0]
    BUFG_PS_X0Y58        BUFG_PS (Prop_BUFG_PS_I_O)
                                                      0.025     3.493 r  bnn_top_i/zynq_ultra_ps_e_0/inst/buffer_pl_clk_0.PL_CLK_0_BUFG/O
    X0Y0 (CLOCK_ROOT)    net (fo=20970, routed)       1.443     4.936    bnn_top_i/axi_mem_intercon/s04_couplers/auto_ds/inst/gen_downsizer.gen_simple_downsizer.axi_downsizer_inst/USE_READ.read_addr_inst/cmd_queue/inst/fifo_gen_inst/inst_fifo_gen/gconvfifo.rf/grf.rf/gntv_or_sync_fifo.gl0.wr/wpntr/clk
    SLICE_X18Y46         FDCE                                         r  bnn_top_i/axi_mem_intercon/s04_couplers/auto_ds/inst/gen_downsizer.gen_simple_downsizer.axi_downsizer_inst/USE_READ.read_addr_inst/cmd_queue/inst/fifo_gen_inst/inst_fifo_gen/gconvfifo.rf/grf.rf/gntv_or_sync_fifo.gl0.wr/wpntr/gcc0.gc0.count_reg[3]/C
                         clock pessimism              0.152     5.088    
                         clock uncertainty           -0.104     4.985    
    SLICE_X18Y46         FDCE (Recov_CFF_SLICEL_C_CLR)
                                                     -0.066     4.919    bnn_top_i/axi_mem_intercon/s04_couplers/auto_ds/inst/gen_downsizer.gen_simple_downsizer.axi_downsizer_inst/USE_READ.read_addr_inst/cmd_queue/inst/fifo_gen_inst/inst_fifo_gen/gconvfifo.rf/grf.rf/gntv_or_sync_fifo.gl0.wr/wpntr/gcc0.gc0.count_reg[3]
  -------------------------------------------------------------------
                         required time                          4.919    
                         arrival time                          -3.241    
  -------------------------------------------------------------------
                         slack                                  1.678    

Slack (MET) :             1.678ns  (required time - arrival time)
  Source:                 bnn_top_i/axi_mem_intercon/s04_couplers/auto_ds/inst/gen_downsizer.gen_simple_downsizer.axi_downsizer_inst/USE_READ.read_addr_inst/cmd_queue/inst/fifo_gen_inst/inst_fifo_gen/gconvfifo.rf/grf.rf/rstblk/ngwrdrst.grst.g7serrst.gnsckt_wrst.gcc_rst.sckt_wr_rst_cc_reg[0]/C
                            (rising edge-triggered cell FDRE clocked by clk_pl_0  {rise@0.000ns fall@1.666ns period=3.333ns})
  Destination:            bnn_top_i/axi_mem_intercon/s04_couplers/auto_ds/inst/gen_downsizer.gen_simple_downsizer.axi_downsizer_inst/USE_READ.read_addr_inst/cmd_queue/inst/fifo_gen_inst/inst_fifo_gen/gconvfifo.rf/grf.rf/gntv_or_sync_fifo.gl0.wr/wpntr/gcc0.gc0.count_reg[4]/CLR
                            (recovery check against rising-edge clock clk_pl_0  {rise@0.000ns fall@1.666ns period=3.333ns})
  Path Group:             **async_default**
  Path Type:              Recovery (Max at Slow Process Corner)
  Requirement:            3.333ns  (clk_pl_0 rise@3.333ns - clk_pl_0 rise@0.000ns)
  Data Path Delay:        1.417ns  (logic 0.203ns (14.330%)  route 1.214ns (85.670%))
  Logic Levels:           1  (LUT3=1)
  Clock Path Skew:        -0.069ns (DCD - SCD + CPR)
    Destination Clock Delay (DCD):    1.603ns = ( 4.936 - 3.333 ) 
    Source Clock Delay      (SCD):    1.824ns
    Clock Pessimism Removal (CPR):    0.152ns
  Clock Uncertainty:      0.104ns  ((TSJ^2 + DJ^2)^1/2) / 2 + PE
    Total System Jitter     (TSJ):    0.071ns
    Discrete Jitter          (DJ):    0.195ns
    Phase Error              (PE):    0.000ns
  Clock Net Delay (Source):      1.625ns (routing 0.786ns, distribution 0.839ns)
  Clock Net Delay (Destination): 1.443ns (routing 0.709ns, distribution 0.734ns)

    Location             Delay type                Incr(ns)  Path(ns)    Netlist Resource(s)
  -------------------------------------------------------------------    -------------------
                         (clock clk_pl_0 rise edge)
                                                      0.000     0.000 r  
    PS8_X0Y0             PS8                          0.000     0.000 r  bnn_top_i/zynq_ultra_ps_e_0/inst/PS8_i/PLCLK[0]
                         net (fo=1, routed)           0.171     0.171    bnn_top_i/zynq_ultra_ps_e_0/inst/pl_clk_unbuffered[0]
    BUFG_PS_X0Y58        BUFG_PS (Prop_BUFG_PS_I_O)
                                                      0.028     0.199 r  bnn_top_i/zynq_ultra_ps_e_0/inst/buffer_pl_clk_0.PL_CLK_0_BUFG/O
    X0Y0 (CLOCK_ROOT)    net (fo=20970, routed)       1.625     1.824    bnn_top_i/axi_mem_intercon/s04_couplers/auto_ds/inst/gen_downsizer.gen_simple_downsizer.axi_downsizer_inst/USE_READ.read_addr_inst/cmd_queue/inst/fifo_gen_inst/inst_fifo_gen/gconvfifo.rf/grf.rf/rstblk/clk
    SLICE_X15Y43         FDRE                                         r  bnn_top_i/axi_mem_intercon/s04_couplers/auto_ds/inst/gen_downsizer.gen_simple_downsizer.axi_downsizer_inst/USE_READ.read_addr_inst/cmd_queue/inst/fifo_gen_inst/inst_fifo_gen/gconvfifo.rf/grf.rf/rstblk/ngwrdrst.grst.g7serrst.gnsckt_wrst.gcc_rst.sckt_wr_rst_cc_reg[0]/C
  -------------------------------------------------------------------    -------------------
    SLICE_X15Y43         FDRE (Prop_HFF2_SLICEL_C_Q)
                                                      0.080     1.904 f  bnn_top_i/axi_mem_intercon/s04_couplers/auto_ds/inst/gen_downsizer.gen_simple_downsizer.axi_downsizer_inst/USE_READ.read_addr_inst/cmd_queue/inst/fifo_gen_inst/inst_fifo_gen/gconvfifo.rf/grf.rf/rstblk/ngwrdrst.grst.g7serrst.gnsckt_wrst.gcc_rst.sckt_wr_rst_cc_reg[0]/Q
                         net (fo=3, routed)           0.402     2.306    bnn_top_i/axi_mem_intercon/s04_couplers/auto_ds/inst/gen_downsizer.gen_simple_downsizer.axi_downsizer_inst/USE_READ.read_addr_inst/cmd_queue/inst/fifo_gen_inst/inst_fifo_gen/gconvfifo.rf/grf.rf/rstblk/ngwrdrst.grst.g7serrst.gnsckt_wrst.gcc_rst.sckt_wr_rst_cc[0]
    SLICE_X15Y43         LUT3 (Prop_E6LUT_SLICEL_I1_O)
                                                      0.123     2.429 f  bnn_top_i/axi_mem_intercon/s04_couplers/auto_ds/inst/gen_downsizer.gen_simple_downsizer.axi_downsizer_inst/USE_READ.read_addr_inst/cmd_queue/inst/fifo_gen_inst/inst_fifo_gen/gconvfifo.rf/grf.rf/rstblk/gpregsm1.curr_fwft_state[1]_i_2/O
                         net (fo=32, routed)          0.812     3.241    bnn_top_i/axi_mem_intercon/s04_couplers/auto_ds/inst/gen_downsizer.gen_simple_downsizer.axi_downsizer_inst/USE_READ.read_addr_inst/cmd_queue/inst/fifo_gen_inst/inst_fifo_gen/gconvfifo.rf/grf.rf/gntv_or_sync_fifo.gl0.wr/wpntr/AR[0]
    SLICE_X18Y46         FDCE                                         f  bnn_top_i/axi_mem_intercon/s04_couplers/auto_ds/inst/gen_downsizer.gen_simple_downsizer.axi_downsizer_inst/USE_READ.read_addr_inst/cmd_queue/inst/fifo_gen_inst/inst_fifo_gen/gconvfifo.rf/grf.rf/gntv_or_sync_fifo.gl0.wr/wpntr/gcc0.gc0.count_reg[4]/CLR
  -------------------------------------------------------------------    -------------------

                         (clock clk_pl_0 rise edge)
                                                      3.333     3.333 r  
    PS8_X0Y0             PS8                          0.000     3.333 r  bnn_top_i/zynq_ultra_ps_e_0/inst/PS8_i/PLCLK[0]
                         net (fo=1, routed)           0.135     3.468    bnn_top_i/zynq_ultra_ps_e_0/inst/pl_clk_unbuffered[0]
    BUFG_PS_X0Y58        BUFG_PS (Prop_BUFG_PS_I_O)
                                                      0.025     3.493 r  bnn_top_i/zynq_ultra_ps_e_0/inst/buffer_pl_clk_0.PL_CLK_0_BUFG/O
    X0Y0 (CLOCK_ROOT)    net (fo=20970, routed)       1.443     4.936    bnn_top_i/axi_mem_intercon/s04_couplers/auto_ds/inst/gen_downsizer.gen_simple_downsizer.axi_downsizer_inst/USE_READ.read_addr_inst/cmd_queue/inst/fifo_gen_inst/inst_fifo_gen/gconvfifo.rf/grf.rf/gntv_or_sync_fifo.gl0.wr/wpntr/clk
    SLICE_X18Y46         FDCE                                         r  bnn_top_i/axi_mem_intercon/s04_couplers/auto_ds/inst/gen_downsizer.gen_simple_downsizer.axi_downsizer_inst/USE_READ.read_addr_inst/cmd_queue/inst/fifo_gen_inst/inst_fifo_gen/gconvfifo.rf/grf.rf/gntv_or_sync_fifo.gl0.wr/wpntr/gcc0.gc0.count_reg[4]/C
                         clock pessimism              0.152     5.088    
                         clock uncertainty           -0.104     4.985    
    SLICE_X18Y46         FDCE (Recov_CFF2_SLICEL_C_CLR)
                                                     -0.066     4.919    bnn_top_i/axi_mem_intercon/s04_couplers/auto_ds/inst/gen_downsizer.gen_simple_downsizer.axi_downsizer_inst/USE_READ.read_addr_inst/cmd_queue/inst/fifo_gen_inst/inst_fifo_gen/gconvfifo.rf/grf.rf/gntv_or_sync_fifo.gl0.wr/wpntr/gcc0.gc0.count_reg[4]
  -------------------------------------------------------------------
                         required time                          4.919    
                         arrival time                          -3.241    
  -------------------------------------------------------------------
                         slack                                  1.678    

Slack (MET) :             1.680ns  (required time - arrival time)
  Source:                 bnn_top_i/axi_mem_intercon/s04_couplers/auto_ds/inst/gen_downsizer.gen_simple_downsizer.axi_downsizer_inst/USE_READ.read_addr_inst/cmd_queue/inst/fifo_gen_inst/inst_fifo_gen/gconvfifo.rf/grf.rf/rstblk/ngwrdrst.grst.g7serrst.gnsckt_wrst.gcc_rst.sckt_wr_rst_cc_reg[0]/C
                            (rising edge-triggered cell FDRE clocked by clk_pl_0  {rise@0.000ns fall@1.666ns period=3.333ns})
  Destination:            bnn_top_i/axi_mem_intercon/s04_couplers/auto_ds/inst/gen_downsizer.gen_simple_downsizer.axi_downsizer_inst/USE_READ.read_addr_inst/cmd_queue/inst/fifo_gen_inst/inst_fifo_gen/gconvfifo.rf/grf.rf/gntv_or_sync_fifo.gl0.wr/wpntr/gcc0.gc0.count_d1_reg[0]/CLR
                            (recovery check against rising-edge clock clk_pl_0  {rise@0.000ns fall@1.666ns period=3.333ns})
  Path Group:             **async_default**
  Path Type:              Recovery (Max at Slow Process Corner)
  Requirement:            3.333ns  (clk_pl_0 rise@3.333ns - clk_pl_0 rise@0.000ns)
  Data Path Delay:        1.404ns  (logic 0.203ns (14.458%)  route 1.201ns (85.542%))
  Logic Levels:           1  (LUT3=1)
  Clock Path Skew:        -0.079ns (DCD - SCD + CPR)
    Destination Clock Delay (DCD):    1.593ns = ( 4.926 - 3.333 ) 
    Source Clock Delay      (SCD):    1.824ns
    Clock Pessimism Removal (CPR):    0.152ns
  Clock Uncertainty:      0.104ns  ((TSJ^2 + DJ^2)^1/2) / 2 + PE
    Total System Jitter     (TSJ):    0.071ns
    Discrete Jitter          (DJ):    0.195ns
    Phase Error              (PE):    0.000ns
  Clock Net Delay (Source):      1.625ns (routing 0.786ns, distribution 0.839ns)
  Clock Net Delay (Destination): 1.433ns (routing 0.709ns, distribution 0.724ns)

    Location             Delay type                Incr(ns)  Path(ns)    Netlist Resource(s)
  -------------------------------------------------------------------    -------------------
                         (clock clk_pl_0 rise edge)
                                                      0.000     0.000 r  
    PS8_X0Y0             PS8                          0.000     0.000 r  bnn_top_i/zynq_ultra_ps_e_0/inst/PS8_i/PLCLK[0]
                         net (fo=1, routed)           0.171     0.171    bnn_top_i/zynq_ultra_ps_e_0/inst/pl_clk_unbuffered[0]
    BUFG_PS_X0Y58        BUFG_PS (Prop_BUFG_PS_I_O)
                                                      0.028     0.199 r  bnn_top_i/zynq_ultra_ps_e_0/inst/buffer_pl_clk_0.PL_CLK_0_BUFG/O
    X0Y0 (CLOCK_ROOT)    net (fo=20970, routed)       1.625     1.824    bnn_top_i/axi_mem_intercon/s04_couplers/auto_ds/inst/gen_downsizer.gen_simple_downsizer.axi_downsizer_inst/USE_READ.read_addr_inst/cmd_queue/inst/fifo_gen_inst/inst_fifo_gen/gconvfifo.rf/grf.rf/rstblk/clk
    SLICE_X15Y43         FDRE                                         r  bnn_top_i/axi_mem_intercon/s04_couplers/auto_ds/inst/gen_downsizer.gen_simple_downsizer.axi_downsizer_inst/USE_READ.read_addr_inst/cmd_queue/inst/fifo_gen_inst/inst_fifo_gen/gconvfifo.rf/grf.rf/rstblk/ngwrdrst.grst.g7serrst.gnsckt_wrst.gcc_rst.sckt_wr_rst_cc_reg[0]/C
  -------------------------------------------------------------------    -------------------
    SLICE_X15Y43         FDRE (Prop_HFF2_SLICEL_C_Q)
                                                      0.080     1.904 f  bnn_top_i/axi_mem_intercon/s04_couplers/auto_ds/inst/gen_downsizer.gen_simple_downsizer.axi_downsizer_inst/USE_READ.read_addr_inst/cmd_queue/inst/fifo_gen_inst/inst_fifo_gen/gconvfifo.rf/grf.rf/rstblk/ngwrdrst.grst.g7serrst.gnsckt_wrst.gcc_rst.sckt_wr_rst_cc_reg[0]/Q
                         net (fo=3, routed)           0.402     2.306    bnn_top_i/axi_mem_intercon/s04_couplers/auto_ds/inst/gen_downsizer.gen_simple_downsizer.axi_downsizer_inst/USE_READ.read_addr_inst/cmd_queue/inst/fifo_gen_inst/inst_fifo_gen/gconvfifo.rf/grf.rf/rstblk/ngwrdrst.grst.g7serrst.gnsckt_wrst.gcc_rst.sckt_wr_rst_cc[0]
    SLICE_X15Y43         LUT3 (Prop_E6LUT_SLICEL_I1_O)
                                                      0.123     2.429 f  bnn_top_i/axi_mem_intercon/s04_couplers/auto_ds/inst/gen_downsizer.gen_simple_downsizer.axi_downsizer_inst/USE_READ.read_addr_inst/cmd_queue/inst/fifo_gen_inst/inst_fifo_gen/gconvfifo.rf/grf.rf/rstblk/gpregsm1.curr_fwft_state[1]_i_2/O
                         net (fo=32, routed)          0.799     3.228    bnn_top_i/axi_mem_intercon/s04_couplers/auto_ds/inst/gen_downsizer.gen_simple_downsizer.axi_downsizer_inst/USE_READ.read_addr_inst/cmd_queue/inst/fifo_gen_inst/inst_fifo_gen/gconvfifo.rf/grf.rf/gntv_or_sync_fifo.gl0.wr/wpntr/AR[0]
    SLICE_X18Y45         FDCE                                         f  bnn_top_i/axi_mem_intercon/s04_couplers/auto_ds/inst/gen_downsizer.gen_simple_downsizer.axi_downsizer_inst/USE_READ.read_addr_inst/cmd_queue/inst/fifo_gen_inst/inst_fifo_gen/gconvfifo.rf/grf.rf/gntv_or_sync_fifo.gl0.wr/wpntr/gcc0.gc0.count_d1_reg[0]/CLR
  -------------------------------------------------------------------    -------------------

                         (clock clk_pl_0 rise edge)
                                                      3.333     3.333 r  
    PS8_X0Y0             PS8                          0.000     3.333 r  bnn_top_i/zynq_ultra_ps_e_0/inst/PS8_i/PLCLK[0]
                         net (fo=1, routed)           0.135     3.468    bnn_top_i/zynq_ultra_ps_e_0/inst/pl_clk_unbuffered[0]
    BUFG_PS_X0Y58        BUFG_PS (Prop_BUFG_PS_I_O)
                                                      0.025     3.493 r  bnn_top_i/zynq_ultra_ps_e_0/inst/buffer_pl_clk_0.PL_CLK_0_BUFG/O
    X0Y0 (CLOCK_ROOT)    net (fo=20970, routed)       1.433     4.926    bnn_top_i/axi_mem_intercon/s04_couplers/auto_ds/inst/gen_downsizer.gen_simple_downsizer.axi_downsizer_inst/USE_READ.read_addr_inst/cmd_queue/inst/fifo_gen_inst/inst_fifo_gen/gconvfifo.rf/grf.rf/gntv_or_sync_fifo.gl0.wr/wpntr/clk
    SLICE_X18Y45         FDCE                                         r  bnn_top_i/axi_mem_intercon/s04_couplers/auto_ds/inst/gen_downsizer.gen_simple_downsizer.axi_downsizer_inst/USE_READ.read_addr_inst/cmd_queue/inst/fifo_gen_inst/inst_fifo_gen/gconvfifo.rf/grf.rf/gntv_or_sync_fifo.gl0.wr/wpntr/gcc0.gc0.count_d1_reg[0]/C
                         clock pessimism              0.152     5.078    
                         clock uncertainty           -0.104     4.974    
    SLICE_X18Y45         FDCE (Recov_AFF_SLICEL_C_CLR)
                                                     -0.066     4.908    bnn_top_i/axi_mem_intercon/s04_couplers/auto_ds/inst/gen_downsizer.gen_simple_downsizer.axi_downsizer_inst/USE_READ.read_addr_inst/cmd_queue/inst/fifo_gen_inst/inst_fifo_gen/gconvfifo.rf/grf.rf/gntv_or_sync_fifo.gl0.wr/wpntr/gcc0.gc0.count_d1_reg[0]
  -------------------------------------------------------------------
                         required time                          4.908    
                         arrival time                          -3.228    
  -------------------------------------------------------------------
                         slack                                  1.680    

Slack (MET) :             1.681ns  (required time - arrival time)
  Source:                 bnn_top_i/axi_mem_intercon/s04_couplers/auto_ds/inst/gen_downsizer.gen_simple_downsizer.axi_downsizer_inst/USE_READ.read_addr_inst/cmd_queue/inst/fifo_gen_inst/inst_fifo_gen/gconvfifo.rf/grf.rf/rstblk/ngwrdrst.grst.g7serrst.gnsckt_wrst.gcc_rst.sckt_wr_rst_cc_reg[0]/C
                            (rising edge-triggered cell FDRE clocked by clk_pl_0  {rise@0.000ns fall@1.666ns period=3.333ns})
  Destination:            bnn_top_i/axi_mem_intercon/s04_couplers/auto_ds/inst/gen_downsizer.gen_simple_downsizer.axi_downsizer_inst/USE_READ.read_addr_inst/cmd_queue/inst/fifo_gen_inst/inst_fifo_gen/gconvfifo.rf/grf.rf/gntv_or_sync_fifo.gl0.wr/gwss.wsts/ram_full_fb_i_reg/CLR
                            (recovery check against rising-edge clock clk_pl_0  {rise@0.000ns fall@1.666ns period=3.333ns})
  Path Group:             **async_default**
  Path Type:              Recovery (Max at Slow Process Corner)
  Requirement:            3.333ns  (clk_pl_0 rise@3.333ns - clk_pl_0 rise@0.000ns)
  Data Path Delay:        1.416ns  (logic 0.203ns (14.340%)  route 1.213ns (85.660%))
  Logic Levels:           1  (LUT3=1)
  Clock Path Skew:        -0.067ns (DCD - SCD + CPR)
    Destination Clock Delay (DCD):    1.605ns = ( 4.938 - 3.333 ) 
    Source Clock Delay      (SCD):    1.824ns
    Clock Pessimism Removal (CPR):    0.152ns
  Clock Uncertainty:      0.104ns  ((TSJ^2 + DJ^2)^1/2) / 2 + PE
    Total System Jitter     (TSJ):    0.071ns
    Discrete Jitter          (DJ):    0.195ns
    Phase Error              (PE):    0.000ns
  Clock Net Delay (Source):      1.625ns (routing 0.786ns, distribution 0.839ns)
  Clock Net Delay (Destination): 1.445ns (routing 0.709ns, distribution 0.736ns)

    Location             Delay type                Incr(ns)  Path(ns)    Netlist Resource(s)
  -------------------------------------------------------------------    -------------------
                         (clock clk_pl_0 rise edge)
                                                      0.000     0.000 r  
    PS8_X0Y0             PS8                          0.000     0.000 r  bnn_top_i/zynq_ultra_ps_e_0/inst/PS8_i/PLCLK[0]
                         net (fo=1, routed)           0.171     0.171    bnn_top_i/zynq_ultra_ps_e_0/inst/pl_clk_unbuffered[0]
    BUFG_PS_X0Y58        BUFG_PS (Prop_BUFG_PS_I_O)
                                                      0.028     0.199 r  bnn_top_i/zynq_ultra_ps_e_0/inst/buffer_pl_clk_0.PL_CLK_0_BUFG/O
    X0Y0 (CLOCK_ROOT)    net (fo=20970, routed)       1.625     1.824    bnn_top_i/axi_mem_intercon/s04_couplers/auto_ds/inst/gen_downsizer.gen_simple_downsizer.axi_downsizer_inst/USE_READ.read_addr_inst/cmd_queue/inst/fifo_gen_inst/inst_fifo_gen/gconvfifo.rf/grf.rf/rstblk/clk
    SLICE_X15Y43         FDRE                                         r  bnn_top_i/axi_mem_intercon/s04_couplers/auto_ds/inst/gen_downsizer.gen_simple_downsizer.axi_downsizer_inst/USE_READ.read_addr_inst/cmd_queue/inst/fifo_gen_inst/inst_fifo_gen/gconvfifo.rf/grf.rf/rstblk/ngwrdrst.grst.g7serrst.gnsckt_wrst.gcc_rst.sckt_wr_rst_cc_reg[0]/C
  -------------------------------------------------------------------    -------------------
    SLICE_X15Y43         FDRE (Prop_HFF2_SLICEL_C_Q)
                                                      0.080     1.904 f  bnn_top_i/axi_mem_intercon/s04_couplers/auto_ds/inst/gen_downsizer.gen_simple_downsizer.axi_downsizer_inst/USE_READ.read_addr_inst/cmd_queue/inst/fifo_gen_inst/inst_fifo_gen/gconvfifo.rf/grf.rf/rstblk/ngwrdrst.grst.g7serrst.gnsckt_wrst.gcc_rst.sckt_wr_rst_cc_reg[0]/Q
                         net (fo=3, routed)           0.402     2.306    bnn_top_i/axi_mem_intercon/s04_couplers/auto_ds/inst/gen_downsizer.gen_simple_downsizer.axi_downsizer_inst/USE_READ.read_addr_inst/cmd_queue/inst/fifo_gen_inst/inst_fifo_gen/gconvfifo.rf/grf.rf/rstblk/ngwrdrst.grst.g7serrst.gnsckt_wrst.gcc_rst.sckt_wr_rst_cc[0]
    SLICE_X15Y43         LUT3 (Prop_E6LUT_SLICEL_I1_O)
                                                      0.123     2.429 f  bnn_top_i/axi_mem_intercon/s04_couplers/auto_ds/inst/gen_downsizer.gen_simple_downsizer.axi_downsizer_inst/USE_READ.read_addr_inst/cmd_queue/inst/fifo_gen_inst/inst_fifo_gen/gconvfifo.rf/grf.rf/rstblk/gpregsm1.curr_fwft_state[1]_i_2/O
                         net (fo=32, routed)          0.811     3.240    bnn_top_i/axi_mem_intercon/s04_couplers/auto_ds/inst/gen_downsizer.gen_simple_downsizer.axi_downsizer_inst/USE_READ.read_addr_inst/cmd_queue/inst/fifo_gen_inst/inst_fifo_gen/gconvfifo.rf/grf.rf/gntv_or_sync_fifo.gl0.wr/gwss.wsts/AR[0]
    SLICE_X18Y46         FDCE                                         f  bnn_top_i/axi_mem_intercon/s04_couplers/auto_ds/inst/gen_downsizer.gen_simple_downsizer.axi_downsizer_inst/USE_READ.read_addr_inst/cmd_queue/inst/fifo_gen_inst/inst_fifo_gen/gconvfifo.rf/grf.rf/gntv_or_sync_fifo.gl0.wr/gwss.wsts/ram_full_fb_i_reg/CLR
  -------------------------------------------------------------------    -------------------

                         (clock clk_pl_0 rise edge)
                                                      3.333     3.333 r  
    PS8_X0Y0             PS8                          0.000     3.333 r  bnn_top_i/zynq_ultra_ps_e_0/inst/PS8_i/PLCLK[0]
                         net (fo=1, routed)           0.135     3.468    bnn_top_i/zynq_ultra_ps_e_0/inst/pl_clk_unbuffered[0]
    BUFG_PS_X0Y58        BUFG_PS (Prop_BUFG_PS_I_O)
                                                      0.025     3.493 r  bnn_top_i/zynq_ultra_ps_e_0/inst/buffer_pl_clk_0.PL_CLK_0_BUFG/O
    X0Y0 (CLOCK_ROOT)    net (fo=20970, routed)       1.445     4.938    bnn_top_i/axi_mem_intercon/s04_couplers/auto_ds/inst/gen_downsizer.gen_simple_downsizer.axi_downsizer_inst/USE_READ.read_addr_inst/cmd_queue/inst/fifo_gen_inst/inst_fifo_gen/gconvfifo.rf/grf.rf/gntv_or_sync_fifo.gl0.wr/gwss.wsts/clk
    SLICE_X18Y46         FDCE                                         r  bnn_top_i/axi_mem_intercon/s04_couplers/auto_ds/inst/gen_downsizer.gen_simple_downsizer.axi_downsizer_inst/USE_READ.read_addr_inst/cmd_queue/inst/fifo_gen_inst/inst_fifo_gen/gconvfifo.rf/grf.rf/gntv_or_sync_fifo.gl0.wr/gwss.wsts/ram_full_fb_i_reg/C
                         clock pessimism              0.152     5.090    
                         clock uncertainty           -0.104     4.987    
    SLICE_X18Y46         FDCE (Recov_HFF2_SLICEL_C_CLR)
                                                     -0.066     4.921    bnn_top_i/axi_mem_intercon/s04_couplers/auto_ds/inst/gen_downsizer.gen_simple_downsizer.axi_downsizer_inst/USE_READ.read_addr_inst/cmd_queue/inst/fifo_gen_inst/inst_fifo_gen/gconvfifo.rf/grf.rf/gntv_or_sync_fifo.gl0.wr/gwss.wsts/ram_full_fb_i_reg
  -------------------------------------------------------------------
                         required time                          4.921    
                         arrival time                          -3.240    
  -------------------------------------------------------------------
                         slack                                  1.681    

Slack (MET) :             1.681ns  (required time - arrival time)
  Source:                 bnn_top_i/axi_mem_intercon/s04_couplers/auto_ds/inst/gen_downsizer.gen_simple_downsizer.axi_downsizer_inst/USE_READ.read_addr_inst/cmd_queue/inst/fifo_gen_inst/inst_fifo_gen/gconvfifo.rf/grf.rf/rstblk/ngwrdrst.grst.g7serrst.gnsckt_wrst.gcc_rst.sckt_wr_rst_cc_reg[0]/C
                            (rising edge-triggered cell FDRE clocked by clk_pl_0  {rise@0.000ns fall@1.666ns period=3.333ns})
  Destination:            bnn_top_i/axi_mem_intercon/s04_couplers/auto_ds/inst/gen_downsizer.gen_simple_downsizer.axi_downsizer_inst/USE_READ.read_addr_inst/cmd_queue/inst/fifo_gen_inst/inst_fifo_gen/gconvfifo.rf/grf.rf/gntv_or_sync_fifo.gl0.wr/gwss.wsts/ram_full_i_reg/CLR
                            (recovery check against rising-edge clock clk_pl_0  {rise@0.000ns fall@1.666ns period=3.333ns})
  Path Group:             **async_default**
  Path Type:              Recovery (Max at Slow Process Corner)
  Requirement:            3.333ns  (clk_pl_0 rise@3.333ns - clk_pl_0 rise@0.000ns)
  Data Path Delay:        1.416ns  (logic 0.203ns (14.340%)  route 1.213ns (85.660%))
  Logic Levels:           1  (LUT3=1)
  Clock Path Skew:        -0.067ns (DCD - SCD + CPR)
    Destination Clock Delay (DCD):    1.605ns = ( 4.938 - 3.333 ) 
    Source Clock Delay      (SCD):    1.824ns
    Clock Pessimism Removal (CPR):    0.152ns
  Clock Uncertainty:      0.104ns  ((TSJ^2 + DJ^2)^1/2) / 2 + PE
    Total System Jitter     (TSJ):    0.071ns
    Discrete Jitter          (DJ):    0.195ns
    Phase Error              (PE):    0.000ns
  Clock Net Delay (Source):      1.625ns (routing 0.786ns, distribution 0.839ns)
  Clock Net Delay (Destination): 1.445ns (routing 0.709ns, distribution 0.736ns)

    Location             Delay type                Incr(ns)  Path(ns)    Netlist Resource(s)
  -------------------------------------------------------------------    -------------------
                         (clock clk_pl_0 rise edge)
                                                      0.000     0.000 r  
    PS8_X0Y0             PS8                          0.000     0.000 r  bnn_top_i/zynq_ultra_ps_e_0/inst/PS8_i/PLCLK[0]
                         net (fo=1, routed)           0.171     0.171    bnn_top_i/zynq_ultra_ps_e_0/inst/pl_clk_unbuffered[0]
    BUFG_PS_X0Y58        BUFG_PS (Prop_BUFG_PS_I_O)
                                                      0.028     0.199 r  bnn_top_i/zynq_ultra_ps_e_0/inst/buffer_pl_clk_0.PL_CLK_0_BUFG/O
    X0Y0 (CLOCK_ROOT)    net (fo=20970, routed)       1.625     1.824    bnn_top_i/axi_mem_intercon/s04_couplers/auto_ds/inst/gen_downsizer.gen_simple_downsizer.axi_downsizer_inst/USE_READ.read_addr_inst/cmd_queue/inst/fifo_gen_inst/inst_fifo_gen/gconvfifo.rf/grf.rf/rstblk/clk
    SLICE_X15Y43         FDRE                                         r  bnn_top_i/axi_mem_intercon/s04_couplers/auto_ds/inst/gen_downsizer.gen_simple_downsizer.axi_downsizer_inst/USE_READ.read_addr_inst/cmd_queue/inst/fifo_gen_inst/inst_fifo_gen/gconvfifo.rf/grf.rf/rstblk/ngwrdrst.grst.g7serrst.gnsckt_wrst.gcc_rst.sckt_wr_rst_cc_reg[0]/C
  -------------------------------------------------------------------    -------------------
    SLICE_X15Y43         FDRE (Prop_HFF2_SLICEL_C_Q)
                                                      0.080     1.904 f  bnn_top_i/axi_mem_intercon/s04_couplers/auto_ds/inst/gen_downsizer.gen_simple_downsizer.axi_downsizer_inst/USE_READ.read_addr_inst/cmd_queue/inst/fifo_gen_inst/inst_fifo_gen/gconvfifo.rf/grf.rf/rstblk/ngwrdrst.grst.g7serrst.gnsckt_wrst.gcc_rst.sckt_wr_rst_cc_reg[0]/Q
                         net (fo=3, routed)           0.402     2.306    bnn_top_i/axi_mem_intercon/s04_couplers/auto_ds/inst/gen_downsizer.gen_simple_downsizer.axi_downsizer_inst/USE_READ.read_addr_inst/cmd_queue/inst/fifo_gen_inst/inst_fifo_gen/gconvfifo.rf/grf.rf/rstblk/ngwrdrst.grst.g7serrst.gnsckt_wrst.gcc_rst.sckt_wr_rst_cc[0]
    SLICE_X15Y43         LUT3 (Prop_E6LUT_SLICEL_I1_O)
                                                      0.123     2.429 f  bnn_top_i/axi_mem_intercon/s04_couplers/auto_ds/inst/gen_downsizer.gen_simple_downsizer.axi_downsizer_inst/USE_READ.read_addr_inst/cmd_queue/inst/fifo_gen_inst/inst_fifo_gen/gconvfifo.rf/grf.rf/rstblk/gpregsm1.curr_fwft_state[1]_i_2/O
                         net (fo=32, routed)          0.811     3.240    bnn_top_i/axi_mem_intercon/s04_couplers/auto_ds/inst/gen_downsizer.gen_simple_downsizer.axi_downsizer_inst/USE_READ.read_addr_inst/cmd_queue/inst/fifo_gen_inst/inst_fifo_gen/gconvfifo.rf/grf.rf/gntv_or_sync_fifo.gl0.wr/gwss.wsts/AR[0]
    SLICE_X18Y46         FDCE                                         f  bnn_top_i/axi_mem_intercon/s04_couplers/auto_ds/inst/gen_downsizer.gen_simple_downsizer.axi_downsizer_inst/USE_READ.read_addr_inst/cmd_queue/inst/fifo_gen_inst/inst_fifo_gen/gconvfifo.rf/grf.rf/gntv_or_sync_fifo.gl0.wr/gwss.wsts/ram_full_i_reg/CLR
  -------------------------------------------------------------------    -------------------

                         (clock clk_pl_0 rise edge)
                                                      3.333     3.333 r  
    PS8_X0Y0             PS8                          0.000     3.333 r  bnn_top_i/zynq_ultra_ps_e_0/inst/PS8_i/PLCLK[0]
                         net (fo=1, routed)           0.135     3.468    bnn_top_i/zynq_ultra_ps_e_0/inst/pl_clk_unbuffered[0]
    BUFG_PS_X0Y58        BUFG_PS (Prop_BUFG_PS_I_O)
                                                      0.025     3.493 r  bnn_top_i/zynq_ultra_ps_e_0/inst/buffer_pl_clk_0.PL_CLK_0_BUFG/O
    X0Y0 (CLOCK_ROOT)    net (fo=20970, routed)       1.445     4.938    bnn_top_i/axi_mem_intercon/s04_couplers/auto_ds/inst/gen_downsizer.gen_simple_downsizer.axi_downsizer_inst/USE_READ.read_addr_inst/cmd_queue/inst/fifo_gen_inst/inst_fifo_gen/gconvfifo.rf/grf.rf/gntv_or_sync_fifo.gl0.wr/gwss.wsts/clk
    SLICE_X18Y46         FDCE                                         r  bnn_top_i/axi_mem_intercon/s04_couplers/auto_ds/inst/gen_downsizer.gen_simple_downsizer.axi_downsizer_inst/USE_READ.read_addr_inst/cmd_queue/inst/fifo_gen_inst/inst_fifo_gen/gconvfifo.rf/grf.rf/gntv_or_sync_fifo.gl0.wr/gwss.wsts/ram_full_i_reg/C
                         clock pessimism              0.152     5.090    
                         clock uncertainty           -0.104     4.987    
    SLICE_X18Y46         FDCE (Recov_GFF2_SLICEL_C_CLR)
                                                     -0.066     4.921    bnn_top_i/axi_mem_intercon/s04_couplers/auto_ds/inst/gen_downsizer.gen_simple_downsizer.axi_downsizer_inst/USE_READ.read_addr_inst/cmd_queue/inst/fifo_gen_inst/inst_fifo_gen/gconvfifo.rf/grf.rf/gntv_or_sync_fifo.gl0.wr/gwss.wsts/ram_full_i_reg
  -------------------------------------------------------------------
                         required time                          4.921    
                         arrival time                          -3.240    
  -------------------------------------------------------------------
                         slack                                  1.681    

Slack (MET) :             1.681ns  (required time - arrival time)
  Source:                 bnn_top_i/axi_mem_intercon/s04_couplers/auto_ds/inst/gen_downsizer.gen_simple_downsizer.axi_downsizer_inst/USE_READ.read_addr_inst/cmd_queue/inst/fifo_gen_inst/inst_fifo_gen/gconvfifo.rf/grf.rf/rstblk/ngwrdrst.grst.g7serrst.gnsckt_wrst.gcc_rst.sckt_wr_rst_cc_reg[0]/C
                            (rising edge-triggered cell FDRE clocked by clk_pl_0  {rise@0.000ns fall@1.666ns period=3.333ns})
  Destination:            bnn_top_i/axi_mem_intercon/s04_couplers/auto_ds/inst/gen_downsizer.gen_simple_downsizer.axi_downsizer_inst/USE_READ.read_addr_inst/cmd_queue/inst/fifo_gen_inst/inst_fifo_gen/gconvfifo.rf/grf.rf/gntv_or_sync_fifo.gl0.wr/wpntr/gcc0.gc0.count_d1_reg[2]/CLR
                            (recovery check against rising-edge clock clk_pl_0  {rise@0.000ns fall@1.666ns period=3.333ns})
  Path Group:             **async_default**
  Path Type:              Recovery (Max at Slow Process Corner)
  Requirement:            3.333ns  (clk_pl_0 rise@3.333ns - clk_pl_0 rise@0.000ns)
  Data Path Delay:        1.416ns  (logic 0.203ns (14.340%)  route 1.213ns (85.660%))
  Logic Levels:           1  (LUT3=1)
  Clock Path Skew:        -0.067ns (DCD - SCD + CPR)
    Destination Clock Delay (DCD):    1.605ns = ( 4.938 - 3.333 ) 
    Source Clock Delay      (SCD):    1.824ns
    Clock Pessimism Removal (CPR):    0.152ns
  Clock Uncertainty:      0.104ns  ((TSJ^2 + DJ^2)^1/2) / 2 + PE
    Total System Jitter     (TSJ):    0.071ns
    Discrete Jitter          (DJ):    0.195ns
    Phase Error              (PE):    0.000ns
  Clock Net Delay (Source):      1.625ns (routing 0.786ns, distribution 0.839ns)
  Clock Net Delay (Destination): 1.445ns (routing 0.709ns, distribution 0.736ns)

    Location             Delay type                Incr(ns)  Path(ns)    Netlist Resource(s)
  -------------------------------------------------------------------    -------------------
                         (clock clk_pl_0 rise edge)
                                                      0.000     0.000 r  
    PS8_X0Y0             PS8                          0.000     0.000 r  bnn_top_i/zynq_ultra_ps_e_0/inst/PS8_i/PLCLK[0]
                         net (fo=1, routed)           0.171     0.171    bnn_top_i/zynq_ultra_ps_e_0/inst/pl_clk_unbuffered[0]
    BUFG_PS_X0Y58        BUFG_PS (Prop_BUFG_PS_I_O)
                                                      0.028     0.199 r  bnn_top_i/zynq_ultra_ps_e_0/inst/buffer_pl_clk_0.PL_CLK_0_BUFG/O
    X0Y0 (CLOCK_ROOT)    net (fo=20970, routed)       1.625     1.824    bnn_top_i/axi_mem_intercon/s04_couplers/auto_ds/inst/gen_downsizer.gen_simple_downsizer.axi_downsizer_inst/USE_READ.read_addr_inst/cmd_queue/inst/fifo_gen_inst/inst_fifo_gen/gconvfifo.rf/grf.rf/rstblk/clk
    SLICE_X15Y43         FDRE                                         r  bnn_top_i/axi_mem_intercon/s04_couplers/auto_ds/inst/gen_downsizer.gen_simple_downsizer.axi_downsizer_inst/USE_READ.read_addr_inst/cmd_queue/inst/fifo_gen_inst/inst_fifo_gen/gconvfifo.rf/grf.rf/rstblk/ngwrdrst.grst.g7serrst.gnsckt_wrst.gcc_rst.sckt_wr_rst_cc_reg[0]/C
  -------------------------------------------------------------------    -------------------
    SLICE_X15Y43         FDRE (Prop_HFF2_SLICEL_C_Q)
                                                      0.080     1.904 f  bnn_top_i/axi_mem_intercon/s04_couplers/auto_ds/inst/gen_downsizer.gen_simple_downsizer.axi_downsizer_inst/USE_READ.read_addr_inst/cmd_queue/inst/fifo_gen_inst/inst_fifo_gen/gconvfifo.rf/grf.rf/rstblk/ngwrdrst.grst.g7serrst.gnsckt_wrst.gcc_rst.sckt_wr_rst_cc_reg[0]/Q
                         net (fo=3, routed)           0.402     2.306    bnn_top_i/axi_mem_intercon/s04_couplers/auto_ds/inst/gen_downsizer.gen_simple_downsizer.axi_downsizer_inst/USE_READ.read_addr_inst/cmd_queue/inst/fifo_gen_inst/inst_fifo_gen/gconvfifo.rf/grf.rf/rstblk/ngwrdrst.grst.g7serrst.gnsckt_wrst.gcc_rst.sckt_wr_rst_cc[0]
    SLICE_X15Y43         LUT3 (Prop_E6LUT_SLICEL_I1_O)
                                                      0.123     2.429 f  bnn_top_i/axi_mem_intercon/s04_couplers/auto_ds/inst/gen_downsizer.gen_simple_downsizer.axi_downsizer_inst/USE_READ.read_addr_inst/cmd_queue/inst/fifo_gen_inst/inst_fifo_gen/gconvfifo.rf/grf.rf/rstblk/gpregsm1.curr_fwft_state[1]_i_2/O
                         net (fo=32, routed)          0.811     3.240    bnn_top_i/axi_mem_intercon/s04_couplers/auto_ds/inst/gen_downsizer.gen_simple_downsizer.axi_downsizer_inst/USE_READ.read_addr_inst/cmd_queue/inst/fifo_gen_inst/inst_fifo_gen/gconvfifo.rf/grf.rf/gntv_or_sync_fifo.gl0.wr/wpntr/AR[0]
    SLICE_X18Y46         FDCE                                         f  bnn_top_i/axi_mem_intercon/s04_couplers/auto_ds/inst/gen_downsizer.gen_simple_downsizer.axi_downsizer_inst/USE_READ.read_addr_inst/cmd_queue/inst/fifo_gen_inst/inst_fifo_gen/gconvfifo.rf/grf.rf/gntv_or_sync_fifo.gl0.wr/wpntr/gcc0.gc0.count_d1_reg[2]/CLR
  -------------------------------------------------------------------    -------------------

                         (clock clk_pl_0 rise edge)
                                                      3.333     3.333 r  
    PS8_X0Y0             PS8                          0.000     3.333 r  bnn_top_i/zynq_ultra_ps_e_0/inst/PS8_i/PLCLK[0]
                         net (fo=1, routed)           0.135     3.468    bnn_top_i/zynq_ultra_ps_e_0/inst/pl_clk_unbuffered[0]
    BUFG_PS_X0Y58        BUFG_PS (Prop_BUFG_PS_I_O)
                                                      0.025     3.493 r  bnn_top_i/zynq_ultra_ps_e_0/inst/buffer_pl_clk_0.PL_CLK_0_BUFG/O
    X0Y0 (CLOCK_ROOT)    net (fo=20970, routed)       1.445     4.938    bnn_top_i/axi_mem_intercon/s04_couplers/auto_ds/inst/gen_downsizer.gen_simple_downsizer.axi_downsizer_inst/USE_READ.read_addr_inst/cmd_queue/inst/fifo_gen_inst/inst_fifo_gen/gconvfifo.rf/grf.rf/gntv_or_sync_fifo.gl0.wr/wpntr/clk
    SLICE_X18Y46         FDCE                                         r  bnn_top_i/axi_mem_intercon/s04_couplers/auto_ds/inst/gen_downsizer.gen_simple_downsizer.axi_downsizer_inst/USE_READ.read_addr_inst/cmd_queue/inst/fifo_gen_inst/inst_fifo_gen/gconvfifo.rf/grf.rf/gntv_or_sync_fifo.gl0.wr/wpntr/gcc0.gc0.count_d1_reg[2]/C
                         clock pessimism              0.152     5.090    
                         clock uncertainty           -0.104     4.987    
    SLICE_X18Y46         FDCE (Recov_HFF_SLICEL_C_CLR)
                                                     -0.066     4.921    bnn_top_i/axi_mem_intercon/s04_couplers/auto_ds/inst/gen_downsizer.gen_simple_downsizer.axi_downsizer_inst/USE_READ.read_addr_inst/cmd_queue/inst/fifo_gen_inst/inst_fifo_gen/gconvfifo.rf/grf.rf/gntv_or_sync_fifo.gl0.wr/wpntr/gcc0.gc0.count_d1_reg[2]
  -------------------------------------------------------------------
                         required time                          4.921    
                         arrival time                          -3.240    
  -------------------------------------------------------------------
                         slack                                  1.681    

Slack (MET) :             1.681ns  (required time - arrival time)
  Source:                 bnn_top_i/axi_mem_intercon/s04_couplers/auto_ds/inst/gen_downsizer.gen_simple_downsizer.axi_downsizer_inst/USE_READ.read_addr_inst/cmd_queue/inst/fifo_gen_inst/inst_fifo_gen/gconvfifo.rf/grf.rf/rstblk/ngwrdrst.grst.g7serrst.gnsckt_wrst.gcc_rst.sckt_wr_rst_cc_reg[0]/C
                            (rising edge-triggered cell FDRE clocked by clk_pl_0  {rise@0.000ns fall@1.666ns period=3.333ns})
  Destination:            bnn_top_i/axi_mem_intercon/s04_couplers/auto_ds/inst/gen_downsizer.gen_simple_downsizer.axi_downsizer_inst/USE_READ.read_addr_inst/cmd_queue/inst/fifo_gen_inst/inst_fifo_gen/gconvfifo.rf/grf.rf/gntv_or_sync_fifo.gl0.wr/wpntr/gcc0.gc0.count_d1_reg[3]/CLR
                            (recovery check against rising-edge clock clk_pl_0  {rise@0.000ns fall@1.666ns period=3.333ns})
  Path Group:             **async_default**
  Path Type:              Recovery (Max at Slow Process Corner)
  Requirement:            3.333ns  (clk_pl_0 rise@3.333ns - clk_pl_0 rise@0.000ns)
  Data Path Delay:        1.416ns  (logic 0.203ns (14.340%)  route 1.213ns (85.660%))
  Logic Levels:           1  (LUT3=1)
  Clock Path Skew:        -0.067ns (DCD - SCD + CPR)
    Destination Clock Delay (DCD):    1.605ns = ( 4.938 - 3.333 ) 
    Source Clock Delay      (SCD):    1.824ns
    Clock Pessimism Removal (CPR):    0.152ns
  Clock Uncertainty:      0.104ns  ((TSJ^2 + DJ^2)^1/2) / 2 + PE
    Total System Jitter     (TSJ):    0.071ns
    Discrete Jitter          (DJ):    0.195ns
    Phase Error              (PE):    0.000ns
  Clock Net Delay (Source):      1.625ns (routing 0.786ns, distribution 0.839ns)
  Clock Net Delay (Destination): 1.445ns (routing 0.709ns, distribution 0.736ns)

    Location             Delay type                Incr(ns)  Path(ns)    Netlist Resource(s)
  -------------------------------------------------------------------    -------------------
                         (clock clk_pl_0 rise edge)
                                                      0.000     0.000 r  
    PS8_X0Y0             PS8                          0.000     0.000 r  bnn_top_i/zynq_ultra_ps_e_0/inst/PS8_i/PLCLK[0]
                         net (fo=1, routed)           0.171     0.171    bnn_top_i/zynq_ultra_ps_e_0/inst/pl_clk_unbuffered[0]
    BUFG_PS_X0Y58        BUFG_PS (Prop_BUFG_PS_I_O)
                                                      0.028     0.199 r  bnn_top_i/zynq_ultra_ps_e_0/inst/buffer_pl_clk_0.PL_CLK_0_BUFG/O
    X0Y0 (CLOCK_ROOT)    net (fo=20970, routed)       1.625     1.824    bnn_top_i/axi_mem_intercon/s04_couplers/auto_ds/inst/gen_downsizer.gen_simple_downsizer.axi_downsizer_inst/USE_READ.read_addr_inst/cmd_queue/inst/fifo_gen_inst/inst_fifo_gen/gconvfifo.rf/grf.rf/rstblk/clk
    SLICE_X15Y43         FDRE                                         r  bnn_top_i/axi_mem_intercon/s04_couplers/auto_ds/inst/gen_downsizer.gen_simple_downsizer.axi_downsizer_inst/USE_READ.read_addr_inst/cmd_queue/inst/fifo_gen_inst/inst_fifo_gen/gconvfifo.rf/grf.rf/rstblk/ngwrdrst.grst.g7serrst.gnsckt_wrst.gcc_rst.sckt_wr_rst_cc_reg[0]/C
  -------------------------------------------------------------------    -------------------
    SLICE_X15Y43         FDRE (Prop_HFF2_SLICEL_C_Q)
                                                      0.080     1.904 f  bnn_top_i/axi_mem_intercon/s04_couplers/auto_ds/inst/gen_downsizer.gen_simple_downsizer.axi_downsizer_inst/USE_READ.read_addr_inst/cmd_queue/inst/fifo_gen_inst/inst_fifo_gen/gconvfifo.rf/grf.rf/rstblk/ngwrdrst.grst.g7serrst.gnsckt_wrst.gcc_rst.sckt_wr_rst_cc_reg[0]/Q
                         net (fo=3, routed)           0.402     2.306    bnn_top_i/axi_mem_intercon/s04_couplers/auto_ds/inst/gen_downsizer.gen_simple_downsizer.axi_downsizer_inst/USE_READ.read_addr_inst/cmd_queue/inst/fifo_gen_inst/inst_fifo_gen/gconvfifo.rf/grf.rf/rstblk/ngwrdrst.grst.g7serrst.gnsckt_wrst.gcc_rst.sckt_wr_rst_cc[0]
    SLICE_X15Y43         LUT3 (Prop_E6LUT_SLICEL_I1_O)
                                                      0.123     2.429 f  bnn_top_i/axi_mem_intercon/s04_couplers/auto_ds/inst/gen_downsizer.gen_simple_downsizer.axi_downsizer_inst/USE_READ.read_addr_inst/cmd_queue/inst/fifo_gen_inst/inst_fifo_gen/gconvfifo.rf/grf.rf/rstblk/gpregsm1.curr_fwft_state[1]_i_2/O
                         net (fo=32, routed)          0.811     3.240    bnn_top_i/axi_mem_intercon/s04_couplers/auto_ds/inst/gen_downsizer.gen_simple_downsizer.axi_downsizer_inst/USE_READ.read_addr_inst/cmd_queue/inst/fifo_gen_inst/inst_fifo_gen/gconvfifo.rf/grf.rf/gntv_or_sync_fifo.gl0.wr/wpntr/AR[0]
    SLICE_X18Y46         FDCE                                         f  bnn_top_i/axi_mem_intercon/s04_couplers/auto_ds/inst/gen_downsizer.gen_simple_downsizer.axi_downsizer_inst/USE_READ.read_addr_inst/cmd_queue/inst/fifo_gen_inst/inst_fifo_gen/gconvfifo.rf/grf.rf/gntv_or_sync_fifo.gl0.wr/wpntr/gcc0.gc0.count_d1_reg[3]/CLR
  -------------------------------------------------------------------    -------------------

                         (clock clk_pl_0 rise edge)
                                                      3.333     3.333 r  
    PS8_X0Y0             PS8                          0.000     3.333 r  bnn_top_i/zynq_ultra_ps_e_0/inst/PS8_i/PLCLK[0]
                         net (fo=1, routed)           0.135     3.468    bnn_top_i/zynq_ultra_ps_e_0/inst/pl_clk_unbuffered[0]
    BUFG_PS_X0Y58        BUFG_PS (Prop_BUFG_PS_I_O)
                                                      0.025     3.493 r  bnn_top_i/zynq_ultra_ps_e_0/inst/buffer_pl_clk_0.PL_CLK_0_BUFG/O
    X0Y0 (CLOCK_ROOT)    net (fo=20970, routed)       1.445     4.938    bnn_top_i/axi_mem_intercon/s04_couplers/auto_ds/inst/gen_downsizer.gen_simple_downsizer.axi_downsizer_inst/USE_READ.read_addr_inst/cmd_queue/inst/fifo_gen_inst/inst_fifo_gen/gconvfifo.rf/grf.rf/gntv_or_sync_fifo.gl0.wr/wpntr/clk
    SLICE_X18Y46         FDCE                                         r  bnn_top_i/axi_mem_intercon/s04_couplers/auto_ds/inst/gen_downsizer.gen_simple_downsizer.axi_downsizer_inst/USE_READ.read_addr_inst/cmd_queue/inst/fifo_gen_inst/inst_fifo_gen/gconvfifo.rf/grf.rf/gntv_or_sync_fifo.gl0.wr/wpntr/gcc0.gc0.count_d1_reg[3]/C
                         clock pessimism              0.152     5.090    
                         clock uncertainty           -0.104     4.987    
    SLICE_X18Y46         FDCE (Recov_GFF_SLICEL_C_CLR)
                                                     -0.066     4.921    bnn_top_i/axi_mem_intercon/s04_couplers/auto_ds/inst/gen_downsizer.gen_simple_downsizer.axi_downsizer_inst/USE_READ.read_addr_inst/cmd_queue/inst/fifo_gen_inst/inst_fifo_gen/gconvfifo.rf/grf.rf/gntv_or_sync_fifo.gl0.wr/wpntr/gcc0.gc0.count_d1_reg[3]
  -------------------------------------------------------------------
                         required time                          4.921    
                         arrival time                          -3.240    
  -------------------------------------------------------------------
                         slack                                  1.681    

Slack (MET) :             1.681ns  (required time - arrival time)
  Source:                 bnn_top_i/axi_mem_intercon/s04_couplers/auto_ds/inst/gen_downsizer.gen_simple_downsizer.axi_downsizer_inst/USE_READ.read_addr_inst/cmd_queue/inst/fifo_gen_inst/inst_fifo_gen/gconvfifo.rf/grf.rf/rstblk/ngwrdrst.grst.g7serrst.gnsckt_wrst.gcc_rst.sckt_wr_rst_cc_reg[0]/C
                            (rising edge-triggered cell FDRE clocked by clk_pl_0  {rise@0.000ns fall@1.666ns period=3.333ns})
  Destination:            bnn_top_i/axi_mem_intercon/s04_couplers/auto_ds/inst/gen_downsizer.gen_simple_downsizer.axi_downsizer_inst/USE_READ.read_addr_inst/cmd_queue/inst/fifo_gen_inst/inst_fifo_gen/gconvfifo.rf/grf.rf/gntv_or_sync_fifo.gl0.wr/wpntr/gcc0.gc0.count_d1_reg[4]/CLR
                            (recovery check against rising-edge clock clk_pl_0  {rise@0.000ns fall@1.666ns period=3.333ns})
  Path Group:             **async_default**
  Path Type:              Recovery (Max at Slow Process Corner)
  Requirement:            3.333ns  (clk_pl_0 rise@3.333ns - clk_pl_0 rise@0.000ns)
  Data Path Delay:        1.416ns  (logic 0.203ns (14.340%)  route 1.213ns (85.660%))
  Logic Levels:           1  (LUT3=1)
  Clock Path Skew:        -0.067ns (DCD - SCD + CPR)
    Destination Clock Delay (DCD):    1.605ns = ( 4.938 - 3.333 ) 
    Source Clock Delay      (SCD):    1.824ns
    Clock Pessimism Removal (CPR):    0.152ns
  Clock Uncertainty:      0.104ns  ((TSJ^2 + DJ^2)^1/2) / 2 + PE
    Total System Jitter     (TSJ):    0.071ns
    Discrete Jitter          (DJ):    0.195ns
    Phase Error              (PE):    0.000ns
  Clock Net Delay (Source):      1.625ns (routing 0.786ns, distribution 0.839ns)
  Clock Net Delay (Destination): 1.445ns (routing 0.709ns, distribution 0.736ns)

    Location             Delay type                Incr(ns)  Path(ns)    Netlist Resource(s)
  -------------------------------------------------------------------    -------------------
                         (clock clk_pl_0 rise edge)
                                                      0.000     0.000 r  
    PS8_X0Y0             PS8                          0.000     0.000 r  bnn_top_i/zynq_ultra_ps_e_0/inst/PS8_i/PLCLK[0]
                         net (fo=1, routed)           0.171     0.171    bnn_top_i/zynq_ultra_ps_e_0/inst/pl_clk_unbuffered[0]
    BUFG_PS_X0Y58        BUFG_PS (Prop_BUFG_PS_I_O)
                                                      0.028     0.199 r  bnn_top_i/zynq_ultra_ps_e_0/inst/buffer_pl_clk_0.PL_CLK_0_BUFG/O
    X0Y0 (CLOCK_ROOT)    net (fo=20970, routed)       1.625     1.824    bnn_top_i/axi_mem_intercon/s04_couplers/auto_ds/inst/gen_downsizer.gen_simple_downsizer.axi_downsizer_inst/USE_READ.read_addr_inst/cmd_queue/inst/fifo_gen_inst/inst_fifo_gen/gconvfifo.rf/grf.rf/rstblk/clk
    SLICE_X15Y43         FDRE                                         r  bnn_top_i/axi_mem_intercon/s04_couplers/auto_ds/inst/gen_downsizer.gen_simple_downsizer.axi_downsizer_inst/USE_READ.read_addr_inst/cmd_queue/inst/fifo_gen_inst/inst_fifo_gen/gconvfifo.rf/grf.rf/rstblk/ngwrdrst.grst.g7serrst.gnsckt_wrst.gcc_rst.sckt_wr_rst_cc_reg[0]/C
  -------------------------------------------------------------------    -------------------
    SLICE_X15Y43         FDRE (Prop_HFF2_SLICEL_C_Q)
                                                      0.080     1.904 f  bnn_top_i/axi_mem_intercon/s04_couplers/auto_ds/inst/gen_downsizer.gen_simple_downsizer.axi_downsizer_inst/USE_READ.read_addr_inst/cmd_queue/inst/fifo_gen_inst/inst_fifo_gen/gconvfifo.rf/grf.rf/rstblk/ngwrdrst.grst.g7serrst.gnsckt_wrst.gcc_rst.sckt_wr_rst_cc_reg[0]/Q
                         net (fo=3, routed)           0.402     2.306    bnn_top_i/axi_mem_intercon/s04_couplers/auto_ds/inst/gen_downsizer.gen_simple_downsizer.axi_downsizer_inst/USE_READ.read_addr_inst/cmd_queue/inst/fifo_gen_inst/inst_fifo_gen/gconvfifo.rf/grf.rf/rstblk/ngwrdrst.grst.g7serrst.gnsckt_wrst.gcc_rst.sckt_wr_rst_cc[0]
    SLICE_X15Y43         LUT3 (Prop_E6LUT_SLICEL_I1_O)
                                                      0.123     2.429 f  bnn_top_i/axi_mem_intercon/s04_couplers/auto_ds/inst/gen_downsizer.gen_simple_downsizer.axi_downsizer_inst/USE_READ.read_addr_inst/cmd_queue/inst/fifo_gen_inst/inst_fifo_gen/gconvfifo.rf/grf.rf/rstblk/gpregsm1.curr_fwft_state[1]_i_2/O
                         net (fo=32, routed)          0.811     3.240    bnn_top_i/axi_mem_intercon/s04_couplers/auto_ds/inst/gen_downsizer.gen_simple_downsizer.axi_downsizer_inst/USE_READ.read_addr_inst/cmd_queue/inst/fifo_gen_inst/inst_fifo_gen/gconvfifo.rf/grf.rf/gntv_or_sync_fifo.gl0.wr/wpntr/AR[0]
    SLICE_X18Y46         FDCE                                         f  bnn_top_i/axi_mem_intercon/s04_couplers/auto_ds/inst/gen_downsizer.gen_simple_downsizer.axi_downsizer_inst/USE_READ.read_addr_inst/cmd_queue/inst/fifo_gen_inst/inst_fifo_gen/gconvfifo.rf/grf.rf/gntv_or_sync_fifo.gl0.wr/wpntr/gcc0.gc0.count_d1_reg[4]/CLR
  -------------------------------------------------------------------    -------------------

                         (clock clk_pl_0 rise edge)
                                                      3.333     3.333 r  
    PS8_X0Y0             PS8                          0.000     3.333 r  bnn_top_i/zynq_ultra_ps_e_0/inst/PS8_i/PLCLK[0]
                         net (fo=1, routed)           0.135     3.468    bnn_top_i/zynq_ultra_ps_e_0/inst/pl_clk_unbuffered[0]
    BUFG_PS_X0Y58        BUFG_PS (Prop_BUFG_PS_I_O)
                                                      0.025     3.493 r  bnn_top_i/zynq_ultra_ps_e_0/inst/buffer_pl_clk_0.PL_CLK_0_BUFG/O
    X0Y0 (CLOCK_ROOT)    net (fo=20970, routed)       1.445     4.938    bnn_top_i/axi_mem_intercon/s04_couplers/auto_ds/inst/gen_downsizer.gen_simple_downsizer.axi_downsizer_inst/USE_READ.read_addr_inst/cmd_queue/inst/fifo_gen_inst/inst_fifo_gen/gconvfifo.rf/grf.rf/gntv_or_sync_fifo.gl0.wr/wpntr/clk
    SLICE_X18Y46         FDCE                                         r  bnn_top_i/axi_mem_intercon/s04_couplers/auto_ds/inst/gen_downsizer.gen_simple_downsizer.axi_downsizer_inst/USE_READ.read_addr_inst/cmd_queue/inst/fifo_gen_inst/inst_fifo_gen/gconvfifo.rf/grf.rf/gntv_or_sync_fifo.gl0.wr/wpntr/gcc0.gc0.count_d1_reg[4]/C
                         clock pessimism              0.152     5.090    
                         clock uncertainty           -0.104     4.987    
    SLICE_X18Y46         FDCE (Recov_FFF_SLICEL_C_CLR)
                                                     -0.066     4.921    bnn_top_i/axi_mem_intercon/s04_couplers/auto_ds/inst/gen_downsizer.gen_simple_downsizer.axi_downsizer_inst/USE_READ.read_addr_inst/cmd_queue/inst/fifo_gen_inst/inst_fifo_gen/gconvfifo.rf/grf.rf/gntv_or_sync_fifo.gl0.wr/wpntr/gcc0.gc0.count_d1_reg[4]
  -------------------------------------------------------------------
                         required time                          4.921    
                         arrival time                          -3.240    
  -------------------------------------------------------------------
                         slack                                  1.681    





Min Delay Paths
--------------------------------------------------------------------------------------
Slack (MET) :             0.166ns  (arrival time - required time)
  Source:                 bnn_top_i/ps7_0_axi_periph/s00_couplers/auto_ds/inst/gen_downsizer.gen_simple_downsizer.axi_downsizer_inst/USE_WRITE.write_addr_inst/cmd_queue/inst/fifo_gen_inst/inst_fifo_gen/gconvfifo.rf/grf.rf/rstblk/ngwrdrst.grst.g7serrst.gnsckt_wrst.gcc_rst.sckt_wr_rst_cc_reg[0]/C
                            (rising edge-triggered cell FDRE clocked by clk_pl_0  {rise@0.000ns fall@1.666ns period=3.333ns})
  Destination:            bnn_top_i/ps7_0_axi_periph/s00_couplers/auto_ds/inst/gen_downsizer.gen_simple_downsizer.axi_downsizer_inst/USE_WRITE.write_addr_inst/cmd_queue/inst/fifo_gen_inst/inst_fifo_gen/gconvfifo.rf/grf.rf/gntv_or_sync_fifo.gl0.rd/gr1.gr1_int.rfwft/empty_fwft_fb_o_i_reg/PRE
                            (removal check against rising-edge clock clk_pl_0  {rise@0.000ns fall@1.666ns period=3.333ns})
  Path Group:             **async_default**
  Path Type:              Removal (Min at Fast Process Corner)
  Requirement:            0.000ns  (clk_pl_0 rise@0.000ns - clk_pl_0 rise@0.000ns)
  Data Path Delay:        0.201ns  (logic 0.060ns (29.831%)  route 0.141ns (70.169%))
  Logic Levels:           1  (LUT3=1)
  Clock Path Skew:        0.055ns (DCD - SCD - CPR)
    Destination Clock Delay (DCD):    1.157ns
    Source Clock Delay      (SCD):    0.996ns
    Clock Pessimism Removal (CPR):    0.106ns
  Clock Net Delay (Source):      0.885ns (routing 0.430ns, distribution 0.455ns)
  Clock Net Delay (Destination): 1.019ns (routing 0.486ns, distribution 0.533ns)

    Location             Delay type                Incr(ns)  Path(ns)    Netlist Resource(s)
  -------------------------------------------------------------------    -------------------
                         (clock clk_pl_0 rise edge)
                                                      0.000     0.000 r  
    PS8_X0Y0             PS8                          0.000     0.000 r  bnn_top_i/zynq_ultra_ps_e_0/inst/PS8_i/PLCLK[0]
                         net (fo=1, routed)           0.094     0.094    bnn_top_i/zynq_ultra_ps_e_0/inst/pl_clk_unbuffered[0]
    BUFG_PS_X0Y58        BUFG_PS (Prop_BUFG_PS_I_O)
                                                      0.017     0.111 r  bnn_top_i/zynq_ultra_ps_e_0/inst/buffer_pl_clk_0.PL_CLK_0_BUFG/O
    X0Y0 (CLOCK_ROOT)    net (fo=20970, routed)       0.885     0.996    bnn_top_i/ps7_0_axi_periph/s00_couplers/auto_ds/inst/gen_downsizer.gen_simple_downsizer.axi_downsizer_inst/USE_WRITE.write_addr_inst/cmd_queue/inst/fifo_gen_inst/inst_fifo_gen/gconvfifo.rf/grf.rf/rstblk/clk
    SLICE_X4Y38          FDRE                                         r  bnn_top_i/ps7_0_axi_periph/s00_couplers/auto_ds/inst/gen_downsizer.gen_simple_downsizer.axi_downsizer_inst/USE_WRITE.write_addr_inst/cmd_queue/inst/fifo_gen_inst/inst_fifo_gen/gconvfifo.rf/grf.rf/rstblk/ngwrdrst.grst.g7serrst.gnsckt_wrst.gcc_rst.sckt_wr_rst_cc_reg[0]/C
  -------------------------------------------------------------------    -------------------
    SLICE_X4Y38          FDRE (Prop_AFF_SLICEM_C_Q)
                                                      0.038     1.034 f  bnn_top_i/ps7_0_axi_periph/s00_couplers/auto_ds/inst/gen_downsizer.gen_simple_downsizer.axi_downsizer_inst/USE_WRITE.write_addr_inst/cmd_queue/inst/fifo_gen_inst/inst_fifo_gen/gconvfifo.rf/grf.rf/rstblk/ngwrdrst.grst.g7serrst.gnsckt_wrst.gcc_rst.sckt_wr_rst_cc_reg[0]/Q
                         net (fo=3, routed)           0.027     1.060    bnn_top_i/ps7_0_axi_periph/s00_couplers/auto_ds/inst/gen_downsizer.gen_simple_downsizer.axi_downsizer_inst/USE_WRITE.write_addr_inst/cmd_queue/inst/fifo_gen_inst/inst_fifo_gen/gconvfifo.rf/grf.rf/rstblk/ngwrdrst.grst.g7serrst.gnsckt_wrst.gcc_rst.sckt_wr_rst_cc[0]
    SLICE_X4Y38          LUT3 (Prop_B6LUT_SLICEM_I1_O)
                                                      0.022     1.082 f  bnn_top_i/ps7_0_axi_periph/s00_couplers/auto_ds/inst/gen_downsizer.gen_simple_downsizer.axi_downsizer_inst/USE_WRITE.write_addr_inst/cmd_queue/inst/fifo_gen_inst/inst_fifo_gen/gconvfifo.rf/grf.rf/rstblk/gpregsm1.curr_fwft_state[1]_i_2/O
                         net (fo=32, routed)          0.114     1.197    bnn_top_i/ps7_0_axi_periph/s00_couplers/auto_ds/inst/gen_downsizer.gen_simple_downsizer.axi_downsizer_inst/USE_WRITE.write_addr_inst/cmd_queue/inst/fifo_gen_inst/inst_fifo_gen/gconvfifo.rf/grf.rf/gntv_or_sync_fifo.gl0.rd/gr1.gr1_int.rfwft/gpregsm1.user_valid_reg_0
    SLICE_X5Y38          FDPE                                         f  bnn_top_i/ps7_0_axi_periph/s00_couplers/auto_ds/inst/gen_downsizer.gen_simple_downsizer.axi_downsizer_inst/USE_WRITE.write_addr_inst/cmd_queue/inst/fifo_gen_inst/inst_fifo_gen/gconvfifo.rf/grf.rf/gntv_or_sync_fifo.gl0.rd/gr1.gr1_int.rfwft/empty_fwft_fb_o_i_reg/PRE
  -------------------------------------------------------------------    -------------------

                         (clock clk_pl_0 rise edge)
                                                      0.000     0.000 r  
    PS8_X0Y0             PS8                          0.000     0.000 r  bnn_top_i/zynq_ultra_ps_e_0/inst/PS8_i/PLCLK[0]
                         net (fo=1, routed)           0.120     0.120    bnn_top_i/zynq_ultra_ps_e_0/inst/pl_clk_unbuffered[0]
    BUFG_PS_X0Y58        BUFG_PS (Prop_BUFG_PS_I_O)
                                                      0.018     0.138 r  bnn_top_i/zynq_ultra_ps_e_0/inst/buffer_pl_clk_0.PL_CLK_0_BUFG/O
    X0Y0 (CLOCK_ROOT)    net (fo=20970, routed)       1.019     1.157    bnn_top_i/ps7_0_axi_periph/s00_couplers/auto_ds/inst/gen_downsizer.gen_simple_downsizer.axi_downsizer_inst/USE_WRITE.write_addr_inst/cmd_queue/inst/fifo_gen_inst/inst_fifo_gen/gconvfifo.rf/grf.rf/gntv_or_sync_fifo.gl0.rd/gr1.gr1_int.rfwft/clk
    SLICE_X5Y38          FDPE                                         r  bnn_top_i/ps7_0_axi_periph/s00_couplers/auto_ds/inst/gen_downsizer.gen_simple_downsizer.axi_downsizer_inst/USE_WRITE.write_addr_inst/cmd_queue/inst/fifo_gen_inst/inst_fifo_gen/gconvfifo.rf/grf.rf/gntv_or_sync_fifo.gl0.rd/gr1.gr1_int.rfwft/empty_fwft_fb_o_i_reg/C
                         clock pessimism             -0.106     1.051    
    SLICE_X5Y38          FDPE (Remov_DFF2_SLICEM_C_PRE)
                                                     -0.020     1.031    bnn_top_i/ps7_0_axi_periph/s00_couplers/auto_ds/inst/gen_downsizer.gen_simple_downsizer.axi_downsizer_inst/USE_WRITE.write_addr_inst/cmd_queue/inst/fifo_gen_inst/inst_fifo_gen/gconvfifo.rf/grf.rf/gntv_or_sync_fifo.gl0.rd/gr1.gr1_int.rfwft/empty_fwft_fb_o_i_reg
  -------------------------------------------------------------------
                         required time                         -1.031    
                         arrival time                           1.197    
  -------------------------------------------------------------------
                         slack                                  0.166    

Slack (MET) :             0.166ns  (arrival time - required time)
  Source:                 bnn_top_i/ps7_0_axi_periph/s00_couplers/auto_ds/inst/gen_downsizer.gen_simple_downsizer.axi_downsizer_inst/USE_WRITE.write_addr_inst/cmd_queue/inst/fifo_gen_inst/inst_fifo_gen/gconvfifo.rf/grf.rf/rstblk/ngwrdrst.grst.g7serrst.gnsckt_wrst.gcc_rst.sckt_wr_rst_cc_reg[0]/C
                            (rising edge-triggered cell FDRE clocked by clk_pl_0  {rise@0.000ns fall@1.666ns period=3.333ns})
  Destination:            bnn_top_i/ps7_0_axi_periph/s00_couplers/auto_ds/inst/gen_downsizer.gen_simple_downsizer.axi_downsizer_inst/USE_WRITE.write_addr_inst/cmd_queue/inst/fifo_gen_inst/inst_fifo_gen/gconvfifo.rf/grf.rf/gntv_or_sync_fifo.gl0.rd/gr1.gr1_int.rfwft/gpregsm1.curr_fwft_state_reg[0]/CLR
                            (removal check against rising-edge clock clk_pl_0  {rise@0.000ns fall@1.666ns period=3.333ns})
  Path Group:             **async_default**
  Path Type:              Removal (Min at Fast Process Corner)
  Requirement:            0.000ns  (clk_pl_0 rise@0.000ns - clk_pl_0 rise@0.000ns)
  Data Path Delay:        0.201ns  (logic 0.060ns (29.831%)  route 0.141ns (70.169%))
  Logic Levels:           1  (LUT3=1)
  Clock Path Skew:        0.055ns (DCD - SCD - CPR)
    Destination Clock Delay (DCD):    1.157ns
    Source Clock Delay      (SCD):    0.996ns
    Clock Pessimism Removal (CPR):    0.106ns
  Clock Net Delay (Source):      0.885ns (routing 0.430ns, distribution 0.455ns)
  Clock Net Delay (Destination): 1.019ns (routing 0.486ns, distribution 0.533ns)

    Location             Delay type                Incr(ns)  Path(ns)    Netlist Resource(s)
  -------------------------------------------------------------------    -------------------
                         (clock clk_pl_0 rise edge)
                                                      0.000     0.000 r  
    PS8_X0Y0             PS8                          0.000     0.000 r  bnn_top_i/zynq_ultra_ps_e_0/inst/PS8_i/PLCLK[0]
                         net (fo=1, routed)           0.094     0.094    bnn_top_i/zynq_ultra_ps_e_0/inst/pl_clk_unbuffered[0]
    BUFG_PS_X0Y58        BUFG_PS (Prop_BUFG_PS_I_O)
                                                      0.017     0.111 r  bnn_top_i/zynq_ultra_ps_e_0/inst/buffer_pl_clk_0.PL_CLK_0_BUFG/O
    X0Y0 (CLOCK_ROOT)    net (fo=20970, routed)       0.885     0.996    bnn_top_i/ps7_0_axi_periph/s00_couplers/auto_ds/inst/gen_downsizer.gen_simple_downsizer.axi_downsizer_inst/USE_WRITE.write_addr_inst/cmd_queue/inst/fifo_gen_inst/inst_fifo_gen/gconvfifo.rf/grf.rf/rstblk/clk
    SLICE_X4Y38          FDRE                                         r  bnn_top_i/ps7_0_axi_periph/s00_couplers/auto_ds/inst/gen_downsizer.gen_simple_downsizer.axi_downsizer_inst/USE_WRITE.write_addr_inst/cmd_queue/inst/fifo_gen_inst/inst_fifo_gen/gconvfifo.rf/grf.rf/rstblk/ngwrdrst.grst.g7serrst.gnsckt_wrst.gcc_rst.sckt_wr_rst_cc_reg[0]/C
  -------------------------------------------------------------------    -------------------
    SLICE_X4Y38          FDRE (Prop_AFF_SLICEM_C_Q)
                                                      0.038     1.034 f  bnn_top_i/ps7_0_axi_periph/s00_couplers/auto_ds/inst/gen_downsizer.gen_simple_downsizer.axi_downsizer_inst/USE_WRITE.write_addr_inst/cmd_queue/inst/fifo_gen_inst/inst_fifo_gen/gconvfifo.rf/grf.rf/rstblk/ngwrdrst.grst.g7serrst.gnsckt_wrst.gcc_rst.sckt_wr_rst_cc_reg[0]/Q
                         net (fo=3, routed)           0.027     1.060    bnn_top_i/ps7_0_axi_periph/s00_couplers/auto_ds/inst/gen_downsizer.gen_simple_downsizer.axi_downsizer_inst/USE_WRITE.write_addr_inst/cmd_queue/inst/fifo_gen_inst/inst_fifo_gen/gconvfifo.rf/grf.rf/rstblk/ngwrdrst.grst.g7serrst.gnsckt_wrst.gcc_rst.sckt_wr_rst_cc[0]
    SLICE_X4Y38          LUT3 (Prop_B6LUT_SLICEM_I1_O)
                                                      0.022     1.082 f  bnn_top_i/ps7_0_axi_periph/s00_couplers/auto_ds/inst/gen_downsizer.gen_simple_downsizer.axi_downsizer_inst/USE_WRITE.write_addr_inst/cmd_queue/inst/fifo_gen_inst/inst_fifo_gen/gconvfifo.rf/grf.rf/rstblk/gpregsm1.curr_fwft_state[1]_i_2/O
                         net (fo=32, routed)          0.114     1.197    bnn_top_i/ps7_0_axi_periph/s00_couplers/auto_ds/inst/gen_downsizer.gen_simple_downsizer.axi_downsizer_inst/USE_WRITE.write_addr_inst/cmd_queue/inst/fifo_gen_inst/inst_fifo_gen/gconvfifo.rf/grf.rf/gntv_or_sync_fifo.gl0.rd/gr1.gr1_int.rfwft/gpregsm1.user_valid_reg_0
    SLICE_X5Y38          FDCE                                         f  bnn_top_i/ps7_0_axi_periph/s00_couplers/auto_ds/inst/gen_downsizer.gen_simple_downsizer.axi_downsizer_inst/USE_WRITE.write_addr_inst/cmd_queue/inst/fifo_gen_inst/inst_fifo_gen/gconvfifo.rf/grf.rf/gntv_or_sync_fifo.gl0.rd/gr1.gr1_int.rfwft/gpregsm1.curr_fwft_state_reg[0]/CLR
  -------------------------------------------------------------------    -------------------

                         (clock clk_pl_0 rise edge)
                                                      0.000     0.000 r  
    PS8_X0Y0             PS8                          0.000     0.000 r  bnn_top_i/zynq_ultra_ps_e_0/inst/PS8_i/PLCLK[0]
                         net (fo=1, routed)           0.120     0.120    bnn_top_i/zynq_ultra_ps_e_0/inst/pl_clk_unbuffered[0]
    BUFG_PS_X0Y58        BUFG_PS (Prop_BUFG_PS_I_O)
                                                      0.018     0.138 r  bnn_top_i/zynq_ultra_ps_e_0/inst/buffer_pl_clk_0.PL_CLK_0_BUFG/O
    X0Y0 (CLOCK_ROOT)    net (fo=20970, routed)       1.019     1.157    bnn_top_i/ps7_0_axi_periph/s00_couplers/auto_ds/inst/gen_downsizer.gen_simple_downsizer.axi_downsizer_inst/USE_WRITE.write_addr_inst/cmd_queue/inst/fifo_gen_inst/inst_fifo_gen/gconvfifo.rf/grf.rf/gntv_or_sync_fifo.gl0.rd/gr1.gr1_int.rfwft/clk
    SLICE_X5Y38          FDCE                                         r  bnn_top_i/ps7_0_axi_periph/s00_couplers/auto_ds/inst/gen_downsizer.gen_simple_downsizer.axi_downsizer_inst/USE_WRITE.write_addr_inst/cmd_queue/inst/fifo_gen_inst/inst_fifo_gen/gconvfifo.rf/grf.rf/gntv_or_sync_fifo.gl0.rd/gr1.gr1_int.rfwft/gpregsm1.curr_fwft_state_reg[0]/C
                         clock pessimism             -0.106     1.051    
    SLICE_X5Y38          FDCE (Remov_CFF_SLICEM_C_CLR)
                                                     -0.020     1.031    bnn_top_i/ps7_0_axi_periph/s00_couplers/auto_ds/inst/gen_downsizer.gen_simple_downsizer.axi_downsizer_inst/USE_WRITE.write_addr_inst/cmd_queue/inst/fifo_gen_inst/inst_fifo_gen/gconvfifo.rf/grf.rf/gntv_or_sync_fifo.gl0.rd/gr1.gr1_int.rfwft/gpregsm1.curr_fwft_state_reg[0]
  -------------------------------------------------------------------
                         required time                         -1.031    
                         arrival time                           1.197    
  -------------------------------------------------------------------
                         slack                                  0.166    

Slack (MET) :             0.166ns  (arrival time - required time)
  Source:                 bnn_top_i/ps7_0_axi_periph/s00_couplers/auto_ds/inst/gen_downsizer.gen_simple_downsizer.axi_downsizer_inst/USE_WRITE.write_addr_inst/cmd_queue/inst/fifo_gen_inst/inst_fifo_gen/gconvfifo.rf/grf.rf/rstblk/ngwrdrst.grst.g7serrst.gnsckt_wrst.gcc_rst.sckt_wr_rst_cc_reg[0]/C
                            (rising edge-triggered cell FDRE clocked by clk_pl_0  {rise@0.000ns fall@1.666ns period=3.333ns})
  Destination:            bnn_top_i/ps7_0_axi_periph/s00_couplers/auto_ds/inst/gen_downsizer.gen_simple_downsizer.axi_downsizer_inst/USE_WRITE.write_addr_inst/cmd_queue/inst/fifo_gen_inst/inst_fifo_gen/gconvfifo.rf/grf.rf/gntv_or_sync_fifo.gl0.rd/gr1.gr1_int.rfwft/gpregsm1.curr_fwft_state_reg[1]/CLR
                            (removal check against rising-edge clock clk_pl_0  {rise@0.000ns fall@1.666ns period=3.333ns})
  Path Group:             **async_default**
  Path Type:              Removal (Min at Fast Process Corner)
  Requirement:            0.000ns  (clk_pl_0 rise@0.000ns - clk_pl_0 rise@0.000ns)
  Data Path Delay:        0.201ns  (logic 0.060ns (29.831%)  route 0.141ns (70.169%))
  Logic Levels:           1  (LUT3=1)
  Clock Path Skew:        0.055ns (DCD - SCD - CPR)
    Destination Clock Delay (DCD):    1.157ns
    Source Clock Delay      (SCD):    0.996ns
    Clock Pessimism Removal (CPR):    0.106ns
  Clock Net Delay (Source):      0.885ns (routing 0.430ns, distribution 0.455ns)
  Clock Net Delay (Destination): 1.019ns (routing 0.486ns, distribution 0.533ns)

    Location             Delay type                Incr(ns)  Path(ns)    Netlist Resource(s)
  -------------------------------------------------------------------    -------------------
                         (clock clk_pl_0 rise edge)
                                                      0.000     0.000 r  
    PS8_X0Y0             PS8                          0.000     0.000 r  bnn_top_i/zynq_ultra_ps_e_0/inst/PS8_i/PLCLK[0]
                         net (fo=1, routed)           0.094     0.094    bnn_top_i/zynq_ultra_ps_e_0/inst/pl_clk_unbuffered[0]
    BUFG_PS_X0Y58        BUFG_PS (Prop_BUFG_PS_I_O)
                                                      0.017     0.111 r  bnn_top_i/zynq_ultra_ps_e_0/inst/buffer_pl_clk_0.PL_CLK_0_BUFG/O
    X0Y0 (CLOCK_ROOT)    net (fo=20970, routed)       0.885     0.996    bnn_top_i/ps7_0_axi_periph/s00_couplers/auto_ds/inst/gen_downsizer.gen_simple_downsizer.axi_downsizer_inst/USE_WRITE.write_addr_inst/cmd_queue/inst/fifo_gen_inst/inst_fifo_gen/gconvfifo.rf/grf.rf/rstblk/clk
    SLICE_X4Y38          FDRE                                         r  bnn_top_i/ps7_0_axi_periph/s00_couplers/auto_ds/inst/gen_downsizer.gen_simple_downsizer.axi_downsizer_inst/USE_WRITE.write_addr_inst/cmd_queue/inst/fifo_gen_inst/inst_fifo_gen/gconvfifo.rf/grf.rf/rstblk/ngwrdrst.grst.g7serrst.gnsckt_wrst.gcc_rst.sckt_wr_rst_cc_reg[0]/C
  -------------------------------------------------------------------    -------------------
    SLICE_X4Y38          FDRE (Prop_AFF_SLICEM_C_Q)
                                                      0.038     1.034 f  bnn_top_i/ps7_0_axi_periph/s00_couplers/auto_ds/inst/gen_downsizer.gen_simple_downsizer.axi_downsizer_inst/USE_WRITE.write_addr_inst/cmd_queue/inst/fifo_gen_inst/inst_fifo_gen/gconvfifo.rf/grf.rf/rstblk/ngwrdrst.grst.g7serrst.gnsckt_wrst.gcc_rst.sckt_wr_rst_cc_reg[0]/Q
                         net (fo=3, routed)           0.027     1.060    bnn_top_i/ps7_0_axi_periph/s00_couplers/auto_ds/inst/gen_downsizer.gen_simple_downsizer.axi_downsizer_inst/USE_WRITE.write_addr_inst/cmd_queue/inst/fifo_gen_inst/inst_fifo_gen/gconvfifo.rf/grf.rf/rstblk/ngwrdrst.grst.g7serrst.gnsckt_wrst.gcc_rst.sckt_wr_rst_cc[0]
    SLICE_X4Y38          LUT3 (Prop_B6LUT_SLICEM_I1_O)
                                                      0.022     1.082 f  bnn_top_i/ps7_0_axi_periph/s00_couplers/auto_ds/inst/gen_downsizer.gen_simple_downsizer.axi_downsizer_inst/USE_WRITE.write_addr_inst/cmd_queue/inst/fifo_gen_inst/inst_fifo_gen/gconvfifo.rf/grf.rf/rstblk/gpregsm1.curr_fwft_state[1]_i_2/O
                         net (fo=32, routed)          0.114     1.197    bnn_top_i/ps7_0_axi_periph/s00_couplers/auto_ds/inst/gen_downsizer.gen_simple_downsizer.axi_downsizer_inst/USE_WRITE.write_addr_inst/cmd_queue/inst/fifo_gen_inst/inst_fifo_gen/gconvfifo.rf/grf.rf/gntv_or_sync_fifo.gl0.rd/gr1.gr1_int.rfwft/gpregsm1.user_valid_reg_0
    SLICE_X5Y38          FDCE                                         f  bnn_top_i/ps7_0_axi_periph/s00_couplers/auto_ds/inst/gen_downsizer.gen_simple_downsizer.axi_downsizer_inst/USE_WRITE.write_addr_inst/cmd_queue/inst/fifo_gen_inst/inst_fifo_gen/gconvfifo.rf/grf.rf/gntv_or_sync_fifo.gl0.rd/gr1.gr1_int.rfwft/gpregsm1.curr_fwft_state_reg[1]/CLR
  -------------------------------------------------------------------    -------------------

                         (clock clk_pl_0 rise edge)
                                                      0.000     0.000 r  
    PS8_X0Y0             PS8                          0.000     0.000 r  bnn_top_i/zynq_ultra_ps_e_0/inst/PS8_i/PLCLK[0]
                         net (fo=1, routed)           0.120     0.120    bnn_top_i/zynq_ultra_ps_e_0/inst/pl_clk_unbuffered[0]
    BUFG_PS_X0Y58        BUFG_PS (Prop_BUFG_PS_I_O)
                                                      0.018     0.138 r  bnn_top_i/zynq_ultra_ps_e_0/inst/buffer_pl_clk_0.PL_CLK_0_BUFG/O
    X0Y0 (CLOCK_ROOT)    net (fo=20970, routed)       1.019     1.157    bnn_top_i/ps7_0_axi_periph/s00_couplers/auto_ds/inst/gen_downsizer.gen_simple_downsizer.axi_downsizer_inst/USE_WRITE.write_addr_inst/cmd_queue/inst/fifo_gen_inst/inst_fifo_gen/gconvfifo.rf/grf.rf/gntv_or_sync_fifo.gl0.rd/gr1.gr1_int.rfwft/clk
    SLICE_X5Y38          FDCE                                         r  bnn_top_i/ps7_0_axi_periph/s00_couplers/auto_ds/inst/gen_downsizer.gen_simple_downsizer.axi_downsizer_inst/USE_WRITE.write_addr_inst/cmd_queue/inst/fifo_gen_inst/inst_fifo_gen/gconvfifo.rf/grf.rf/gntv_or_sync_fifo.gl0.rd/gr1.gr1_int.rfwft/gpregsm1.curr_fwft_state_reg[1]/C
                         clock pessimism             -0.106     1.051    
    SLICE_X5Y38          FDCE (Remov_CFF2_SLICEM_C_CLR)
                                                     -0.020     1.031    bnn_top_i/ps7_0_axi_periph/s00_couplers/auto_ds/inst/gen_downsizer.gen_simple_downsizer.axi_downsizer_inst/USE_WRITE.write_addr_inst/cmd_queue/inst/fifo_gen_inst/inst_fifo_gen/gconvfifo.rf/grf.rf/gntv_or_sync_fifo.gl0.rd/gr1.gr1_int.rfwft/gpregsm1.curr_fwft_state_reg[1]
  -------------------------------------------------------------------
                         required time                         -1.031    
                         arrival time                           1.197    
  -------------------------------------------------------------------
                         slack                                  0.166    

Slack (MET) :             0.166ns  (arrival time - required time)
  Source:                 bnn_top_i/ps7_0_axi_periph/s00_couplers/auto_ds/inst/gen_downsizer.gen_simple_downsizer.axi_downsizer_inst/USE_WRITE.write_addr_inst/cmd_queue/inst/fifo_gen_inst/inst_fifo_gen/gconvfifo.rf/grf.rf/rstblk/ngwrdrst.grst.g7serrst.gnsckt_wrst.gcc_rst.sckt_wr_rst_cc_reg[0]/C
                            (rising edge-triggered cell FDRE clocked by clk_pl_0  {rise@0.000ns fall@1.666ns period=3.333ns})
  Destination:            bnn_top_i/ps7_0_axi_periph/s00_couplers/auto_ds/inst/gen_downsizer.gen_simple_downsizer.axi_downsizer_inst/USE_WRITE.write_addr_inst/cmd_queue/inst/fifo_gen_inst/inst_fifo_gen/gconvfifo.rf/grf.rf/gntv_or_sync_fifo.gl0.rd/gr1.gr1_int.rfwft/gpregsm1.user_valid_reg/CLR
                            (removal check against rising-edge clock clk_pl_0  {rise@0.000ns fall@1.666ns period=3.333ns})
  Path Group:             **async_default**
  Path Type:              Removal (Min at Fast Process Corner)
  Requirement:            0.000ns  (clk_pl_0 rise@0.000ns - clk_pl_0 rise@0.000ns)
  Data Path Delay:        0.201ns  (logic 0.060ns (29.831%)  route 0.141ns (70.169%))
  Logic Levels:           1  (LUT3=1)
  Clock Path Skew:        0.055ns (DCD - SCD - CPR)
    Destination Clock Delay (DCD):    1.157ns
    Source Clock Delay      (SCD):    0.996ns
    Clock Pessimism Removal (CPR):    0.106ns
  Clock Net Delay (Source):      0.885ns (routing 0.430ns, distribution 0.455ns)
  Clock Net Delay (Destination): 1.019ns (routing 0.486ns, distribution 0.533ns)

    Location             Delay type                Incr(ns)  Path(ns)    Netlist Resource(s)
  -------------------------------------------------------------------    -------------------
                         (clock clk_pl_0 rise edge)
                                                      0.000     0.000 r  
    PS8_X0Y0             PS8                          0.000     0.000 r  bnn_top_i/zynq_ultra_ps_e_0/inst/PS8_i/PLCLK[0]
                         net (fo=1, routed)           0.094     0.094    bnn_top_i/zynq_ultra_ps_e_0/inst/pl_clk_unbuffered[0]
    BUFG_PS_X0Y58        BUFG_PS (Prop_BUFG_PS_I_O)
                                                      0.017     0.111 r  bnn_top_i/zynq_ultra_ps_e_0/inst/buffer_pl_clk_0.PL_CLK_0_BUFG/O
    X0Y0 (CLOCK_ROOT)    net (fo=20970, routed)       0.885     0.996    bnn_top_i/ps7_0_axi_periph/s00_couplers/auto_ds/inst/gen_downsizer.gen_simple_downsizer.axi_downsizer_inst/USE_WRITE.write_addr_inst/cmd_queue/inst/fifo_gen_inst/inst_fifo_gen/gconvfifo.rf/grf.rf/rstblk/clk
    SLICE_X4Y38          FDRE                                         r  bnn_top_i/ps7_0_axi_periph/s00_couplers/auto_ds/inst/gen_downsizer.gen_simple_downsizer.axi_downsizer_inst/USE_WRITE.write_addr_inst/cmd_queue/inst/fifo_gen_inst/inst_fifo_gen/gconvfifo.rf/grf.rf/rstblk/ngwrdrst.grst.g7serrst.gnsckt_wrst.gcc_rst.sckt_wr_rst_cc_reg[0]/C
  -------------------------------------------------------------------    -------------------
    SLICE_X4Y38          FDRE (Prop_AFF_SLICEM_C_Q)
                                                      0.038     1.034 f  bnn_top_i/ps7_0_axi_periph/s00_couplers/auto_ds/inst/gen_downsizer.gen_simple_downsizer.axi_downsizer_inst/USE_WRITE.write_addr_inst/cmd_queue/inst/fifo_gen_inst/inst_fifo_gen/gconvfifo.rf/grf.rf/rstblk/ngwrdrst.grst.g7serrst.gnsckt_wrst.gcc_rst.sckt_wr_rst_cc_reg[0]/Q
                         net (fo=3, routed)           0.027     1.060    bnn_top_i/ps7_0_axi_periph/s00_couplers/auto_ds/inst/gen_downsizer.gen_simple_downsizer.axi_downsizer_inst/USE_WRITE.write_addr_inst/cmd_queue/inst/fifo_gen_inst/inst_fifo_gen/gconvfifo.rf/grf.rf/rstblk/ngwrdrst.grst.g7serrst.gnsckt_wrst.gcc_rst.sckt_wr_rst_cc[0]
    SLICE_X4Y38          LUT3 (Prop_B6LUT_SLICEM_I1_O)
                                                      0.022     1.082 f  bnn_top_i/ps7_0_axi_periph/s00_couplers/auto_ds/inst/gen_downsizer.gen_simple_downsizer.axi_downsizer_inst/USE_WRITE.write_addr_inst/cmd_queue/inst/fifo_gen_inst/inst_fifo_gen/gconvfifo.rf/grf.rf/rstblk/gpregsm1.curr_fwft_state[1]_i_2/O
                         net (fo=32, routed)          0.114     1.197    bnn_top_i/ps7_0_axi_periph/s00_couplers/auto_ds/inst/gen_downsizer.gen_simple_downsizer.axi_downsizer_inst/USE_WRITE.write_addr_inst/cmd_queue/inst/fifo_gen_inst/inst_fifo_gen/gconvfifo.rf/grf.rf/gntv_or_sync_fifo.gl0.rd/gr1.gr1_int.rfwft/gpregsm1.user_valid_reg_0
    SLICE_X5Y38          FDCE                                         f  bnn_top_i/ps7_0_axi_periph/s00_couplers/auto_ds/inst/gen_downsizer.gen_simple_downsizer.axi_downsizer_inst/USE_WRITE.write_addr_inst/cmd_queue/inst/fifo_gen_inst/inst_fifo_gen/gconvfifo.rf/grf.rf/gntv_or_sync_fifo.gl0.rd/gr1.gr1_int.rfwft/gpregsm1.user_valid_reg/CLR
  -------------------------------------------------------------------    -------------------

                         (clock clk_pl_0 rise edge)
                                                      0.000     0.000 r  
    PS8_X0Y0             PS8                          0.000     0.000 r  bnn_top_i/zynq_ultra_ps_e_0/inst/PS8_i/PLCLK[0]
                         net (fo=1, routed)           0.120     0.120    bnn_top_i/zynq_ultra_ps_e_0/inst/pl_clk_unbuffered[0]
    BUFG_PS_X0Y58        BUFG_PS (Prop_BUFG_PS_I_O)
                                                      0.018     0.138 r  bnn_top_i/zynq_ultra_ps_e_0/inst/buffer_pl_clk_0.PL_CLK_0_BUFG/O
    X0Y0 (CLOCK_ROOT)    net (fo=20970, routed)       1.019     1.157    bnn_top_i/ps7_0_axi_periph/s00_couplers/auto_ds/inst/gen_downsizer.gen_simple_downsizer.axi_downsizer_inst/USE_WRITE.write_addr_inst/cmd_queue/inst/fifo_gen_inst/inst_fifo_gen/gconvfifo.rf/grf.rf/gntv_or_sync_fifo.gl0.rd/gr1.gr1_int.rfwft/clk
    SLICE_X5Y38          FDCE                                         r  bnn_top_i/ps7_0_axi_periph/s00_couplers/auto_ds/inst/gen_downsizer.gen_simple_downsizer.axi_downsizer_inst/USE_WRITE.write_addr_inst/cmd_queue/inst/fifo_gen_inst/inst_fifo_gen/gconvfifo.rf/grf.rf/gntv_or_sync_fifo.gl0.rd/gr1.gr1_int.rfwft/gpregsm1.user_valid_reg/C
                         clock pessimism             -0.106     1.051    
    SLICE_X5Y38          FDCE (Remov_BFF2_SLICEM_C_CLR)
                                                     -0.020     1.031    bnn_top_i/ps7_0_axi_periph/s00_couplers/auto_ds/inst/gen_downsizer.gen_simple_downsizer.axi_downsizer_inst/USE_WRITE.write_addr_inst/cmd_queue/inst/fifo_gen_inst/inst_fifo_gen/gconvfifo.rf/grf.rf/gntv_or_sync_fifo.gl0.rd/gr1.gr1_int.rfwft/gpregsm1.user_valid_reg
  -------------------------------------------------------------------
                         required time                         -1.031    
                         arrival time                           1.197    
  -------------------------------------------------------------------
                         slack                                  0.166    

Slack (MET) :             0.167ns  (arrival time - required time)
  Source:                 bnn_top_i/ps7_0_axi_periph/s00_couplers/auto_ds/inst/gen_downsizer.gen_simple_downsizer.axi_downsizer_inst/USE_WRITE.write_addr_inst/cmd_queue/inst/fifo_gen_inst/inst_fifo_gen/gconvfifo.rf/grf.rf/rstblk/ngwrdrst.grst.g7serrst.gnsckt_wrst.gcc_rst.sckt_wr_rst_cc_reg[0]/C
                            (rising edge-triggered cell FDRE clocked by clk_pl_0  {rise@0.000ns fall@1.666ns period=3.333ns})
  Destination:            bnn_top_i/ps7_0_axi_periph/s00_couplers/auto_ds/inst/gen_downsizer.gen_simple_downsizer.axi_downsizer_inst/USE_WRITE.write_addr_inst/cmd_queue/inst/fifo_gen_inst/inst_fifo_gen/gconvfifo.rf/grf.rf/gntv_or_sync_fifo.gl0.rd/gr1.gr1_int.rfwft/empty_fwft_fb_i_reg/PRE
                            (removal check against rising-edge clock clk_pl_0  {rise@0.000ns fall@1.666ns period=3.333ns})
  Path Group:             **async_default**
  Path Type:              Removal (Min at Fast Process Corner)
  Requirement:            0.000ns  (clk_pl_0 rise@0.000ns - clk_pl_0 rise@0.000ns)
  Data Path Delay:        0.200ns  (logic 0.060ns (29.980%)  route 0.140ns (70.020%))
  Logic Levels:           1  (LUT3=1)
  Clock Path Skew:        0.053ns (DCD - SCD - CPR)
    Destination Clock Delay (DCD):    1.155ns
    Source Clock Delay      (SCD):    0.996ns
    Clock Pessimism Removal (CPR):    0.106ns
  Clock Net Delay (Source):      0.885ns (routing 0.430ns, distribution 0.455ns)
  Clock Net Delay (Destination): 1.017ns (routing 0.486ns, distribution 0.531ns)

    Location             Delay type                Incr(ns)  Path(ns)    Netlist Resource(s)
  -------------------------------------------------------------------    -------------------
                         (clock clk_pl_0 rise edge)
                                                      0.000     0.000 r  
    PS8_X0Y0             PS8                          0.000     0.000 r  bnn_top_i/zynq_ultra_ps_e_0/inst/PS8_i/PLCLK[0]
                         net (fo=1, routed)           0.094     0.094    bnn_top_i/zynq_ultra_ps_e_0/inst/pl_clk_unbuffered[0]
    BUFG_PS_X0Y58        BUFG_PS (Prop_BUFG_PS_I_O)
                                                      0.017     0.111 r  bnn_top_i/zynq_ultra_ps_e_0/inst/buffer_pl_clk_0.PL_CLK_0_BUFG/O
    X0Y0 (CLOCK_ROOT)    net (fo=20970, routed)       0.885     0.996    bnn_top_i/ps7_0_axi_periph/s00_couplers/auto_ds/inst/gen_downsizer.gen_simple_downsizer.axi_downsizer_inst/USE_WRITE.write_addr_inst/cmd_queue/inst/fifo_gen_inst/inst_fifo_gen/gconvfifo.rf/grf.rf/rstblk/clk
    SLICE_X4Y38          FDRE                                         r  bnn_top_i/ps7_0_axi_periph/s00_couplers/auto_ds/inst/gen_downsizer.gen_simple_downsizer.axi_downsizer_inst/USE_WRITE.write_addr_inst/cmd_queue/inst/fifo_gen_inst/inst_fifo_gen/gconvfifo.rf/grf.rf/rstblk/ngwrdrst.grst.g7serrst.gnsckt_wrst.gcc_rst.sckt_wr_rst_cc_reg[0]/C
  -------------------------------------------------------------------    -------------------
    SLICE_X4Y38          FDRE (Prop_AFF_SLICEM_C_Q)
                                                      0.038     1.034 f  bnn_top_i/ps7_0_axi_periph/s00_couplers/auto_ds/inst/gen_downsizer.gen_simple_downsizer.axi_downsizer_inst/USE_WRITE.write_addr_inst/cmd_queue/inst/fifo_gen_inst/inst_fifo_gen/gconvfifo.rf/grf.rf/rstblk/ngwrdrst.grst.g7serrst.gnsckt_wrst.gcc_rst.sckt_wr_rst_cc_reg[0]/Q
                         net (fo=3, routed)           0.027     1.060    bnn_top_i/ps7_0_axi_periph/s00_couplers/auto_ds/inst/gen_downsizer.gen_simple_downsizer.axi_downsizer_inst/USE_WRITE.write_addr_inst/cmd_queue/inst/fifo_gen_inst/inst_fifo_gen/gconvfifo.rf/grf.rf/rstblk/ngwrdrst.grst.g7serrst.gnsckt_wrst.gcc_rst.sckt_wr_rst_cc[0]
    SLICE_X4Y38          LUT3 (Prop_B6LUT_SLICEM_I1_O)
                                                      0.022     1.082 f  bnn_top_i/ps7_0_axi_periph/s00_couplers/auto_ds/inst/gen_downsizer.gen_simple_downsizer.axi_downsizer_inst/USE_WRITE.write_addr_inst/cmd_queue/inst/fifo_gen_inst/inst_fifo_gen/gconvfifo.rf/grf.rf/rstblk/gpregsm1.curr_fwft_state[1]_i_2/O
                         net (fo=32, routed)          0.113     1.196    bnn_top_i/ps7_0_axi_periph/s00_couplers/auto_ds/inst/gen_downsizer.gen_simple_downsizer.axi_downsizer_inst/USE_WRITE.write_addr_inst/cmd_queue/inst/fifo_gen_inst/inst_fifo_gen/gconvfifo.rf/grf.rf/gntv_or_sync_fifo.gl0.rd/gr1.gr1_int.rfwft/gpregsm1.user_valid_reg_0
    SLICE_X5Y38          FDPE                                         f  bnn_top_i/ps7_0_axi_periph/s00_couplers/auto_ds/inst/gen_downsizer.gen_simple_downsizer.axi_downsizer_inst/USE_WRITE.write_addr_inst/cmd_queue/inst/fifo_gen_inst/inst_fifo_gen/gconvfifo.rf/grf.rf/gntv_or_sync_fifo.gl0.rd/gr1.gr1_int.rfwft/empty_fwft_fb_i_reg/PRE
  -------------------------------------------------------------------    -------------------

                         (clock clk_pl_0 rise edge)
                                                      0.000     0.000 r  
    PS8_X0Y0             PS8                          0.000     0.000 r  bnn_top_i/zynq_ultra_ps_e_0/inst/PS8_i/PLCLK[0]
                         net (fo=1, routed)           0.120     0.120    bnn_top_i/zynq_ultra_ps_e_0/inst/pl_clk_unbuffered[0]
    BUFG_PS_X0Y58        BUFG_PS (Prop_BUFG_PS_I_O)
                                                      0.018     0.138 r  bnn_top_i/zynq_ultra_ps_e_0/inst/buffer_pl_clk_0.PL_CLK_0_BUFG/O
    X0Y0 (CLOCK_ROOT)    net (fo=20970, routed)       1.017     1.155    bnn_top_i/ps7_0_axi_periph/s00_couplers/auto_ds/inst/gen_downsizer.gen_simple_downsizer.axi_downsizer_inst/USE_WRITE.write_addr_inst/cmd_queue/inst/fifo_gen_inst/inst_fifo_gen/gconvfifo.rf/grf.rf/gntv_or_sync_fifo.gl0.rd/gr1.gr1_int.rfwft/clk
    SLICE_X5Y38          FDPE                                         r  bnn_top_i/ps7_0_axi_periph/s00_couplers/auto_ds/inst/gen_downsizer.gen_simple_downsizer.axi_downsizer_inst/USE_WRITE.write_addr_inst/cmd_queue/inst/fifo_gen_inst/inst_fifo_gen/gconvfifo.rf/grf.rf/gntv_or_sync_fifo.gl0.rd/gr1.gr1_int.rfwft/empty_fwft_fb_i_reg/C
                         clock pessimism             -0.106     1.049    
    SLICE_X5Y38          FDPE (Remov_EFF_SLICEM_C_PRE)
                                                     -0.020     1.029    bnn_top_i/ps7_0_axi_periph/s00_couplers/auto_ds/inst/gen_downsizer.gen_simple_downsizer.axi_downsizer_inst/USE_WRITE.write_addr_inst/cmd_queue/inst/fifo_gen_inst/inst_fifo_gen/gconvfifo.rf/grf.rf/gntv_or_sync_fifo.gl0.rd/gr1.gr1_int.rfwft/empty_fwft_fb_i_reg
  -------------------------------------------------------------------
                         required time                         -1.029    
                         arrival time                           1.196    
  -------------------------------------------------------------------
                         slack                                  0.167    

Slack (MET) :             0.167ns  (arrival time - required time)
  Source:                 bnn_top_i/ps7_0_axi_periph/s00_couplers/auto_ds/inst/gen_downsizer.gen_simple_downsizer.axi_downsizer_inst/USE_WRITE.write_addr_inst/cmd_queue/inst/fifo_gen_inst/inst_fifo_gen/gconvfifo.rf/grf.rf/rstblk/ngwrdrst.grst.g7serrst.gnsckt_wrst.gcc_rst.sckt_wr_rst_cc_reg[0]/C
                            (rising edge-triggered cell FDRE clocked by clk_pl_0  {rise@0.000ns fall@1.666ns period=3.333ns})
  Destination:            bnn_top_i/ps7_0_axi_periph/s00_couplers/auto_ds/inst/gen_downsizer.gen_simple_downsizer.axi_downsizer_inst/USE_WRITE.write_addr_inst/cmd_queue/inst/fifo_gen_inst/inst_fifo_gen/gconvfifo.rf/grf.rf/gntv_or_sync_fifo.gl0.rd/gr1.gr1_int.rfwft/empty_fwft_i_reg/PRE
                            (removal check against rising-edge clock clk_pl_0  {rise@0.000ns fall@1.666ns period=3.333ns})
  Path Group:             **async_default**
  Path Type:              Removal (Min at Fast Process Corner)
  Requirement:            0.000ns  (clk_pl_0 rise@0.000ns - clk_pl_0 rise@0.000ns)
  Data Path Delay:        0.200ns  (logic 0.060ns (29.980%)  route 0.140ns (70.020%))
  Logic Levels:           1  (LUT3=1)
  Clock Path Skew:        0.053ns (DCD - SCD - CPR)
    Destination Clock Delay (DCD):    1.155ns
    Source Clock Delay      (SCD):    0.996ns
    Clock Pessimism Removal (CPR):    0.106ns
  Clock Net Delay (Source):      0.885ns (routing 0.430ns, distribution 0.455ns)
  Clock Net Delay (Destination): 1.017ns (routing 0.486ns, distribution 0.531ns)

    Location             Delay type                Incr(ns)  Path(ns)    Netlist Resource(s)
  -------------------------------------------------------------------    -------------------
                         (clock clk_pl_0 rise edge)
                                                      0.000     0.000 r  
    PS8_X0Y0             PS8                          0.000     0.000 r  bnn_top_i/zynq_ultra_ps_e_0/inst/PS8_i/PLCLK[0]
                         net (fo=1, routed)           0.094     0.094    bnn_top_i/zynq_ultra_ps_e_0/inst/pl_clk_unbuffered[0]
    BUFG_PS_X0Y58        BUFG_PS (Prop_BUFG_PS_I_O)
                                                      0.017     0.111 r  bnn_top_i/zynq_ultra_ps_e_0/inst/buffer_pl_clk_0.PL_CLK_0_BUFG/O
    X0Y0 (CLOCK_ROOT)    net (fo=20970, routed)       0.885     0.996    bnn_top_i/ps7_0_axi_periph/s00_couplers/auto_ds/inst/gen_downsizer.gen_simple_downsizer.axi_downsizer_inst/USE_WRITE.write_addr_inst/cmd_queue/inst/fifo_gen_inst/inst_fifo_gen/gconvfifo.rf/grf.rf/rstblk/clk
    SLICE_X4Y38          FDRE                                         r  bnn_top_i/ps7_0_axi_periph/s00_couplers/auto_ds/inst/gen_downsizer.gen_simple_downsizer.axi_downsizer_inst/USE_WRITE.write_addr_inst/cmd_queue/inst/fifo_gen_inst/inst_fifo_gen/gconvfifo.rf/grf.rf/rstblk/ngwrdrst.grst.g7serrst.gnsckt_wrst.gcc_rst.sckt_wr_rst_cc_reg[0]/C
  -------------------------------------------------------------------    -------------------
    SLICE_X4Y38          FDRE (Prop_AFF_SLICEM_C_Q)
                                                      0.038     1.034 f  bnn_top_i/ps7_0_axi_periph/s00_couplers/auto_ds/inst/gen_downsizer.gen_simple_downsizer.axi_downsizer_inst/USE_WRITE.write_addr_inst/cmd_queue/inst/fifo_gen_inst/inst_fifo_gen/gconvfifo.rf/grf.rf/rstblk/ngwrdrst.grst.g7serrst.gnsckt_wrst.gcc_rst.sckt_wr_rst_cc_reg[0]/Q
                         net (fo=3, routed)           0.027     1.060    bnn_top_i/ps7_0_axi_periph/s00_couplers/auto_ds/inst/gen_downsizer.gen_simple_downsizer.axi_downsizer_inst/USE_WRITE.write_addr_inst/cmd_queue/inst/fifo_gen_inst/inst_fifo_gen/gconvfifo.rf/grf.rf/rstblk/ngwrdrst.grst.g7serrst.gnsckt_wrst.gcc_rst.sckt_wr_rst_cc[0]
    SLICE_X4Y38          LUT3 (Prop_B6LUT_SLICEM_I1_O)
                                                      0.022     1.082 f  bnn_top_i/ps7_0_axi_periph/s00_couplers/auto_ds/inst/gen_downsizer.gen_simple_downsizer.axi_downsizer_inst/USE_WRITE.write_addr_inst/cmd_queue/inst/fifo_gen_inst/inst_fifo_gen/gconvfifo.rf/grf.rf/rstblk/gpregsm1.curr_fwft_state[1]_i_2/O
                         net (fo=32, routed)          0.113     1.196    bnn_top_i/ps7_0_axi_periph/s00_couplers/auto_ds/inst/gen_downsizer.gen_simple_downsizer.axi_downsizer_inst/USE_WRITE.write_addr_inst/cmd_queue/inst/fifo_gen_inst/inst_fifo_gen/gconvfifo.rf/grf.rf/gntv_or_sync_fifo.gl0.rd/gr1.gr1_int.rfwft/gpregsm1.user_valid_reg_0
    SLICE_X5Y38          FDPE                                         f  bnn_top_i/ps7_0_axi_periph/s00_couplers/auto_ds/inst/gen_downsizer.gen_simple_downsizer.axi_downsizer_inst/USE_WRITE.write_addr_inst/cmd_queue/inst/fifo_gen_inst/inst_fifo_gen/gconvfifo.rf/grf.rf/gntv_or_sync_fifo.gl0.rd/gr1.gr1_int.rfwft/empty_fwft_i_reg/PRE
  -------------------------------------------------------------------    -------------------

                         (clock clk_pl_0 rise edge)
                                                      0.000     0.000 r  
    PS8_X0Y0             PS8                          0.000     0.000 r  bnn_top_i/zynq_ultra_ps_e_0/inst/PS8_i/PLCLK[0]
                         net (fo=1, routed)           0.120     0.120    bnn_top_i/zynq_ultra_ps_e_0/inst/pl_clk_unbuffered[0]
    BUFG_PS_X0Y58        BUFG_PS (Prop_BUFG_PS_I_O)
                                                      0.018     0.138 r  bnn_top_i/zynq_ultra_ps_e_0/inst/buffer_pl_clk_0.PL_CLK_0_BUFG/O
    X0Y0 (CLOCK_ROOT)    net (fo=20970, routed)       1.017     1.155    bnn_top_i/ps7_0_axi_periph/s00_couplers/auto_ds/inst/gen_downsizer.gen_simple_downsizer.axi_downsizer_inst/USE_WRITE.write_addr_inst/cmd_queue/inst/fifo_gen_inst/inst_fifo_gen/gconvfifo.rf/grf.rf/gntv_or_sync_fifo.gl0.rd/gr1.gr1_int.rfwft/clk
    SLICE_X5Y38          FDPE                                         r  bnn_top_i/ps7_0_axi_periph/s00_couplers/auto_ds/inst/gen_downsizer.gen_simple_downsizer.axi_downsizer_inst/USE_WRITE.write_addr_inst/cmd_queue/inst/fifo_gen_inst/inst_fifo_gen/gconvfifo.rf/grf.rf/gntv_or_sync_fifo.gl0.rd/gr1.gr1_int.rfwft/empty_fwft_i_reg/C
                         clock pessimism             -0.106     1.049    
    SLICE_X5Y38          FDPE (Remov_EFF2_SLICEM_C_PRE)
                                                     -0.020     1.029    bnn_top_i/ps7_0_axi_periph/s00_couplers/auto_ds/inst/gen_downsizer.gen_simple_downsizer.axi_downsizer_inst/USE_WRITE.write_addr_inst/cmd_queue/inst/fifo_gen_inst/inst_fifo_gen/gconvfifo.rf/grf.rf/gntv_or_sync_fifo.gl0.rd/gr1.gr1_int.rfwft/empty_fwft_i_reg
  -------------------------------------------------------------------
                         required time                         -1.029    
                         arrival time                           1.196    
  -------------------------------------------------------------------
                         slack                                  0.167    

Slack (MET) :             0.178ns  (arrival time - required time)
  Source:                 bnn_top_i/ps7_0_axi_periph/s00_couplers/auto_ds/inst/gen_downsizer.gen_simple_downsizer.axi_downsizer_inst/USE_WRITE.write_addr_inst/USE_B_CHANNEL.cmd_b_queue/inst/fifo_gen_inst/inst_fifo_gen/gconvfifo.rf/grf.rf/rstblk/ngwrdrst.grst.g7serrst.gnsckt_wrst.gcc_rst.sckt_wr_rst_cc_reg[1]/C
                            (rising edge-triggered cell FDRE clocked by clk_pl_0  {rise@0.000ns fall@1.666ns period=3.333ns})
  Destination:            bnn_top_i/ps7_0_axi_periph/s00_couplers/auto_ds/inst/gen_downsizer.gen_simple_downsizer.axi_downsizer_inst/USE_WRITE.write_addr_inst/USE_B_CHANNEL.cmd_b_queue/inst/fifo_gen_inst/inst_fifo_gen/gconvfifo.rf/grf.rf/gntv_or_sync_fifo.gl0.rd/gr1.gr1_int.rfwft/empty_fwft_fb_i_reg/PRE
                            (removal check against rising-edge clock clk_pl_0  {rise@0.000ns fall@1.666ns period=3.333ns})
  Path Group:             **async_default**
  Path Type:              Removal (Min at Fast Process Corner)
  Requirement:            0.000ns  (clk_pl_0 rise@0.000ns - clk_pl_0 rise@0.000ns)
  Data Path Delay:        0.198ns  (logic 0.053ns (26.744%)  route 0.145ns (73.256%))
  Logic Levels:           1  (LUT3=1)
  Clock Path Skew:        0.041ns (DCD - SCD - CPR)
    Destination Clock Delay (DCD):    1.150ns
    Source Clock Delay      (SCD):    1.004ns
    Clock Pessimism Removal (CPR):    0.106ns
  Clock Net Delay (Source):      0.893ns (routing 0.430ns, distribution 0.463ns)
  Clock Net Delay (Destination): 1.012ns (routing 0.486ns, distribution 0.526ns)

    Location             Delay type                Incr(ns)  Path(ns)    Netlist Resource(s)
  -------------------------------------------------------------------    -------------------
                         (clock clk_pl_0 rise edge)
                                                      0.000     0.000 r  
    PS8_X0Y0             PS8                          0.000     0.000 r  bnn_top_i/zynq_ultra_ps_e_0/inst/PS8_i/PLCLK[0]
                         net (fo=1, routed)           0.094     0.094    bnn_top_i/zynq_ultra_ps_e_0/inst/pl_clk_unbuffered[0]
    BUFG_PS_X0Y58        BUFG_PS (Prop_BUFG_PS_I_O)
                                                      0.017     0.111 r  bnn_top_i/zynq_ultra_ps_e_0/inst/buffer_pl_clk_0.PL_CLK_0_BUFG/O
    X0Y0 (CLOCK_ROOT)    net (fo=20970, routed)       0.893     1.004    bnn_top_i/ps7_0_axi_periph/s00_couplers/auto_ds/inst/gen_downsizer.gen_simple_downsizer.axi_downsizer_inst/USE_WRITE.write_addr_inst/USE_B_CHANNEL.cmd_b_queue/inst/fifo_gen_inst/inst_fifo_gen/gconvfifo.rf/grf.rf/rstblk/clk
    SLICE_X1Y39          FDRE                                         r  bnn_top_i/ps7_0_axi_periph/s00_couplers/auto_ds/inst/gen_downsizer.gen_simple_downsizer.axi_downsizer_inst/USE_WRITE.write_addr_inst/USE_B_CHANNEL.cmd_b_queue/inst/fifo_gen_inst/inst_fifo_gen/gconvfifo.rf/grf.rf/rstblk/ngwrdrst.grst.g7serrst.gnsckt_wrst.gcc_rst.sckt_wr_rst_cc_reg[1]/C
  -------------------------------------------------------------------    -------------------
    SLICE_X1Y39          FDRE (Prop_CFF2_SLICEM_C_Q)
                                                      0.039     1.043 f  bnn_top_i/ps7_0_axi_periph/s00_couplers/auto_ds/inst/gen_downsizer.gen_simple_downsizer.axi_downsizer_inst/USE_WRITE.write_addr_inst/USE_B_CHANNEL.cmd_b_queue/inst/fifo_gen_inst/inst_fifo_gen/gconvfifo.rf/grf.rf/rstblk/ngwrdrst.grst.g7serrst.gnsckt_wrst.gcc_rst.sckt_wr_rst_cc_reg[1]/Q
                         net (fo=2, routed)           0.058     1.100    bnn_top_i/ps7_0_axi_periph/s00_couplers/auto_ds/inst/gen_downsizer.gen_simple_downsizer.axi_downsizer_inst/USE_WRITE.write_addr_inst/USE_B_CHANNEL.cmd_b_queue/inst/fifo_gen_inst/inst_fifo_gen/gconvfifo.rf/grf.rf/rstblk/ngwrdrst.grst.g7serrst.gnsckt_wrst.gcc_rst.sckt_wr_rst_cc[1]
    SLICE_X1Y39          LUT3 (Prop_C6LUT_SLICEM_I0_O)
                                                      0.014     1.114 f  bnn_top_i/ps7_0_axi_periph/s00_couplers/auto_ds/inst/gen_downsizer.gen_simple_downsizer.axi_downsizer_inst/USE_WRITE.write_addr_inst/USE_B_CHANNEL.cmd_b_queue/inst/fifo_gen_inst/inst_fifo_gen/gconvfifo.rf/grf.rf/rstblk/gpregsm1.curr_fwft_state[1]_i_2/O
                         net (fo=32, routed)          0.087     1.202    bnn_top_i/ps7_0_axi_periph/s00_couplers/auto_ds/inst/gen_downsizer.gen_simple_downsizer.axi_downsizer_inst/USE_WRITE.write_addr_inst/USE_B_CHANNEL.cmd_b_queue/inst/fifo_gen_inst/inst_fifo_gen/gconvfifo.rf/grf.rf/gntv_or_sync_fifo.gl0.rd/gr1.gr1_int.rfwft/gpregsm1.user_valid_reg_0
    SLICE_X0Y39          FDPE                                         f  bnn_top_i/ps7_0_axi_periph/s00_couplers/auto_ds/inst/gen_downsizer.gen_simple_downsizer.axi_downsizer_inst/USE_WRITE.write_addr_inst/USE_B_CHANNEL.cmd_b_queue/inst/fifo_gen_inst/inst_fifo_gen/gconvfifo.rf/grf.rf/gntv_or_sync_fifo.gl0.rd/gr1.gr1_int.rfwft/empty_fwft_fb_i_reg/PRE
  -------------------------------------------------------------------    -------------------

                         (clock clk_pl_0 rise edge)
                                                      0.000     0.000 r  
    PS8_X0Y0             PS8                          0.000     0.000 r  bnn_top_i/zynq_ultra_ps_e_0/inst/PS8_i/PLCLK[0]
                         net (fo=1, routed)           0.120     0.120    bnn_top_i/zynq_ultra_ps_e_0/inst/pl_clk_unbuffered[0]
    BUFG_PS_X0Y58        BUFG_PS (Prop_BUFG_PS_I_O)
                                                      0.018     0.138 r  bnn_top_i/zynq_ultra_ps_e_0/inst/buffer_pl_clk_0.PL_CLK_0_BUFG/O
    X0Y0 (CLOCK_ROOT)    net (fo=20970, routed)       1.012     1.150    bnn_top_i/ps7_0_axi_periph/s00_couplers/auto_ds/inst/gen_downsizer.gen_simple_downsizer.axi_downsizer_inst/USE_WRITE.write_addr_inst/USE_B_CHANNEL.cmd_b_queue/inst/fifo_gen_inst/inst_fifo_gen/gconvfifo.rf/grf.rf/gntv_or_sync_fifo.gl0.rd/gr1.gr1_int.rfwft/clk
    SLICE_X0Y39          FDPE                                         r  bnn_top_i/ps7_0_axi_periph/s00_couplers/auto_ds/inst/gen_downsizer.gen_simple_downsizer.axi_downsizer_inst/USE_WRITE.write_addr_inst/USE_B_CHANNEL.cmd_b_queue/inst/fifo_gen_inst/inst_fifo_gen/gconvfifo.rf/grf.rf/gntv_or_sync_fifo.gl0.rd/gr1.gr1_int.rfwft/empty_fwft_fb_i_reg/C
                         clock pessimism             -0.106     1.044    
    SLICE_X0Y39          FDPE (Remov_HFF2_SLICEL_C_PRE)
                                                     -0.020     1.024    bnn_top_i/ps7_0_axi_periph/s00_couplers/auto_ds/inst/gen_downsizer.gen_simple_downsizer.axi_downsizer_inst/USE_WRITE.write_addr_inst/USE_B_CHANNEL.cmd_b_queue/inst/fifo_gen_inst/inst_fifo_gen/gconvfifo.rf/grf.rf/gntv_or_sync_fifo.gl0.rd/gr1.gr1_int.rfwft/empty_fwft_fb_i_reg
  -------------------------------------------------------------------
                         required time                         -1.024    
                         arrival time                           1.202    
  -------------------------------------------------------------------
                         slack                                  0.178    

Slack (MET) :             0.178ns  (arrival time - required time)
  Source:                 bnn_top_i/ps7_0_axi_periph/s00_couplers/auto_ds/inst/gen_downsizer.gen_simple_downsizer.axi_downsizer_inst/USE_WRITE.write_addr_inst/USE_B_CHANNEL.cmd_b_queue/inst/fifo_gen_inst/inst_fifo_gen/gconvfifo.rf/grf.rf/rstblk/ngwrdrst.grst.g7serrst.gnsckt_wrst.gcc_rst.sckt_wr_rst_cc_reg[1]/C
                            (rising edge-triggered cell FDRE clocked by clk_pl_0  {rise@0.000ns fall@1.666ns period=3.333ns})
  Destination:            bnn_top_i/ps7_0_axi_periph/s00_couplers/auto_ds/inst/gen_downsizer.gen_simple_downsizer.axi_downsizer_inst/USE_WRITE.write_addr_inst/USE_B_CHANNEL.cmd_b_queue/inst/fifo_gen_inst/inst_fifo_gen/gconvfifo.rf/grf.rf/gntv_or_sync_fifo.gl0.rd/gr1.gr1_int.rfwft/empty_fwft_i_reg/PRE
                            (removal check against rising-edge clock clk_pl_0  {rise@0.000ns fall@1.666ns period=3.333ns})
  Path Group:             **async_default**
  Path Type:              Removal (Min at Fast Process Corner)
  Requirement:            0.000ns  (clk_pl_0 rise@0.000ns - clk_pl_0 rise@0.000ns)
  Data Path Delay:        0.198ns  (logic 0.053ns (26.744%)  route 0.145ns (73.256%))
  Logic Levels:           1  (LUT3=1)
  Clock Path Skew:        0.041ns (DCD - SCD - CPR)
    Destination Clock Delay (DCD):    1.150ns
    Source Clock Delay      (SCD):    1.004ns
    Clock Pessimism Removal (CPR):    0.106ns
  Clock Net Delay (Source):      0.893ns (routing 0.430ns, distribution 0.463ns)
  Clock Net Delay (Destination): 1.012ns (routing 0.486ns, distribution 0.526ns)

    Location             Delay type                Incr(ns)  Path(ns)    Netlist Resource(s)
  -------------------------------------------------------------------    -------------------
                         (clock clk_pl_0 rise edge)
                                                      0.000     0.000 r  
    PS8_X0Y0             PS8                          0.000     0.000 r  bnn_top_i/zynq_ultra_ps_e_0/inst/PS8_i/PLCLK[0]
                         net (fo=1, routed)           0.094     0.094    bnn_top_i/zynq_ultra_ps_e_0/inst/pl_clk_unbuffered[0]
    BUFG_PS_X0Y58        BUFG_PS (Prop_BUFG_PS_I_O)
                                                      0.017     0.111 r  bnn_top_i/zynq_ultra_ps_e_0/inst/buffer_pl_clk_0.PL_CLK_0_BUFG/O
    X0Y0 (CLOCK_ROOT)    net (fo=20970, routed)       0.893     1.004    bnn_top_i/ps7_0_axi_periph/s00_couplers/auto_ds/inst/gen_downsizer.gen_simple_downsizer.axi_downsizer_inst/USE_WRITE.write_addr_inst/USE_B_CHANNEL.cmd_b_queue/inst/fifo_gen_inst/inst_fifo_gen/gconvfifo.rf/grf.rf/rstblk/clk
    SLICE_X1Y39          FDRE                                         r  bnn_top_i/ps7_0_axi_periph/s00_couplers/auto_ds/inst/gen_downsizer.gen_simple_downsizer.axi_downsizer_inst/USE_WRITE.write_addr_inst/USE_B_CHANNEL.cmd_b_queue/inst/fifo_gen_inst/inst_fifo_gen/gconvfifo.rf/grf.rf/rstblk/ngwrdrst.grst.g7serrst.gnsckt_wrst.gcc_rst.sckt_wr_rst_cc_reg[1]/C
  -------------------------------------------------------------------    -------------------
    SLICE_X1Y39          FDRE (Prop_CFF2_SLICEM_C_Q)
                                                      0.039     1.043 f  bnn_top_i/ps7_0_axi_periph/s00_couplers/auto_ds/inst/gen_downsizer.gen_simple_downsizer.axi_downsizer_inst/USE_WRITE.write_addr_inst/USE_B_CHANNEL.cmd_b_queue/inst/fifo_gen_inst/inst_fifo_gen/gconvfifo.rf/grf.rf/rstblk/ngwrdrst.grst.g7serrst.gnsckt_wrst.gcc_rst.sckt_wr_rst_cc_reg[1]/Q
                         net (fo=2, routed)           0.058     1.100    bnn_top_i/ps7_0_axi_periph/s00_couplers/auto_ds/inst/gen_downsizer.gen_simple_downsizer.axi_downsizer_inst/USE_WRITE.write_addr_inst/USE_B_CHANNEL.cmd_b_queue/inst/fifo_gen_inst/inst_fifo_gen/gconvfifo.rf/grf.rf/rstblk/ngwrdrst.grst.g7serrst.gnsckt_wrst.gcc_rst.sckt_wr_rst_cc[1]
    SLICE_X1Y39          LUT3 (Prop_C6LUT_SLICEM_I0_O)
                                                      0.014     1.114 f  bnn_top_i/ps7_0_axi_periph/s00_couplers/auto_ds/inst/gen_downsizer.gen_simple_downsizer.axi_downsizer_inst/USE_WRITE.write_addr_inst/USE_B_CHANNEL.cmd_b_queue/inst/fifo_gen_inst/inst_fifo_gen/gconvfifo.rf/grf.rf/rstblk/gpregsm1.curr_fwft_state[1]_i_2/O
                         net (fo=32, routed)          0.087     1.202    bnn_top_i/ps7_0_axi_periph/s00_couplers/auto_ds/inst/gen_downsizer.gen_simple_downsizer.axi_downsizer_inst/USE_WRITE.write_addr_inst/USE_B_CHANNEL.cmd_b_queue/inst/fifo_gen_inst/inst_fifo_gen/gconvfifo.rf/grf.rf/gntv_or_sync_fifo.gl0.rd/gr1.gr1_int.rfwft/gpregsm1.user_valid_reg_0
    SLICE_X0Y39          FDPE                                         f  bnn_top_i/ps7_0_axi_periph/s00_couplers/auto_ds/inst/gen_downsizer.gen_simple_downsizer.axi_downsizer_inst/USE_WRITE.write_addr_inst/USE_B_CHANNEL.cmd_b_queue/inst/fifo_gen_inst/inst_fifo_gen/gconvfifo.rf/grf.rf/gntv_or_sync_fifo.gl0.rd/gr1.gr1_int.rfwft/empty_fwft_i_reg/PRE
  -------------------------------------------------------------------    -------------------

                         (clock clk_pl_0 rise edge)
                                                      0.000     0.000 r  
    PS8_X0Y0             PS8                          0.000     0.000 r  bnn_top_i/zynq_ultra_ps_e_0/inst/PS8_i/PLCLK[0]
                         net (fo=1, routed)           0.120     0.120    bnn_top_i/zynq_ultra_ps_e_0/inst/pl_clk_unbuffered[0]
    BUFG_PS_X0Y58        BUFG_PS (Prop_BUFG_PS_I_O)
                                                      0.018     0.138 r  bnn_top_i/zynq_ultra_ps_e_0/inst/buffer_pl_clk_0.PL_CLK_0_BUFG/O
    X0Y0 (CLOCK_ROOT)    net (fo=20970, routed)       1.012     1.150    bnn_top_i/ps7_0_axi_periph/s00_couplers/auto_ds/inst/gen_downsizer.gen_simple_downsizer.axi_downsizer_inst/USE_WRITE.write_addr_inst/USE_B_CHANNEL.cmd_b_queue/inst/fifo_gen_inst/inst_fifo_gen/gconvfifo.rf/grf.rf/gntv_or_sync_fifo.gl0.rd/gr1.gr1_int.rfwft/clk
    SLICE_X0Y39          FDPE                                         r  bnn_top_i/ps7_0_axi_periph/s00_couplers/auto_ds/inst/gen_downsizer.gen_simple_downsizer.axi_downsizer_inst/USE_WRITE.write_addr_inst/USE_B_CHANNEL.cmd_b_queue/inst/fifo_gen_inst/inst_fifo_gen/gconvfifo.rf/grf.rf/gntv_or_sync_fifo.gl0.rd/gr1.gr1_int.rfwft/empty_fwft_i_reg/C
                         clock pessimism             -0.106     1.044    
    SLICE_X0Y39          FDPE (Remov_GFF2_SLICEL_C_PRE)
                                                     -0.020     1.024    bnn_top_i/ps7_0_axi_periph/s00_couplers/auto_ds/inst/gen_downsizer.gen_simple_downsizer.axi_downsizer_inst/USE_WRITE.write_addr_inst/USE_B_CHANNEL.cmd_b_queue/inst/fifo_gen_inst/inst_fifo_gen/gconvfifo.rf/grf.rf/gntv_or_sync_fifo.gl0.rd/gr1.gr1_int.rfwft/empty_fwft_i_reg
  -------------------------------------------------------------------
                         required time                         -1.024    
                         arrival time                           1.202    
  -------------------------------------------------------------------
                         slack                                  0.178    

Slack (MET) :             0.178ns  (arrival time - required time)
  Source:                 bnn_top_i/ps7_0_axi_periph/s00_couplers/auto_ds/inst/gen_downsizer.gen_simple_downsizer.axi_downsizer_inst/USE_WRITE.write_addr_inst/USE_B_CHANNEL.cmd_b_queue/inst/fifo_gen_inst/inst_fifo_gen/gconvfifo.rf/grf.rf/rstblk/ngwrdrst.grst.g7serrst.gnsckt_wrst.gcc_rst.sckt_wr_rst_cc_reg[1]/C
                            (rising edge-triggered cell FDRE clocked by clk_pl_0  {rise@0.000ns fall@1.666ns period=3.333ns})
  Destination:            bnn_top_i/ps7_0_axi_periph/s00_couplers/auto_ds/inst/gen_downsizer.gen_simple_downsizer.axi_downsizer_inst/USE_WRITE.write_addr_inst/USE_B_CHANNEL.cmd_b_queue/inst/fifo_gen_inst/inst_fifo_gen/gconvfifo.rf/grf.rf/gntv_or_sync_fifo.gl0.wr/wpntr/gcc0.gc0.count_d1_reg[4]/CLR
                            (removal check against rising-edge clock clk_pl_0  {rise@0.000ns fall@1.666ns period=3.333ns})
  Path Group:             **async_default**
  Path Type:              Removal (Min at Fast Process Corner)
  Requirement:            0.000ns  (clk_pl_0 rise@0.000ns - clk_pl_0 rise@0.000ns)
  Data Path Delay:        0.198ns  (logic 0.053ns (26.744%)  route 0.145ns (73.256%))
  Logic Levels:           1  (LUT3=1)
  Clock Path Skew:        0.041ns (DCD - SCD - CPR)
    Destination Clock Delay (DCD):    1.150ns
    Source Clock Delay      (SCD):    1.004ns
    Clock Pessimism Removal (CPR):    0.106ns
  Clock Net Delay (Source):      0.893ns (routing 0.430ns, distribution 0.463ns)
  Clock Net Delay (Destination): 1.012ns (routing 0.486ns, distribution 0.526ns)

    Location             Delay type                Incr(ns)  Path(ns)    Netlist Resource(s)
  -------------------------------------------------------------------    -------------------
                         (clock clk_pl_0 rise edge)
                                                      0.000     0.000 r  
    PS8_X0Y0             PS8                          0.000     0.000 r  bnn_top_i/zynq_ultra_ps_e_0/inst/PS8_i/PLCLK[0]
                         net (fo=1, routed)           0.094     0.094    bnn_top_i/zynq_ultra_ps_e_0/inst/pl_clk_unbuffered[0]
    BUFG_PS_X0Y58        BUFG_PS (Prop_BUFG_PS_I_O)
                                                      0.017     0.111 r  bnn_top_i/zynq_ultra_ps_e_0/inst/buffer_pl_clk_0.PL_CLK_0_BUFG/O
    X0Y0 (CLOCK_ROOT)    net (fo=20970, routed)       0.893     1.004    bnn_top_i/ps7_0_axi_periph/s00_couplers/auto_ds/inst/gen_downsizer.gen_simple_downsizer.axi_downsizer_inst/USE_WRITE.write_addr_inst/USE_B_CHANNEL.cmd_b_queue/inst/fifo_gen_inst/inst_fifo_gen/gconvfifo.rf/grf.rf/rstblk/clk
    SLICE_X1Y39          FDRE                                         r  bnn_top_i/ps7_0_axi_periph/s00_couplers/auto_ds/inst/gen_downsizer.gen_simple_downsizer.axi_downsizer_inst/USE_WRITE.write_addr_inst/USE_B_CHANNEL.cmd_b_queue/inst/fifo_gen_inst/inst_fifo_gen/gconvfifo.rf/grf.rf/rstblk/ngwrdrst.grst.g7serrst.gnsckt_wrst.gcc_rst.sckt_wr_rst_cc_reg[1]/C
  -------------------------------------------------------------------    -------------------
    SLICE_X1Y39          FDRE (Prop_CFF2_SLICEM_C_Q)
                                                      0.039     1.043 f  bnn_top_i/ps7_0_axi_periph/s00_couplers/auto_ds/inst/gen_downsizer.gen_simple_downsizer.axi_downsizer_inst/USE_WRITE.write_addr_inst/USE_B_CHANNEL.cmd_b_queue/inst/fifo_gen_inst/inst_fifo_gen/gconvfifo.rf/grf.rf/rstblk/ngwrdrst.grst.g7serrst.gnsckt_wrst.gcc_rst.sckt_wr_rst_cc_reg[1]/Q
                         net (fo=2, routed)           0.058     1.100    bnn_top_i/ps7_0_axi_periph/s00_couplers/auto_ds/inst/gen_downsizer.gen_simple_downsizer.axi_downsizer_inst/USE_WRITE.write_addr_inst/USE_B_CHANNEL.cmd_b_queue/inst/fifo_gen_inst/inst_fifo_gen/gconvfifo.rf/grf.rf/rstblk/ngwrdrst.grst.g7serrst.gnsckt_wrst.gcc_rst.sckt_wr_rst_cc[1]
    SLICE_X1Y39          LUT3 (Prop_C6LUT_SLICEM_I0_O)
                                                      0.014     1.114 f  bnn_top_i/ps7_0_axi_periph/s00_couplers/auto_ds/inst/gen_downsizer.gen_simple_downsizer.axi_downsizer_inst/USE_WRITE.write_addr_inst/USE_B_CHANNEL.cmd_b_queue/inst/fifo_gen_inst/inst_fifo_gen/gconvfifo.rf/grf.rf/rstblk/gpregsm1.curr_fwft_state[1]_i_2/O
                         net (fo=32, routed)          0.087     1.202    bnn_top_i/ps7_0_axi_periph/s00_couplers/auto_ds/inst/gen_downsizer.gen_simple_downsizer.axi_downsizer_inst/USE_WRITE.write_addr_inst/USE_B_CHANNEL.cmd_b_queue/inst/fifo_gen_inst/inst_fifo_gen/gconvfifo.rf/grf.rf/gntv_or_sync_fifo.gl0.wr/wpntr/AR[0]
    SLICE_X0Y39          FDCE                                         f  bnn_top_i/ps7_0_axi_periph/s00_couplers/auto_ds/inst/gen_downsizer.gen_simple_downsizer.axi_downsizer_inst/USE_WRITE.write_addr_inst/USE_B_CHANNEL.cmd_b_queue/inst/fifo_gen_inst/inst_fifo_gen/gconvfifo.rf/grf.rf/gntv_or_sync_fifo.gl0.wr/wpntr/gcc0.gc0.count_d1_reg[4]/CLR
  -------------------------------------------------------------------    -------------------

                         (clock clk_pl_0 rise edge)
                                                      0.000     0.000 r  
    PS8_X0Y0             PS8                          0.000     0.000 r  bnn_top_i/zynq_ultra_ps_e_0/inst/PS8_i/PLCLK[0]
                         net (fo=1, routed)           0.120     0.120    bnn_top_i/zynq_ultra_ps_e_0/inst/pl_clk_unbuffered[0]
    BUFG_PS_X0Y58        BUFG_PS (Prop_BUFG_PS_I_O)
                                                      0.018     0.138 r  bnn_top_i/zynq_ultra_ps_e_0/inst/buffer_pl_clk_0.PL_CLK_0_BUFG/O
    X0Y0 (CLOCK_ROOT)    net (fo=20970, routed)       1.012     1.150    bnn_top_i/ps7_0_axi_periph/s00_couplers/auto_ds/inst/gen_downsizer.gen_simple_downsizer.axi_downsizer_inst/USE_WRITE.write_addr_inst/USE_B_CHANNEL.cmd_b_queue/inst/fifo_gen_inst/inst_fifo_gen/gconvfifo.rf/grf.rf/gntv_or_sync_fifo.gl0.wr/wpntr/clk
    SLICE_X0Y39          FDCE                                         r  bnn_top_i/ps7_0_axi_periph/s00_couplers/auto_ds/inst/gen_downsizer.gen_simple_downsizer.axi_downsizer_inst/USE_WRITE.write_addr_inst/USE_B_CHANNEL.cmd_b_queue/inst/fifo_gen_inst/inst_fifo_gen/gconvfifo.rf/grf.rf/gntv_or_sync_fifo.gl0.wr/wpntr/gcc0.gc0.count_d1_reg[4]/C
                         clock pessimism             -0.106     1.044    
    SLICE_X0Y39          FDCE (Remov_GFF_SLICEL_C_CLR)
                                                     -0.020     1.024    bnn_top_i/ps7_0_axi_periph/s00_couplers/auto_ds/inst/gen_downsizer.gen_simple_downsizer.axi_downsizer_inst/USE_WRITE.write_addr_inst/USE_B_CHANNEL.cmd_b_queue/inst/fifo_gen_inst/inst_fifo_gen/gconvfifo.rf/grf.rf/gntv_or_sync_fifo.gl0.wr/wpntr/gcc0.gc0.count_d1_reg[4]
  -------------------------------------------------------------------
                         required time                         -1.024    
                         arrival time                           1.202    
  -------------------------------------------------------------------
                         slack                                  0.178    

Slack (MET) :             0.178ns  (arrival time - required time)
  Source:                 bnn_top_i/ps7_0_axi_periph/s00_couplers/auto_ds/inst/gen_downsizer.gen_simple_downsizer.axi_downsizer_inst/USE_WRITE.write_addr_inst/USE_B_CHANNEL.cmd_b_queue/inst/fifo_gen_inst/inst_fifo_gen/gconvfifo.rf/grf.rf/rstblk/ngwrdrst.grst.g7serrst.gnsckt_wrst.gcc_rst.sckt_wr_rst_cc_reg[1]/C
                            (rising edge-triggered cell FDRE clocked by clk_pl_0  {rise@0.000ns fall@1.666ns period=3.333ns})
  Destination:            bnn_top_i/ps7_0_axi_periph/s00_couplers/auto_ds/inst/gen_downsizer.gen_simple_downsizer.axi_downsizer_inst/USE_WRITE.write_addr_inst/USE_B_CHANNEL.cmd_b_queue/inst/fifo_gen_inst/inst_fifo_gen/gconvfifo.rf/grf.rf/gntv_or_sync_fifo.gl0.wr/wpntr/gcc0.gc0.count_reg[0]/PRE
                            (removal check against rising-edge clock clk_pl_0  {rise@0.000ns fall@1.666ns period=3.333ns})
  Path Group:             **async_default**
  Path Type:              Removal (Min at Fast Process Corner)
  Requirement:            0.000ns  (clk_pl_0 rise@0.000ns - clk_pl_0 rise@0.000ns)
  Data Path Delay:        0.198ns  (logic 0.053ns (26.744%)  route 0.145ns (73.256%))
  Logic Levels:           1  (LUT3=1)
  Clock Path Skew:        0.041ns (DCD - SCD - CPR)
    Destination Clock Delay (DCD):    1.150ns
    Source Clock Delay      (SCD):    1.004ns
    Clock Pessimism Removal (CPR):    0.106ns
  Clock Net Delay (Source):      0.893ns (routing 0.430ns, distribution 0.463ns)
  Clock Net Delay (Destination): 1.012ns (routing 0.486ns, distribution 0.526ns)

    Location             Delay type                Incr(ns)  Path(ns)    Netlist Resource(s)
  -------------------------------------------------------------------    -------------------
                         (clock clk_pl_0 rise edge)
                                                      0.000     0.000 r  
    PS8_X0Y0             PS8                          0.000     0.000 r  bnn_top_i/zynq_ultra_ps_e_0/inst/PS8_i/PLCLK[0]
                         net (fo=1, routed)           0.094     0.094    bnn_top_i/zynq_ultra_ps_e_0/inst/pl_clk_unbuffered[0]
    BUFG_PS_X0Y58        BUFG_PS (Prop_BUFG_PS_I_O)
                                                      0.017     0.111 r  bnn_top_i/zynq_ultra_ps_e_0/inst/buffer_pl_clk_0.PL_CLK_0_BUFG/O
    X0Y0 (CLOCK_ROOT)    net (fo=20970, routed)       0.893     1.004    bnn_top_i/ps7_0_axi_periph/s00_couplers/auto_ds/inst/gen_downsizer.gen_simple_downsizer.axi_downsizer_inst/USE_WRITE.write_addr_inst/USE_B_CHANNEL.cmd_b_queue/inst/fifo_gen_inst/inst_fifo_gen/gconvfifo.rf/grf.rf/rstblk/clk
    SLICE_X1Y39          FDRE                                         r  bnn_top_i/ps7_0_axi_periph/s00_couplers/auto_ds/inst/gen_downsizer.gen_simple_downsizer.axi_downsizer_inst/USE_WRITE.write_addr_inst/USE_B_CHANNEL.cmd_b_queue/inst/fifo_gen_inst/inst_fifo_gen/gconvfifo.rf/grf.rf/rstblk/ngwrdrst.grst.g7serrst.gnsckt_wrst.gcc_rst.sckt_wr_rst_cc_reg[1]/C
  -------------------------------------------------------------------    -------------------
    SLICE_X1Y39          FDRE (Prop_CFF2_SLICEM_C_Q)
                                                      0.039     1.043 f  bnn_top_i/ps7_0_axi_periph/s00_couplers/auto_ds/inst/gen_downsizer.gen_simple_downsizer.axi_downsizer_inst/USE_WRITE.write_addr_inst/USE_B_CHANNEL.cmd_b_queue/inst/fifo_gen_inst/inst_fifo_gen/gconvfifo.rf/grf.rf/rstblk/ngwrdrst.grst.g7serrst.gnsckt_wrst.gcc_rst.sckt_wr_rst_cc_reg[1]/Q
                         net (fo=2, routed)           0.058     1.100    bnn_top_i/ps7_0_axi_periph/s00_couplers/auto_ds/inst/gen_downsizer.gen_simple_downsizer.axi_downsizer_inst/USE_WRITE.write_addr_inst/USE_B_CHANNEL.cmd_b_queue/inst/fifo_gen_inst/inst_fifo_gen/gconvfifo.rf/grf.rf/rstblk/ngwrdrst.grst.g7serrst.gnsckt_wrst.gcc_rst.sckt_wr_rst_cc[1]
    SLICE_X1Y39          LUT3 (Prop_C6LUT_SLICEM_I0_O)
                                                      0.014     1.114 f  bnn_top_i/ps7_0_axi_periph/s00_couplers/auto_ds/inst/gen_downsizer.gen_simple_downsizer.axi_downsizer_inst/USE_WRITE.write_addr_inst/USE_B_CHANNEL.cmd_b_queue/inst/fifo_gen_inst/inst_fifo_gen/gconvfifo.rf/grf.rf/rstblk/gpregsm1.curr_fwft_state[1]_i_2/O
                         net (fo=32, routed)          0.087     1.202    bnn_top_i/ps7_0_axi_periph/s00_couplers/auto_ds/inst/gen_downsizer.gen_simple_downsizer.axi_downsizer_inst/USE_WRITE.write_addr_inst/USE_B_CHANNEL.cmd_b_queue/inst/fifo_gen_inst/inst_fifo_gen/gconvfifo.rf/grf.rf/gntv_or_sync_fifo.gl0.wr/wpntr/AR[0]
    SLICE_X0Y39          FDPE                                         f  bnn_top_i/ps7_0_axi_periph/s00_couplers/auto_ds/inst/gen_downsizer.gen_simple_downsizer.axi_downsizer_inst/USE_WRITE.write_addr_inst/USE_B_CHANNEL.cmd_b_queue/inst/fifo_gen_inst/inst_fifo_gen/gconvfifo.rf/grf.rf/gntv_or_sync_fifo.gl0.wr/wpntr/gcc0.gc0.count_reg[0]/PRE
  -------------------------------------------------------------------    -------------------

                         (clock clk_pl_0 rise edge)
                                                      0.000     0.000 r  
    PS8_X0Y0             PS8                          0.000     0.000 r  bnn_top_i/zynq_ultra_ps_e_0/inst/PS8_i/PLCLK[0]
                         net (fo=1, routed)           0.120     0.120    bnn_top_i/zynq_ultra_ps_e_0/inst/pl_clk_unbuffered[0]
    BUFG_PS_X0Y58        BUFG_PS (Prop_BUFG_PS_I_O)
                                                      0.018     0.138 r  bnn_top_i/zynq_ultra_ps_e_0/inst/buffer_pl_clk_0.PL_CLK_0_BUFG/O
    X0Y0 (CLOCK_ROOT)    net (fo=20970, routed)       1.012     1.150    bnn_top_i/ps7_0_axi_periph/s00_couplers/auto_ds/inst/gen_downsizer.gen_simple_downsizer.axi_downsizer_inst/USE_WRITE.write_addr_inst/USE_B_CHANNEL.cmd_b_queue/inst/fifo_gen_inst/inst_fifo_gen/gconvfifo.rf/grf.rf/gntv_or_sync_fifo.gl0.wr/wpntr/clk
    SLICE_X0Y39          FDPE                                         r  bnn_top_i/ps7_0_axi_periph/s00_couplers/auto_ds/inst/gen_downsizer.gen_simple_downsizer.axi_downsizer_inst/USE_WRITE.write_addr_inst/USE_B_CHANNEL.cmd_b_queue/inst/fifo_gen_inst/inst_fifo_gen/gconvfifo.rf/grf.rf/gntv_or_sync_fifo.gl0.wr/wpntr/gcc0.gc0.count_reg[0]/C
                         clock pessimism             -0.106     1.044    
    SLICE_X0Y39          FDPE (Remov_HFF_SLICEL_C_PRE)
                                                     -0.020     1.024    bnn_top_i/ps7_0_axi_periph/s00_couplers/auto_ds/inst/gen_downsizer.gen_simple_downsizer.axi_downsizer_inst/USE_WRITE.write_addr_inst/USE_B_CHANNEL.cmd_b_queue/inst/fifo_gen_inst/inst_fifo_gen/gconvfifo.rf/grf.rf/gntv_or_sync_fifo.gl0.wr/wpntr/gcc0.gc0.count_reg[0]
  -------------------------------------------------------------------
                         required time                         -1.024    
                         arrival time                           1.202    
  -------------------------------------------------------------------
                         slack                                  0.178    





--------------------------------------------------------------------------------------
Path Group:  (none)
From Clock:  
  To Clock:  clk_pl_0

Max Delay             1 Endpoint
Min Delay             1 Endpoint
--------------------------------------------------------------------------------------


Max Delay Paths
--------------------------------------------------------------------------------------
Slack:                    inf
  Source:                 bnn_top_i/zynq_ultra_ps_e_0/inst/PS8_i/EMIOGPIOO[95]
                            (internal pin)
  Destination:            bnn_top_i/rst_ps7_0_100M/U0/EXT_LPF/ACTIVE_LOW_EXT.ACT_LO_EXT/GENERATE_LEVEL_P_S_CDC.SINGLE_BIT.CROSS_PLEVEL_IN2SCNDRY_IN_cdc_to/D
                            (rising edge-triggered cell FDRE clocked by clk_pl_0  {rise@0.000ns fall@1.666ns period=3.333ns})
  Path Group:             (none)
  Path Type:              Setup (Max at Slow Process Corner)
  Data Path Delay:        1.271ns  (logic 0.036ns (2.832%)  route 1.235ns (97.168%))
  Logic Levels:           1  (LUT1=1)
  Clock Uncertainty:      0.100ns  ((TSJ^2 + DJ^2)^1/2) / 2 + PE
    Total System Jitter     (TSJ):    0.050ns
    Discrete Jitter          (DJ):    0.195ns
    Phase Error              (PE):    0.000ns
  Clock Net Delay (Destination): 1.448ns (routing 0.709ns, distribution 0.739ns)
  Timing Exception:       False Path

    Location             Delay type                Incr(ns)  Path(ns)    Netlist Resource(s)
  -------------------------------------------------------------------    -------------------
    PS8_X0Y0             PS8                          0.000     0.000 f  bnn_top_i/zynq_ultra_ps_e_0/inst/PS8_i/EMIOGPIOO[95]
                         net (fo=1, routed)           0.931     0.931    bnn_top_i/rst_ps7_0_100M/U0/EXT_LPF/ACTIVE_LOW_EXT.ACT_LO_EXT/ext_reset_in
    SLICE_X3Y94          LUT1 (Prop_D6LUT_SLICEL_I0_O)
                                                      0.036     0.967 r  bnn_top_i/rst_ps7_0_100M/U0/EXT_LPF/ACTIVE_LOW_EXT.ACT_LO_EXT/GENERATE_LEVEL_P_S_CDC.SINGLE_BIT.CROSS_PLEVEL_IN2SCNDRY_IN_cdc_to_i_1/O
                         net (fo=1, routed)           0.304     1.271    bnn_top_i/rst_ps7_0_100M/U0/EXT_LPF/ACTIVE_LOW_EXT.ACT_LO_EXT/exr_d1
    SLICE_X5Y92          FDRE                                         r  bnn_top_i/rst_ps7_0_100M/U0/EXT_LPF/ACTIVE_LOW_EXT.ACT_LO_EXT/GENERATE_LEVEL_P_S_CDC.SINGLE_BIT.CROSS_PLEVEL_IN2SCNDRY_IN_cdc_to/D
  -------------------------------------------------------------------    -------------------

                         (clock clk_pl_0 rise edge)
                                                      0.000     0.000 r  
    PS8_X0Y0             PS8                          0.000     0.000 r  bnn_top_i/zynq_ultra_ps_e_0/inst/PS8_i/PLCLK[0]
                         net (fo=1, routed)           0.135     0.135    bnn_top_i/zynq_ultra_ps_e_0/inst/pl_clk_unbuffered[0]
    BUFG_PS_X0Y58        BUFG_PS (Prop_BUFG_PS_I_O)
                                                      0.025     0.160 r  bnn_top_i/zynq_ultra_ps_e_0/inst/buffer_pl_clk_0.PL_CLK_0_BUFG/O
    X0Y0 (CLOCK_ROOT)    net (fo=20970, routed)       1.448     1.608    bnn_top_i/rst_ps7_0_100M/U0/EXT_LPF/ACTIVE_LOW_EXT.ACT_LO_EXT/slowest_sync_clk
    SLICE_X5Y92          FDRE                                         r  bnn_top_i/rst_ps7_0_100M/U0/EXT_LPF/ACTIVE_LOW_EXT.ACT_LO_EXT/GENERATE_LEVEL_P_S_CDC.SINGLE_BIT.CROSS_PLEVEL_IN2SCNDRY_IN_cdc_to/C





Min Delay Paths
--------------------------------------------------------------------------------------
Slack:                    inf
  Source:                 bnn_top_i/zynq_ultra_ps_e_0/inst/PS8_i/EMIOGPIOO[95]
                            (internal pin)
  Destination:            bnn_top_i/rst_ps7_0_100M/U0/EXT_LPF/ACTIVE_LOW_EXT.ACT_LO_EXT/GENERATE_LEVEL_P_S_CDC.SINGLE_BIT.CROSS_PLEVEL_IN2SCNDRY_IN_cdc_to/D
                            (rising edge-triggered cell FDRE clocked by clk_pl_0  {rise@0.000ns fall@1.666ns period=3.333ns})
  Path Group:             (none)
  Path Type:              Hold (Min at Fast Process Corner)
  Data Path Delay:        0.629ns  (logic 0.014ns (2.226%)  route 0.615ns (97.774%))
  Logic Levels:           1  (LUT1=1)
  Clock Uncertainty:      0.100ns  ((TSJ^2 + DJ^2)^1/2) / 2 + PE
    Total System Jitter     (TSJ):    0.050ns
    Discrete Jitter          (DJ):    0.195ns
    Phase Error              (PE):    0.000ns
  Clock Net Delay (Destination): 1.038ns (routing 0.486ns, distribution 0.552ns)
  Timing Exception:       False Path

    Location             Delay type                Incr(ns)  Path(ns)    Netlist Resource(s)
  -------------------------------------------------------------------    -------------------
    PS8_X0Y0             PS8                          0.000     0.000 f  bnn_top_i/zynq_ultra_ps_e_0/inst/PS8_i/EMIOGPIOO[95]
                         net (fo=1, routed)           0.485     0.485    bnn_top_i/rst_ps7_0_100M/U0/EXT_LPF/ACTIVE_LOW_EXT.ACT_LO_EXT/ext_reset_in
    SLICE_X3Y94          LUT1 (Prop_D6LUT_SLICEL_I0_O)
                                                      0.014     0.499 r  bnn_top_i/rst_ps7_0_100M/U0/EXT_LPF/ACTIVE_LOW_EXT.ACT_LO_EXT/GENERATE_LEVEL_P_S_CDC.SINGLE_BIT.CROSS_PLEVEL_IN2SCNDRY_IN_cdc_to_i_1/O
                         net (fo=1, routed)           0.130     0.629    bnn_top_i/rst_ps7_0_100M/U0/EXT_LPF/ACTIVE_LOW_EXT.ACT_LO_EXT/exr_d1
    SLICE_X5Y92          FDRE                                         r  bnn_top_i/rst_ps7_0_100M/U0/EXT_LPF/ACTIVE_LOW_EXT.ACT_LO_EXT/GENERATE_LEVEL_P_S_CDC.SINGLE_BIT.CROSS_PLEVEL_IN2SCNDRY_IN_cdc_to/D
  -------------------------------------------------------------------    -------------------

                         (clock clk_pl_0 rise edge)
                                                      0.000     0.000 r  
    PS8_X0Y0             PS8                          0.000     0.000 r  bnn_top_i/zynq_ultra_ps_e_0/inst/PS8_i/PLCLK[0]
                         net (fo=1, routed)           0.120     0.120    bnn_top_i/zynq_ultra_ps_e_0/inst/pl_clk_unbuffered[0]
    BUFG_PS_X0Y58        BUFG_PS (Prop_BUFG_PS_I_O)
                                                      0.018     0.138 r  bnn_top_i/zynq_ultra_ps_e_0/inst/buffer_pl_clk_0.PL_CLK_0_BUFG/O
    X0Y0 (CLOCK_ROOT)    net (fo=20970, routed)       1.038     1.176    bnn_top_i/rst_ps7_0_100M/U0/EXT_LPF/ACTIVE_LOW_EXT.ACT_LO_EXT/slowest_sync_clk
    SLICE_X5Y92          FDRE                                         r  bnn_top_i/rst_ps7_0_100M/U0/EXT_LPF/ACTIVE_LOW_EXT.ACT_LO_EXT/GENERATE_LEVEL_P_S_CDC.SINGLE_BIT.CROSS_PLEVEL_IN2SCNDRY_IN_cdc_to/C





--------------------------------------------------------------------------------------
Path Group:  (none)
From Clock:  clk_pl_0
  To Clock:  clk_pl_0

Max Delay            14 Endpoints
Min Delay            14 Endpoints
--------------------------------------------------------------------------------------


Max Delay Paths
--------------------------------------------------------------------------------------
Slack:                    inf
  Source:                 bnn_top_i/rst_ps7_0_100M/U0/ACTIVE_LOW_PR_OUT_DFF[0].FDRE_PER_N/C
                            (rising edge-triggered cell FDRE clocked by clk_pl_0  {rise@0.000ns fall@1.666ns period=3.333ns})
  Destination:            bnn_top_i/axi_mem_intercon/s03_couplers/auto_ds/inst/gen_downsizer.gen_simple_downsizer.axi_downsizer_inst/USE_READ.read_addr_inst/cmd_queue/inst/fifo_gen_inst/inst_fifo_gen/gconvfifo.rf/grf.rf/rstblk/ngwrdrst.grst.g7serrst.gnsckt_wrst.rst_wr_reg2_inst/arststages_ff_reg[0]/PRE
                            (recovery check against rising-edge clock clk_pl_0  {rise@0.000ns fall@1.666ns period=3.333ns})
  Path Group:             (none)
  Path Type:              Recovery (Max at Slow Process Corner)
  Data Path Delay:        0.841ns  (logic 0.080ns (9.511%)  route 0.761ns (90.489%))
  Logic Levels:           0  
  Clock Path Skew:        -0.233ns (DCD - SCD + CPR)
    Destination Clock Delay (DCD):    1.592ns
    Source Clock Delay      (SCD):    1.825ns
    Clock Pessimism Removal (CPR):    0.000ns
  Clock Uncertainty:      0.104ns  ((TSJ^2 + DJ^2)^1/2) / 2 + PE
    Total System Jitter     (TSJ):    0.071ns
    Discrete Jitter          (DJ):    0.195ns
    Phase Error              (PE):    0.000ns
  Clock Net Delay (Source):      1.626ns (routing 0.786ns, distribution 0.840ns)
  Clock Net Delay (Destination): 1.432ns (routing 0.709ns, distribution 0.723ns)
  Timing Exception:       False Path

    Location             Delay type                Incr(ns)  Path(ns)    Netlist Resource(s)
  -------------------------------------------------------------------    -------------------
                         (clock clk_pl_0 rise edge)
                                                      0.000     0.000 r  
    PS8_X0Y0             PS8                          0.000     0.000 r  bnn_top_i/zynq_ultra_ps_e_0/inst/PS8_i/PLCLK[0]
                         net (fo=1, routed)           0.171     0.171    bnn_top_i/zynq_ultra_ps_e_0/inst/pl_clk_unbuffered[0]
    BUFG_PS_X0Y58        BUFG_PS (Prop_BUFG_PS_I_O)
                                                      0.028     0.199 r  bnn_top_i/zynq_ultra_ps_e_0/inst/buffer_pl_clk_0.PL_CLK_0_BUFG/O
    X0Y0 (CLOCK_ROOT)    net (fo=20970, routed)       1.626     1.825    bnn_top_i/rst_ps7_0_100M/U0/slowest_sync_clk
    SLICE_X6Y56          FDRE                                         r  bnn_top_i/rst_ps7_0_100M/U0/ACTIVE_LOW_PR_OUT_DFF[0].FDRE_PER_N/C
  -------------------------------------------------------------------    -------------------
    SLICE_X6Y56          FDRE (Prop_HFF2_SLICEL_C_Q)
                                                      0.080     1.905 r  bnn_top_i/rst_ps7_0_100M/U0/ACTIVE_LOW_PR_OUT_DFF[0].FDRE_PER_N/Q
                         net (fo=13, routed)          0.761     2.666    bnn_top_i/axi_mem_intercon/s03_couplers/auto_ds/inst/gen_downsizer.gen_simple_downsizer.axi_downsizer_inst/USE_READ.read_addr_inst/cmd_queue/inst/fifo_gen_inst/inst_fifo_gen/gconvfifo.rf/grf.rf/rstblk/ngwrdrst.grst.g7serrst.gnsckt_wrst.rst_wr_reg2_inst/src_arst
    SLICE_X15Y53         FDPE                                         f  bnn_top_i/axi_mem_intercon/s03_couplers/auto_ds/inst/gen_downsizer.gen_simple_downsizer.axi_downsizer_inst/USE_READ.read_addr_inst/cmd_queue/inst/fifo_gen_inst/inst_fifo_gen/gconvfifo.rf/grf.rf/rstblk/ngwrdrst.grst.g7serrst.gnsckt_wrst.rst_wr_reg2_inst/arststages_ff_reg[0]/PRE  (IS_INVERTED)
  -------------------------------------------------------------------    -------------------

                         (clock clk_pl_0 rise edge)
                                                      0.000     0.000 r  
    PS8_X0Y0             PS8                          0.000     0.000 r  bnn_top_i/zynq_ultra_ps_e_0/inst/PS8_i/PLCLK[0]
                         net (fo=1, routed)           0.135     0.135    bnn_top_i/zynq_ultra_ps_e_0/inst/pl_clk_unbuffered[0]
    BUFG_PS_X0Y58        BUFG_PS (Prop_BUFG_PS_I_O)
                                                      0.025     0.160 r  bnn_top_i/zynq_ultra_ps_e_0/inst/buffer_pl_clk_0.PL_CLK_0_BUFG/O
    X0Y0 (CLOCK_ROOT)    net (fo=20970, routed)       1.432     1.592    bnn_top_i/axi_mem_intercon/s03_couplers/auto_ds/inst/gen_downsizer.gen_simple_downsizer.axi_downsizer_inst/USE_READ.read_addr_inst/cmd_queue/inst/fifo_gen_inst/inst_fifo_gen/gconvfifo.rf/grf.rf/rstblk/ngwrdrst.grst.g7serrst.gnsckt_wrst.rst_wr_reg2_inst/dest_clk
    SLICE_X15Y53         FDPE                                         r  bnn_top_i/axi_mem_intercon/s03_couplers/auto_ds/inst/gen_downsizer.gen_simple_downsizer.axi_downsizer_inst/USE_READ.read_addr_inst/cmd_queue/inst/fifo_gen_inst/inst_fifo_gen/gconvfifo.rf/grf.rf/rstblk/ngwrdrst.grst.g7serrst.gnsckt_wrst.rst_wr_reg2_inst/arststages_ff_reg[0]/C

Slack:                    inf
  Source:                 bnn_top_i/rst_ps7_0_100M/U0/ACTIVE_LOW_PR_OUT_DFF[0].FDRE_PER_N/C
                            (rising edge-triggered cell FDRE clocked by clk_pl_0  {rise@0.000ns fall@1.666ns period=3.333ns})
  Destination:            bnn_top_i/axi_mem_intercon/s03_couplers/auto_ds/inst/gen_downsizer.gen_simple_downsizer.axi_downsizer_inst/USE_READ.read_addr_inst/cmd_queue/inst/fifo_gen_inst/inst_fifo_gen/gconvfifo.rf/grf.rf/rstblk/ngwrdrst.grst.g7serrst.gnsckt_wrst.rst_wr_reg2_inst/arststages_ff_reg[1]/PRE
                            (recovery check against rising-edge clock clk_pl_0  {rise@0.000ns fall@1.666ns period=3.333ns})
  Path Group:             (none)
  Path Type:              Recovery (Max at Slow Process Corner)
  Data Path Delay:        0.841ns  (logic 0.080ns (9.511%)  route 0.761ns (90.489%))
  Logic Levels:           0  
  Clock Path Skew:        -0.233ns (DCD - SCD + CPR)
    Destination Clock Delay (DCD):    1.592ns
    Source Clock Delay      (SCD):    1.825ns
    Clock Pessimism Removal (CPR):    0.000ns
  Clock Uncertainty:      0.104ns  ((TSJ^2 + DJ^2)^1/2) / 2 + PE
    Total System Jitter     (TSJ):    0.071ns
    Discrete Jitter          (DJ):    0.195ns
    Phase Error              (PE):    0.000ns
  Clock Net Delay (Source):      1.626ns (routing 0.786ns, distribution 0.840ns)
  Clock Net Delay (Destination): 1.432ns (routing 0.709ns, distribution 0.723ns)
  Timing Exception:       False Path

    Location             Delay type                Incr(ns)  Path(ns)    Netlist Resource(s)
  -------------------------------------------------------------------    -------------------
                         (clock clk_pl_0 rise edge)
                                                      0.000     0.000 r  
    PS8_X0Y0             PS8                          0.000     0.000 r  bnn_top_i/zynq_ultra_ps_e_0/inst/PS8_i/PLCLK[0]
                         net (fo=1, routed)           0.171     0.171    bnn_top_i/zynq_ultra_ps_e_0/inst/pl_clk_unbuffered[0]
    BUFG_PS_X0Y58        BUFG_PS (Prop_BUFG_PS_I_O)
                                                      0.028     0.199 r  bnn_top_i/zynq_ultra_ps_e_0/inst/buffer_pl_clk_0.PL_CLK_0_BUFG/O
    X0Y0 (CLOCK_ROOT)    net (fo=20970, routed)       1.626     1.825    bnn_top_i/rst_ps7_0_100M/U0/slowest_sync_clk
    SLICE_X6Y56          FDRE                                         r  bnn_top_i/rst_ps7_0_100M/U0/ACTIVE_LOW_PR_OUT_DFF[0].FDRE_PER_N/C
  -------------------------------------------------------------------    -------------------
    SLICE_X6Y56          FDRE (Prop_HFF2_SLICEL_C_Q)
                                                      0.080     1.905 r  bnn_top_i/rst_ps7_0_100M/U0/ACTIVE_LOW_PR_OUT_DFF[0].FDRE_PER_N/Q
                         net (fo=13, routed)          0.761     2.666    bnn_top_i/axi_mem_intercon/s03_couplers/auto_ds/inst/gen_downsizer.gen_simple_downsizer.axi_downsizer_inst/USE_READ.read_addr_inst/cmd_queue/inst/fifo_gen_inst/inst_fifo_gen/gconvfifo.rf/grf.rf/rstblk/ngwrdrst.grst.g7serrst.gnsckt_wrst.rst_wr_reg2_inst/src_arst
    SLICE_X15Y53         FDPE                                         f  bnn_top_i/axi_mem_intercon/s03_couplers/auto_ds/inst/gen_downsizer.gen_simple_downsizer.axi_downsizer_inst/USE_READ.read_addr_inst/cmd_queue/inst/fifo_gen_inst/inst_fifo_gen/gconvfifo.rf/grf.rf/rstblk/ngwrdrst.grst.g7serrst.gnsckt_wrst.rst_wr_reg2_inst/arststages_ff_reg[1]/PRE  (IS_INVERTED)
  -------------------------------------------------------------------    -------------------

                         (clock clk_pl_0 rise edge)
                                                      0.000     0.000 r  
    PS8_X0Y0             PS8                          0.000     0.000 r  bnn_top_i/zynq_ultra_ps_e_0/inst/PS8_i/PLCLK[0]
                         net (fo=1, routed)           0.135     0.135    bnn_top_i/zynq_ultra_ps_e_0/inst/pl_clk_unbuffered[0]
    BUFG_PS_X0Y58        BUFG_PS (Prop_BUFG_PS_I_O)
                                                      0.025     0.160 r  bnn_top_i/zynq_ultra_ps_e_0/inst/buffer_pl_clk_0.PL_CLK_0_BUFG/O
    X0Y0 (CLOCK_ROOT)    net (fo=20970, routed)       1.432     1.592    bnn_top_i/axi_mem_intercon/s03_couplers/auto_ds/inst/gen_downsizer.gen_simple_downsizer.axi_downsizer_inst/USE_READ.read_addr_inst/cmd_queue/inst/fifo_gen_inst/inst_fifo_gen/gconvfifo.rf/grf.rf/rstblk/ngwrdrst.grst.g7serrst.gnsckt_wrst.rst_wr_reg2_inst/dest_clk
    SLICE_X15Y53         FDPE                                         r  bnn_top_i/axi_mem_intercon/s03_couplers/auto_ds/inst/gen_downsizer.gen_simple_downsizer.axi_downsizer_inst/USE_READ.read_addr_inst/cmd_queue/inst/fifo_gen_inst/inst_fifo_gen/gconvfifo.rf/grf.rf/rstblk/ngwrdrst.grst.g7serrst.gnsckt_wrst.rst_wr_reg2_inst/arststages_ff_reg[1]/C

Slack:                    inf
  Source:                 bnn_top_i/rst_ps7_0_100M/U0/ACTIVE_LOW_PR_OUT_DFF[0].FDRE_PER_N/C
                            (rising edge-triggered cell FDRE clocked by clk_pl_0  {rise@0.000ns fall@1.666ns period=3.333ns})
  Destination:            bnn_top_i/axi_mem_intercon/s04_couplers/auto_ds/inst/gen_downsizer.gen_simple_downsizer.axi_downsizer_inst/USE_READ.read_addr_inst/cmd_queue/inst/fifo_gen_inst/inst_fifo_gen/gconvfifo.rf/grf.rf/rstblk/ngwrdrst.grst.g7serrst.gnsckt_wrst.rst_wr_reg2_inst/arststages_ff_reg[0]/PRE
                            (recovery check against rising-edge clock clk_pl_0  {rise@0.000ns fall@1.666ns period=3.333ns})
  Path Group:             (none)
  Path Type:              Recovery (Max at Slow Process Corner)
  Data Path Delay:        0.757ns  (logic 0.080ns (10.571%)  route 0.677ns (89.429%))
  Logic Levels:           0  
  Clock Path Skew:        -0.240ns (DCD - SCD + CPR)
    Destination Clock Delay (DCD):    1.585ns
    Source Clock Delay      (SCD):    1.825ns
    Clock Pessimism Removal (CPR):    0.000ns
  Clock Uncertainty:      0.104ns  ((TSJ^2 + DJ^2)^1/2) / 2 + PE
    Total System Jitter     (TSJ):    0.071ns
    Discrete Jitter          (DJ):    0.195ns
    Phase Error              (PE):    0.000ns
  Clock Net Delay (Source):      1.626ns (routing 0.786ns, distribution 0.840ns)
  Clock Net Delay (Destination): 1.425ns (routing 0.709ns, distribution 0.716ns)
  Timing Exception:       False Path

    Location             Delay type                Incr(ns)  Path(ns)    Netlist Resource(s)
  -------------------------------------------------------------------    -------------------
                         (clock clk_pl_0 rise edge)
                                                      0.000     0.000 r  
    PS8_X0Y0             PS8                          0.000     0.000 r  bnn_top_i/zynq_ultra_ps_e_0/inst/PS8_i/PLCLK[0]
                         net (fo=1, routed)           0.171     0.171    bnn_top_i/zynq_ultra_ps_e_0/inst/pl_clk_unbuffered[0]
    BUFG_PS_X0Y58        BUFG_PS (Prop_BUFG_PS_I_O)
                                                      0.028     0.199 r  bnn_top_i/zynq_ultra_ps_e_0/inst/buffer_pl_clk_0.PL_CLK_0_BUFG/O
    X0Y0 (CLOCK_ROOT)    net (fo=20970, routed)       1.626     1.825    bnn_top_i/rst_ps7_0_100M/U0/slowest_sync_clk
    SLICE_X6Y56          FDRE                                         r  bnn_top_i/rst_ps7_0_100M/U0/ACTIVE_LOW_PR_OUT_DFF[0].FDRE_PER_N/C
  -------------------------------------------------------------------    -------------------
    SLICE_X6Y56          FDRE (Prop_HFF2_SLICEL_C_Q)
                                                      0.080     1.905 r  bnn_top_i/rst_ps7_0_100M/U0/ACTIVE_LOW_PR_OUT_DFF[0].FDRE_PER_N/Q
                         net (fo=13, routed)          0.677     2.582    bnn_top_i/axi_mem_intercon/s04_couplers/auto_ds/inst/gen_downsizer.gen_simple_downsizer.axi_downsizer_inst/USE_READ.read_addr_inst/cmd_queue/inst/fifo_gen_inst/inst_fifo_gen/gconvfifo.rf/grf.rf/rstblk/ngwrdrst.grst.g7serrst.gnsckt_wrst.rst_wr_reg2_inst/src_arst
    SLICE_X15Y43         FDPE                                         f  bnn_top_i/axi_mem_intercon/s04_couplers/auto_ds/inst/gen_downsizer.gen_simple_downsizer.axi_downsizer_inst/USE_READ.read_addr_inst/cmd_queue/inst/fifo_gen_inst/inst_fifo_gen/gconvfifo.rf/grf.rf/rstblk/ngwrdrst.grst.g7serrst.gnsckt_wrst.rst_wr_reg2_inst/arststages_ff_reg[0]/PRE  (IS_INVERTED)
  -------------------------------------------------------------------    -------------------

                         (clock clk_pl_0 rise edge)
                                                      0.000     0.000 r  
    PS8_X0Y0             PS8                          0.000     0.000 r  bnn_top_i/zynq_ultra_ps_e_0/inst/PS8_i/PLCLK[0]
                         net (fo=1, routed)           0.135     0.135    bnn_top_i/zynq_ultra_ps_e_0/inst/pl_clk_unbuffered[0]
    BUFG_PS_X0Y58        BUFG_PS (Prop_BUFG_PS_I_O)
                                                      0.025     0.160 r  bnn_top_i/zynq_ultra_ps_e_0/inst/buffer_pl_clk_0.PL_CLK_0_BUFG/O
    X0Y0 (CLOCK_ROOT)    net (fo=20970, routed)       1.425     1.585    bnn_top_i/axi_mem_intercon/s04_couplers/auto_ds/inst/gen_downsizer.gen_simple_downsizer.axi_downsizer_inst/USE_READ.read_addr_inst/cmd_queue/inst/fifo_gen_inst/inst_fifo_gen/gconvfifo.rf/grf.rf/rstblk/ngwrdrst.grst.g7serrst.gnsckt_wrst.rst_wr_reg2_inst/dest_clk
    SLICE_X15Y43         FDPE                                         r  bnn_top_i/axi_mem_intercon/s04_couplers/auto_ds/inst/gen_downsizer.gen_simple_downsizer.axi_downsizer_inst/USE_READ.read_addr_inst/cmd_queue/inst/fifo_gen_inst/inst_fifo_gen/gconvfifo.rf/grf.rf/rstblk/ngwrdrst.grst.g7serrst.gnsckt_wrst.rst_wr_reg2_inst/arststages_ff_reg[0]/C

Slack:                    inf
  Source:                 bnn_top_i/rst_ps7_0_100M/U0/ACTIVE_LOW_PR_OUT_DFF[0].FDRE_PER_N/C
                            (rising edge-triggered cell FDRE clocked by clk_pl_0  {rise@0.000ns fall@1.666ns period=3.333ns})
  Destination:            bnn_top_i/axi_mem_intercon/s04_couplers/auto_ds/inst/gen_downsizer.gen_simple_downsizer.axi_downsizer_inst/USE_READ.read_addr_inst/cmd_queue/inst/fifo_gen_inst/inst_fifo_gen/gconvfifo.rf/grf.rf/rstblk/ngwrdrst.grst.g7serrst.gnsckt_wrst.rst_wr_reg2_inst/arststages_ff_reg[1]/PRE
                            (recovery check against rising-edge clock clk_pl_0  {rise@0.000ns fall@1.666ns period=3.333ns})
  Path Group:             (none)
  Path Type:              Recovery (Max at Slow Process Corner)
  Data Path Delay:        0.757ns  (logic 0.080ns (10.571%)  route 0.677ns (89.429%))
  Logic Levels:           0  
  Clock Path Skew:        -0.240ns (DCD - SCD + CPR)
    Destination Clock Delay (DCD):    1.585ns
    Source Clock Delay      (SCD):    1.825ns
    Clock Pessimism Removal (CPR):    0.000ns
  Clock Uncertainty:      0.104ns  ((TSJ^2 + DJ^2)^1/2) / 2 + PE
    Total System Jitter     (TSJ):    0.071ns
    Discrete Jitter          (DJ):    0.195ns
    Phase Error              (PE):    0.000ns
  Clock Net Delay (Source):      1.626ns (routing 0.786ns, distribution 0.840ns)
  Clock Net Delay (Destination): 1.425ns (routing 0.709ns, distribution 0.716ns)
  Timing Exception:       False Path

    Location             Delay type                Incr(ns)  Path(ns)    Netlist Resource(s)
  -------------------------------------------------------------------    -------------------
                         (clock clk_pl_0 rise edge)
                                                      0.000     0.000 r  
    PS8_X0Y0             PS8                          0.000     0.000 r  bnn_top_i/zynq_ultra_ps_e_0/inst/PS8_i/PLCLK[0]
                         net (fo=1, routed)           0.171     0.171    bnn_top_i/zynq_ultra_ps_e_0/inst/pl_clk_unbuffered[0]
    BUFG_PS_X0Y58        BUFG_PS (Prop_BUFG_PS_I_O)
                                                      0.028     0.199 r  bnn_top_i/zynq_ultra_ps_e_0/inst/buffer_pl_clk_0.PL_CLK_0_BUFG/O
    X0Y0 (CLOCK_ROOT)    net (fo=20970, routed)       1.626     1.825    bnn_top_i/rst_ps7_0_100M/U0/slowest_sync_clk
    SLICE_X6Y56          FDRE                                         r  bnn_top_i/rst_ps7_0_100M/U0/ACTIVE_LOW_PR_OUT_DFF[0].FDRE_PER_N/C
  -------------------------------------------------------------------    -------------------
    SLICE_X6Y56          FDRE (Prop_HFF2_SLICEL_C_Q)
                                                      0.080     1.905 r  bnn_top_i/rst_ps7_0_100M/U0/ACTIVE_LOW_PR_OUT_DFF[0].FDRE_PER_N/Q
                         net (fo=13, routed)          0.677     2.582    bnn_top_i/axi_mem_intercon/s04_couplers/auto_ds/inst/gen_downsizer.gen_simple_downsizer.axi_downsizer_inst/USE_READ.read_addr_inst/cmd_queue/inst/fifo_gen_inst/inst_fifo_gen/gconvfifo.rf/grf.rf/rstblk/ngwrdrst.grst.g7serrst.gnsckt_wrst.rst_wr_reg2_inst/src_arst
    SLICE_X15Y43         FDPE                                         f  bnn_top_i/axi_mem_intercon/s04_couplers/auto_ds/inst/gen_downsizer.gen_simple_downsizer.axi_downsizer_inst/USE_READ.read_addr_inst/cmd_queue/inst/fifo_gen_inst/inst_fifo_gen/gconvfifo.rf/grf.rf/rstblk/ngwrdrst.grst.g7serrst.gnsckt_wrst.rst_wr_reg2_inst/arststages_ff_reg[1]/PRE  (IS_INVERTED)
  -------------------------------------------------------------------    -------------------

                         (clock clk_pl_0 rise edge)
                                                      0.000     0.000 r  
    PS8_X0Y0             PS8                          0.000     0.000 r  bnn_top_i/zynq_ultra_ps_e_0/inst/PS8_i/PLCLK[0]
                         net (fo=1, routed)           0.135     0.135    bnn_top_i/zynq_ultra_ps_e_0/inst/pl_clk_unbuffered[0]
    BUFG_PS_X0Y58        BUFG_PS (Prop_BUFG_PS_I_O)
                                                      0.025     0.160 r  bnn_top_i/zynq_ultra_ps_e_0/inst/buffer_pl_clk_0.PL_CLK_0_BUFG/O
    X0Y0 (CLOCK_ROOT)    net (fo=20970, routed)       1.425     1.585    bnn_top_i/axi_mem_intercon/s04_couplers/auto_ds/inst/gen_downsizer.gen_simple_downsizer.axi_downsizer_inst/USE_READ.read_addr_inst/cmd_queue/inst/fifo_gen_inst/inst_fifo_gen/gconvfifo.rf/grf.rf/rstblk/ngwrdrst.grst.g7serrst.gnsckt_wrst.rst_wr_reg2_inst/dest_clk
    SLICE_X15Y43         FDPE                                         r  bnn_top_i/axi_mem_intercon/s04_couplers/auto_ds/inst/gen_downsizer.gen_simple_downsizer.axi_downsizer_inst/USE_READ.read_addr_inst/cmd_queue/inst/fifo_gen_inst/inst_fifo_gen/gconvfifo.rf/grf.rf/rstblk/ngwrdrst.grst.g7serrst.gnsckt_wrst.rst_wr_reg2_inst/arststages_ff_reg[1]/C

Slack:                    inf
  Source:                 bnn_top_i/rst_ps7_0_100M/U0/ACTIVE_LOW_PR_OUT_DFF[0].FDRE_PER_N_replica_2/C
                            (rising edge-triggered cell FDRE clocked by clk_pl_0  {rise@0.000ns fall@1.666ns period=3.333ns})
  Destination:            bnn_top_i/axi_dma/U0/I_RST_MODULE/REG_HRD_RST/GENERATE_LEVEL_P_S_CDC.SINGLE_BIT.CROSS_PLEVEL_IN2SCNDRY_IN_cdc_to/D
                            (rising edge-triggered cell FDRE clocked by clk_pl_0  {rise@0.000ns fall@1.666ns period=3.333ns})
  Path Group:             (none)
  Path Type:              Setup (Max at Slow Process Corner)
  Data Path Delay:        0.655ns  (logic 0.079ns (12.058%)  route 0.576ns (87.942%))
  Logic Levels:           0  
  Clock Path Skew:        -0.217ns (DCD - SCD + CPR)
    Destination Clock Delay (DCD):    1.555ns
    Source Clock Delay      (SCD):    1.772ns
    Clock Pessimism Removal (CPR):    0.000ns
  Clock Uncertainty:      0.104ns  ((TSJ^2 + DJ^2)^1/2) / 2 + PE
    Total System Jitter     (TSJ):    0.071ns
    Discrete Jitter          (DJ):    0.195ns
    Phase Error              (PE):    0.000ns
  Clock Net Delay (Source):      1.573ns (routing 0.786ns, distribution 0.787ns)
  Clock Net Delay (Destination): 1.395ns (routing 0.709ns, distribution 0.686ns)
  Timing Exception:       False Path

    Location             Delay type                Incr(ns)  Path(ns)    Netlist Resource(s)
  -------------------------------------------------------------------    -------------------
                         (clock clk_pl_0 rise edge)
                                                      0.000     0.000 r  
    PS8_X0Y0             PS8                          0.000     0.000 r  bnn_top_i/zynq_ultra_ps_e_0/inst/PS8_i/PLCLK[0]
                         net (fo=1, routed)           0.171     0.171    bnn_top_i/zynq_ultra_ps_e_0/inst/pl_clk_unbuffered[0]
    BUFG_PS_X0Y58        BUFG_PS (Prop_BUFG_PS_I_O)
                                                      0.028     0.199 r  bnn_top_i/zynq_ultra_ps_e_0/inst/buffer_pl_clk_0.PL_CLK_0_BUFG/O
    X0Y0 (CLOCK_ROOT)    net (fo=20970, routed)       1.573     1.772    bnn_top_i/rst_ps7_0_100M/U0/slowest_sync_clk
    SLICE_X13Y30         FDRE                                         r  bnn_top_i/rst_ps7_0_100M/U0/ACTIVE_LOW_PR_OUT_DFF[0].FDRE_PER_N_replica_2/C
  -------------------------------------------------------------------    -------------------
    SLICE_X13Y30         FDRE (Prop_AFF_SLICEL_C_Q)
                                                      0.079     1.851 r  bnn_top_i/rst_ps7_0_100M/U0/ACTIVE_LOW_PR_OUT_DFF[0].FDRE_PER_N_replica_2/Q
                         net (fo=226, routed)         0.576     2.427    bnn_top_i/axi_dma/U0/I_RST_MODULE/REG_HRD_RST/peripheral_aresetn[0]_repN_2_alias
    SLICE_X13Y29         FDRE                                         r  bnn_top_i/axi_dma/U0/I_RST_MODULE/REG_HRD_RST/GENERATE_LEVEL_P_S_CDC.SINGLE_BIT.CROSS_PLEVEL_IN2SCNDRY_IN_cdc_to/D
  -------------------------------------------------------------------    -------------------

                         (clock clk_pl_0 rise edge)
                                                      0.000     0.000 r  
    PS8_X0Y0             PS8                          0.000     0.000 r  bnn_top_i/zynq_ultra_ps_e_0/inst/PS8_i/PLCLK[0]
                         net (fo=1, routed)           0.135     0.135    bnn_top_i/zynq_ultra_ps_e_0/inst/pl_clk_unbuffered[0]
    BUFG_PS_X0Y58        BUFG_PS (Prop_BUFG_PS_I_O)
                                                      0.025     0.160 r  bnn_top_i/zynq_ultra_ps_e_0/inst/buffer_pl_clk_0.PL_CLK_0_BUFG/O
    X0Y0 (CLOCK_ROOT)    net (fo=20970, routed)       1.395     1.555    bnn_top_i/axi_dma/U0/I_RST_MODULE/REG_HRD_RST/s_axi_lite_aclk
    SLICE_X13Y29         FDRE                                         r  bnn_top_i/axi_dma/U0/I_RST_MODULE/REG_HRD_RST/GENERATE_LEVEL_P_S_CDC.SINGLE_BIT.CROSS_PLEVEL_IN2SCNDRY_IN_cdc_to/C

Slack:                    inf
  Source:                 bnn_top_i/rst_ps7_0_100M/U0/ACTIVE_LOW_PR_OUT_DFF[0].FDRE_PER_N/C
                            (rising edge-triggered cell FDRE clocked by clk_pl_0  {rise@0.000ns fall@1.666ns period=3.333ns})
  Destination:            bnn_top_i/ps7_0_axi_periph/s00_couplers/auto_ds/inst/gen_downsizer.gen_simple_downsizer.axi_downsizer_inst/USE_WRITE.write_addr_inst/USE_B_CHANNEL.cmd_b_queue/inst/fifo_gen_inst/inst_fifo_gen/gconvfifo.rf/grf.rf/rstblk/ngwrdrst.grst.g7serrst.gnsckt_wrst.rst_wr_reg2_inst/arststages_ff_reg[0]/PRE
                            (recovery check against rising-edge clock clk_pl_0  {rise@0.000ns fall@1.666ns period=3.333ns})
  Path Group:             (none)
  Path Type:              Recovery (Max at Slow Process Corner)
  Data Path Delay:        0.505ns  (logic 0.080ns (15.839%)  route 0.425ns (84.161%))
  Logic Levels:           0  
  Clock Path Skew:        -0.258ns (DCD - SCD + CPR)
    Destination Clock Delay (DCD):    1.567ns
    Source Clock Delay      (SCD):    1.825ns
    Clock Pessimism Removal (CPR):    0.000ns
  Clock Uncertainty:      0.104ns  ((TSJ^2 + DJ^2)^1/2) / 2 + PE
    Total System Jitter     (TSJ):    0.071ns
    Discrete Jitter          (DJ):    0.195ns
    Phase Error              (PE):    0.000ns
  Clock Net Delay (Source):      1.626ns (routing 0.786ns, distribution 0.840ns)
  Clock Net Delay (Destination): 1.407ns (routing 0.709ns, distribution 0.698ns)
  Timing Exception:       False Path

    Location             Delay type                Incr(ns)  Path(ns)    Netlist Resource(s)
  -------------------------------------------------------------------    -------------------
                         (clock clk_pl_0 rise edge)
                                                      0.000     0.000 r  
    PS8_X0Y0             PS8                          0.000     0.000 r  bnn_top_i/zynq_ultra_ps_e_0/inst/PS8_i/PLCLK[0]
                         net (fo=1, routed)           0.171     0.171    bnn_top_i/zynq_ultra_ps_e_0/inst/pl_clk_unbuffered[0]
    BUFG_PS_X0Y58        BUFG_PS (Prop_BUFG_PS_I_O)
                                                      0.028     0.199 r  bnn_top_i/zynq_ultra_ps_e_0/inst/buffer_pl_clk_0.PL_CLK_0_BUFG/O
    X0Y0 (CLOCK_ROOT)    net (fo=20970, routed)       1.626     1.825    bnn_top_i/rst_ps7_0_100M/U0/slowest_sync_clk
    SLICE_X6Y56          FDRE                                         r  bnn_top_i/rst_ps7_0_100M/U0/ACTIVE_LOW_PR_OUT_DFF[0].FDRE_PER_N/C
  -------------------------------------------------------------------    -------------------
    SLICE_X6Y56          FDRE (Prop_HFF2_SLICEL_C_Q)
                                                      0.080     1.905 r  bnn_top_i/rst_ps7_0_100M/U0/ACTIVE_LOW_PR_OUT_DFF[0].FDRE_PER_N/Q
                         net (fo=13, routed)          0.425     2.330    bnn_top_i/ps7_0_axi_periph/s00_couplers/auto_ds/inst/gen_downsizer.gen_simple_downsizer.axi_downsizer_inst/USE_WRITE.write_addr_inst/USE_B_CHANNEL.cmd_b_queue/inst/fifo_gen_inst/inst_fifo_gen/gconvfifo.rf/grf.rf/rstblk/ngwrdrst.grst.g7serrst.gnsckt_wrst.rst_wr_reg2_inst/src_arst
    SLICE_X3Y38          FDPE                                         f  bnn_top_i/ps7_0_axi_periph/s00_couplers/auto_ds/inst/gen_downsizer.gen_simple_downsizer.axi_downsizer_inst/USE_WRITE.write_addr_inst/USE_B_CHANNEL.cmd_b_queue/inst/fifo_gen_inst/inst_fifo_gen/gconvfifo.rf/grf.rf/rstblk/ngwrdrst.grst.g7serrst.gnsckt_wrst.rst_wr_reg2_inst/arststages_ff_reg[0]/PRE  (IS_INVERTED)
  -------------------------------------------------------------------    -------------------

                         (clock clk_pl_0 rise edge)
                                                      0.000     0.000 r  
    PS8_X0Y0             PS8                          0.000     0.000 r  bnn_top_i/zynq_ultra_ps_e_0/inst/PS8_i/PLCLK[0]
                         net (fo=1, routed)           0.135     0.135    bnn_top_i/zynq_ultra_ps_e_0/inst/pl_clk_unbuffered[0]
    BUFG_PS_X0Y58        BUFG_PS (Prop_BUFG_PS_I_O)
                                                      0.025     0.160 r  bnn_top_i/zynq_ultra_ps_e_0/inst/buffer_pl_clk_0.PL_CLK_0_BUFG/O
    X0Y0 (CLOCK_ROOT)    net (fo=20970, routed)       1.407     1.567    bnn_top_i/ps7_0_axi_periph/s00_couplers/auto_ds/inst/gen_downsizer.gen_simple_downsizer.axi_downsizer_inst/USE_WRITE.write_addr_inst/USE_B_CHANNEL.cmd_b_queue/inst/fifo_gen_inst/inst_fifo_gen/gconvfifo.rf/grf.rf/rstblk/ngwrdrst.grst.g7serrst.gnsckt_wrst.rst_wr_reg2_inst/dest_clk
    SLICE_X3Y38          FDPE                                         r  bnn_top_i/ps7_0_axi_periph/s00_couplers/auto_ds/inst/gen_downsizer.gen_simple_downsizer.axi_downsizer_inst/USE_WRITE.write_addr_inst/USE_B_CHANNEL.cmd_b_queue/inst/fifo_gen_inst/inst_fifo_gen/gconvfifo.rf/grf.rf/rstblk/ngwrdrst.grst.g7serrst.gnsckt_wrst.rst_wr_reg2_inst/arststages_ff_reg[0]/C

Slack:                    inf
  Source:                 bnn_top_i/rst_ps7_0_100M/U0/ACTIVE_LOW_PR_OUT_DFF[0].FDRE_PER_N/C
                            (rising edge-triggered cell FDRE clocked by clk_pl_0  {rise@0.000ns fall@1.666ns period=3.333ns})
  Destination:            bnn_top_i/ps7_0_axi_periph/s00_couplers/auto_ds/inst/gen_downsizer.gen_simple_downsizer.axi_downsizer_inst/USE_WRITE.write_addr_inst/USE_B_CHANNEL.cmd_b_queue/inst/fifo_gen_inst/inst_fifo_gen/gconvfifo.rf/grf.rf/rstblk/ngwrdrst.grst.g7serrst.gnsckt_wrst.rst_wr_reg2_inst/arststages_ff_reg[1]/PRE
                            (recovery check against rising-edge clock clk_pl_0  {rise@0.000ns fall@1.666ns period=3.333ns})
  Path Group:             (none)
  Path Type:              Recovery (Max at Slow Process Corner)
  Data Path Delay:        0.505ns  (logic 0.080ns (15.839%)  route 0.425ns (84.161%))
  Logic Levels:           0  
  Clock Path Skew:        -0.258ns (DCD - SCD + CPR)
    Destination Clock Delay (DCD):    1.567ns
    Source Clock Delay      (SCD):    1.825ns
    Clock Pessimism Removal (CPR):    0.000ns
  Clock Uncertainty:      0.104ns  ((TSJ^2 + DJ^2)^1/2) / 2 + PE
    Total System Jitter     (TSJ):    0.071ns
    Discrete Jitter          (DJ):    0.195ns
    Phase Error              (PE):    0.000ns
  Clock Net Delay (Source):      1.626ns (routing 0.786ns, distribution 0.840ns)
  Clock Net Delay (Destination): 1.407ns (routing 0.709ns, distribution 0.698ns)
  Timing Exception:       False Path

    Location             Delay type                Incr(ns)  Path(ns)    Netlist Resource(s)
  -------------------------------------------------------------------    -------------------
                         (clock clk_pl_0 rise edge)
                                                      0.000     0.000 r  
    PS8_X0Y0             PS8                          0.000     0.000 r  bnn_top_i/zynq_ultra_ps_e_0/inst/PS8_i/PLCLK[0]
                         net (fo=1, routed)           0.171     0.171    bnn_top_i/zynq_ultra_ps_e_0/inst/pl_clk_unbuffered[0]
    BUFG_PS_X0Y58        BUFG_PS (Prop_BUFG_PS_I_O)
                                                      0.028     0.199 r  bnn_top_i/zynq_ultra_ps_e_0/inst/buffer_pl_clk_0.PL_CLK_0_BUFG/O
    X0Y0 (CLOCK_ROOT)    net (fo=20970, routed)       1.626     1.825    bnn_top_i/rst_ps7_0_100M/U0/slowest_sync_clk
    SLICE_X6Y56          FDRE                                         r  bnn_top_i/rst_ps7_0_100M/U0/ACTIVE_LOW_PR_OUT_DFF[0].FDRE_PER_N/C
  -------------------------------------------------------------------    -------------------
    SLICE_X6Y56          FDRE (Prop_HFF2_SLICEL_C_Q)
                                                      0.080     1.905 r  bnn_top_i/rst_ps7_0_100M/U0/ACTIVE_LOW_PR_OUT_DFF[0].FDRE_PER_N/Q
                         net (fo=13, routed)          0.425     2.330    bnn_top_i/ps7_0_axi_periph/s00_couplers/auto_ds/inst/gen_downsizer.gen_simple_downsizer.axi_downsizer_inst/USE_WRITE.write_addr_inst/USE_B_CHANNEL.cmd_b_queue/inst/fifo_gen_inst/inst_fifo_gen/gconvfifo.rf/grf.rf/rstblk/ngwrdrst.grst.g7serrst.gnsckt_wrst.rst_wr_reg2_inst/src_arst
    SLICE_X3Y38          FDPE                                         f  bnn_top_i/ps7_0_axi_periph/s00_couplers/auto_ds/inst/gen_downsizer.gen_simple_downsizer.axi_downsizer_inst/USE_WRITE.write_addr_inst/USE_B_CHANNEL.cmd_b_queue/inst/fifo_gen_inst/inst_fifo_gen/gconvfifo.rf/grf.rf/rstblk/ngwrdrst.grst.g7serrst.gnsckt_wrst.rst_wr_reg2_inst/arststages_ff_reg[1]/PRE  (IS_INVERTED)
  -------------------------------------------------------------------    -------------------

                         (clock clk_pl_0 rise edge)
                                                      0.000     0.000 r  
    PS8_X0Y0             PS8                          0.000     0.000 r  bnn_top_i/zynq_ultra_ps_e_0/inst/PS8_i/PLCLK[0]
                         net (fo=1, routed)           0.135     0.135    bnn_top_i/zynq_ultra_ps_e_0/inst/pl_clk_unbuffered[0]
    BUFG_PS_X0Y58        BUFG_PS (Prop_BUFG_PS_I_O)
                                                      0.025     0.160 r  bnn_top_i/zynq_ultra_ps_e_0/inst/buffer_pl_clk_0.PL_CLK_0_BUFG/O
    X0Y0 (CLOCK_ROOT)    net (fo=20970, routed)       1.407     1.567    bnn_top_i/ps7_0_axi_periph/s00_couplers/auto_ds/inst/gen_downsizer.gen_simple_downsizer.axi_downsizer_inst/USE_WRITE.write_addr_inst/USE_B_CHANNEL.cmd_b_queue/inst/fifo_gen_inst/inst_fifo_gen/gconvfifo.rf/grf.rf/rstblk/ngwrdrst.grst.g7serrst.gnsckt_wrst.rst_wr_reg2_inst/dest_clk
    SLICE_X3Y38          FDPE                                         r  bnn_top_i/ps7_0_axi_periph/s00_couplers/auto_ds/inst/gen_downsizer.gen_simple_downsizer.axi_downsizer_inst/USE_WRITE.write_addr_inst/USE_B_CHANNEL.cmd_b_queue/inst/fifo_gen_inst/inst_fifo_gen/gconvfifo.rf/grf.rf/rstblk/ngwrdrst.grst.g7serrst.gnsckt_wrst.rst_wr_reg2_inst/arststages_ff_reg[1]/C

Slack:                    inf
  Source:                 bnn_top_i/rst_ps7_0_100M/U0/ACTIVE_LOW_PR_OUT_DFF[0].FDRE_PER_N/C
                            (rising edge-triggered cell FDRE clocked by clk_pl_0  {rise@0.000ns fall@1.666ns period=3.333ns})
  Destination:            bnn_top_i/ps7_0_axi_periph/s00_couplers/auto_ds/inst/gen_downsizer.gen_simple_downsizer.axi_downsizer_inst/USE_WRITE.write_addr_inst/cmd_queue/inst/fifo_gen_inst/inst_fifo_gen/gconvfifo.rf/grf.rf/rstblk/ngwrdrst.grst.g7serrst.gnsckt_wrst.rst_wr_reg2_inst/arststages_ff_reg[0]/PRE
                            (recovery check against rising-edge clock clk_pl_0  {rise@0.000ns fall@1.666ns period=3.333ns})
  Path Group:             (none)
  Path Type:              Recovery (Max at Slow Process Corner)
  Data Path Delay:        0.505ns  (logic 0.080ns (15.839%)  route 0.425ns (84.161%))
  Logic Levels:           0  
  Clock Path Skew:        -0.258ns (DCD - SCD + CPR)
    Destination Clock Delay (DCD):    1.567ns
    Source Clock Delay      (SCD):    1.825ns
    Clock Pessimism Removal (CPR):    0.000ns
  Clock Uncertainty:      0.104ns  ((TSJ^2 + DJ^2)^1/2) / 2 + PE
    Total System Jitter     (TSJ):    0.071ns
    Discrete Jitter          (DJ):    0.195ns
    Phase Error              (PE):    0.000ns
  Clock Net Delay (Source):      1.626ns (routing 0.786ns, distribution 0.840ns)
  Clock Net Delay (Destination): 1.407ns (routing 0.709ns, distribution 0.698ns)
  Timing Exception:       False Path

    Location             Delay type                Incr(ns)  Path(ns)    Netlist Resource(s)
  -------------------------------------------------------------------    -------------------
                         (clock clk_pl_0 rise edge)
                                                      0.000     0.000 r  
    PS8_X0Y0             PS8                          0.000     0.000 r  bnn_top_i/zynq_ultra_ps_e_0/inst/PS8_i/PLCLK[0]
                         net (fo=1, routed)           0.171     0.171    bnn_top_i/zynq_ultra_ps_e_0/inst/pl_clk_unbuffered[0]
    BUFG_PS_X0Y58        BUFG_PS (Prop_BUFG_PS_I_O)
                                                      0.028     0.199 r  bnn_top_i/zynq_ultra_ps_e_0/inst/buffer_pl_clk_0.PL_CLK_0_BUFG/O
    X0Y0 (CLOCK_ROOT)    net (fo=20970, routed)       1.626     1.825    bnn_top_i/rst_ps7_0_100M/U0/slowest_sync_clk
    SLICE_X6Y56          FDRE                                         r  bnn_top_i/rst_ps7_0_100M/U0/ACTIVE_LOW_PR_OUT_DFF[0].FDRE_PER_N/C
  -------------------------------------------------------------------    -------------------
    SLICE_X6Y56          FDRE (Prop_HFF2_SLICEL_C_Q)
                                                      0.080     1.905 r  bnn_top_i/rst_ps7_0_100M/U0/ACTIVE_LOW_PR_OUT_DFF[0].FDRE_PER_N/Q
                         net (fo=13, routed)          0.425     2.330    bnn_top_i/ps7_0_axi_periph/s00_couplers/auto_ds/inst/gen_downsizer.gen_simple_downsizer.axi_downsizer_inst/USE_WRITE.write_addr_inst/cmd_queue/inst/fifo_gen_inst/inst_fifo_gen/gconvfifo.rf/grf.rf/rstblk/ngwrdrst.grst.g7serrst.gnsckt_wrst.rst_wr_reg2_inst/src_arst
    SLICE_X3Y38          FDPE                                         f  bnn_top_i/ps7_0_axi_periph/s00_couplers/auto_ds/inst/gen_downsizer.gen_simple_downsizer.axi_downsizer_inst/USE_WRITE.write_addr_inst/cmd_queue/inst/fifo_gen_inst/inst_fifo_gen/gconvfifo.rf/grf.rf/rstblk/ngwrdrst.grst.g7serrst.gnsckt_wrst.rst_wr_reg2_inst/arststages_ff_reg[0]/PRE  (IS_INVERTED)
  -------------------------------------------------------------------    -------------------

                         (clock clk_pl_0 rise edge)
                                                      0.000     0.000 r  
    PS8_X0Y0             PS8                          0.000     0.000 r  bnn_top_i/zynq_ultra_ps_e_0/inst/PS8_i/PLCLK[0]
                         net (fo=1, routed)           0.135     0.135    bnn_top_i/zynq_ultra_ps_e_0/inst/pl_clk_unbuffered[0]
    BUFG_PS_X0Y58        BUFG_PS (Prop_BUFG_PS_I_O)
                                                      0.025     0.160 r  bnn_top_i/zynq_ultra_ps_e_0/inst/buffer_pl_clk_0.PL_CLK_0_BUFG/O
    X0Y0 (CLOCK_ROOT)    net (fo=20970, routed)       1.407     1.567    bnn_top_i/ps7_0_axi_periph/s00_couplers/auto_ds/inst/gen_downsizer.gen_simple_downsizer.axi_downsizer_inst/USE_WRITE.write_addr_inst/cmd_queue/inst/fifo_gen_inst/inst_fifo_gen/gconvfifo.rf/grf.rf/rstblk/ngwrdrst.grst.g7serrst.gnsckt_wrst.rst_wr_reg2_inst/dest_clk
    SLICE_X3Y38          FDPE                                         r  bnn_top_i/ps7_0_axi_periph/s00_couplers/auto_ds/inst/gen_downsizer.gen_simple_downsizer.axi_downsizer_inst/USE_WRITE.write_addr_inst/cmd_queue/inst/fifo_gen_inst/inst_fifo_gen/gconvfifo.rf/grf.rf/rstblk/ngwrdrst.grst.g7serrst.gnsckt_wrst.rst_wr_reg2_inst/arststages_ff_reg[0]/C

Slack:                    inf
  Source:                 bnn_top_i/rst_ps7_0_100M/U0/ACTIVE_LOW_PR_OUT_DFF[0].FDRE_PER_N/C
                            (rising edge-triggered cell FDRE clocked by clk_pl_0  {rise@0.000ns fall@1.666ns period=3.333ns})
  Destination:            bnn_top_i/ps7_0_axi_periph/s00_couplers/auto_ds/inst/gen_downsizer.gen_simple_downsizer.axi_downsizer_inst/USE_WRITE.write_addr_inst/cmd_queue/inst/fifo_gen_inst/inst_fifo_gen/gconvfifo.rf/grf.rf/rstblk/ngwrdrst.grst.g7serrst.gnsckt_wrst.rst_wr_reg2_inst/arststages_ff_reg[1]/PRE
                            (recovery check against rising-edge clock clk_pl_0  {rise@0.000ns fall@1.666ns period=3.333ns})
  Path Group:             (none)
  Path Type:              Recovery (Max at Slow Process Corner)
  Data Path Delay:        0.505ns  (logic 0.080ns (15.839%)  route 0.425ns (84.161%))
  Logic Levels:           0  
  Clock Path Skew:        -0.258ns (DCD - SCD + CPR)
    Destination Clock Delay (DCD):    1.567ns
    Source Clock Delay      (SCD):    1.825ns
    Clock Pessimism Removal (CPR):    0.000ns
  Clock Uncertainty:      0.104ns  ((TSJ^2 + DJ^2)^1/2) / 2 + PE
    Total System Jitter     (TSJ):    0.071ns
    Discrete Jitter          (DJ):    0.195ns
    Phase Error              (PE):    0.000ns
  Clock Net Delay (Source):      1.626ns (routing 0.786ns, distribution 0.840ns)
  Clock Net Delay (Destination): 1.407ns (routing 0.709ns, distribution 0.698ns)
  Timing Exception:       False Path

    Location             Delay type                Incr(ns)  Path(ns)    Netlist Resource(s)
  -------------------------------------------------------------------    -------------------
                         (clock clk_pl_0 rise edge)
                                                      0.000     0.000 r  
    PS8_X0Y0             PS8                          0.000     0.000 r  bnn_top_i/zynq_ultra_ps_e_0/inst/PS8_i/PLCLK[0]
                         net (fo=1, routed)           0.171     0.171    bnn_top_i/zynq_ultra_ps_e_0/inst/pl_clk_unbuffered[0]
    BUFG_PS_X0Y58        BUFG_PS (Prop_BUFG_PS_I_O)
                                                      0.028     0.199 r  bnn_top_i/zynq_ultra_ps_e_0/inst/buffer_pl_clk_0.PL_CLK_0_BUFG/O
    X0Y0 (CLOCK_ROOT)    net (fo=20970, routed)       1.626     1.825    bnn_top_i/rst_ps7_0_100M/U0/slowest_sync_clk
    SLICE_X6Y56          FDRE                                         r  bnn_top_i/rst_ps7_0_100M/U0/ACTIVE_LOW_PR_OUT_DFF[0].FDRE_PER_N/C
  -------------------------------------------------------------------    -------------------
    SLICE_X6Y56          FDRE (Prop_HFF2_SLICEL_C_Q)
                                                      0.080     1.905 r  bnn_top_i/rst_ps7_0_100M/U0/ACTIVE_LOW_PR_OUT_DFF[0].FDRE_PER_N/Q
                         net (fo=13, routed)          0.425     2.330    bnn_top_i/ps7_0_axi_periph/s00_couplers/auto_ds/inst/gen_downsizer.gen_simple_downsizer.axi_downsizer_inst/USE_WRITE.write_addr_inst/cmd_queue/inst/fifo_gen_inst/inst_fifo_gen/gconvfifo.rf/grf.rf/rstblk/ngwrdrst.grst.g7serrst.gnsckt_wrst.rst_wr_reg2_inst/src_arst
    SLICE_X3Y38          FDPE                                         f  bnn_top_i/ps7_0_axi_periph/s00_couplers/auto_ds/inst/gen_downsizer.gen_simple_downsizer.axi_downsizer_inst/USE_WRITE.write_addr_inst/cmd_queue/inst/fifo_gen_inst/inst_fifo_gen/gconvfifo.rf/grf.rf/rstblk/ngwrdrst.grst.g7serrst.gnsckt_wrst.rst_wr_reg2_inst/arststages_ff_reg[1]/PRE  (IS_INVERTED)
  -------------------------------------------------------------------    -------------------

                         (clock clk_pl_0 rise edge)
                                                      0.000     0.000 r  
    PS8_X0Y0             PS8                          0.000     0.000 r  bnn_top_i/zynq_ultra_ps_e_0/inst/PS8_i/PLCLK[0]
                         net (fo=1, routed)           0.135     0.135    bnn_top_i/zynq_ultra_ps_e_0/inst/pl_clk_unbuffered[0]
    BUFG_PS_X0Y58        BUFG_PS (Prop_BUFG_PS_I_O)
                                                      0.025     0.160 r  bnn_top_i/zynq_ultra_ps_e_0/inst/buffer_pl_clk_0.PL_CLK_0_BUFG/O
    X0Y0 (CLOCK_ROOT)    net (fo=20970, routed)       1.407     1.567    bnn_top_i/ps7_0_axi_periph/s00_couplers/auto_ds/inst/gen_downsizer.gen_simple_downsizer.axi_downsizer_inst/USE_WRITE.write_addr_inst/cmd_queue/inst/fifo_gen_inst/inst_fifo_gen/gconvfifo.rf/grf.rf/rstblk/ngwrdrst.grst.g7serrst.gnsckt_wrst.rst_wr_reg2_inst/dest_clk
    SLICE_X3Y38          FDPE                                         r  bnn_top_i/ps7_0_axi_periph/s00_couplers/auto_ds/inst/gen_downsizer.gen_simple_downsizer.axi_downsizer_inst/USE_WRITE.write_addr_inst/cmd_queue/inst/fifo_gen_inst/inst_fifo_gen/gconvfifo.rf/grf.rf/rstblk/ngwrdrst.grst.g7serrst.gnsckt_wrst.rst_wr_reg2_inst/arststages_ff_reg[1]/C

Slack:                    inf
  Source:                 bnn_top_i/rst_ps7_0_100M/U0/ACTIVE_LOW_PR_OUT_DFF[0].FDRE_PER_N/C
                            (rising edge-triggered cell FDRE clocked by clk_pl_0  {rise@0.000ns fall@1.666ns period=3.333ns})
  Destination:            bnn_top_i/ps7_0_axi_periph/s00_couplers/auto_ds/inst/gen_downsizer.gen_simple_downsizer.axi_downsizer_inst/USE_READ.read_addr_inst/cmd_queue/inst/fifo_gen_inst/inst_fifo_gen/gconvfifo.rf/grf.rf/rstblk/ngwrdrst.grst.g7serrst.gnsckt_wrst.rst_wr_reg2_inst/arststages_ff_reg[0]/PRE
                            (recovery check against rising-edge clock clk_pl_0  {rise@0.000ns fall@1.666ns period=3.333ns})
  Path Group:             (none)
  Path Type:              Recovery (Max at Slow Process Corner)
  Data Path Delay:        0.414ns  (logic 0.080ns (19.331%)  route 0.334ns (80.669%))
  Logic Levels:           0  
  Clock Path Skew:        -0.247ns (DCD - SCD + CPR)
    Destination Clock Delay (DCD):    1.578ns
    Source Clock Delay      (SCD):    1.825ns
    Clock Pessimism Removal (CPR):    0.000ns
  Clock Uncertainty:      0.104ns  ((TSJ^2 + DJ^2)^1/2) / 2 + PE
    Total System Jitter     (TSJ):    0.071ns
    Discrete Jitter          (DJ):    0.195ns
    Phase Error              (PE):    0.000ns
  Clock Net Delay (Source):      1.626ns (routing 0.786ns, distribution 0.840ns)
  Clock Net Delay (Destination): 1.418ns (routing 0.709ns, distribution 0.709ns)
  Timing Exception:       False Path

    Location             Delay type                Incr(ns)  Path(ns)    Netlist Resource(s)
  -------------------------------------------------------------------    -------------------
                         (clock clk_pl_0 rise edge)
                                                      0.000     0.000 r  
    PS8_X0Y0             PS8                          0.000     0.000 r  bnn_top_i/zynq_ultra_ps_e_0/inst/PS8_i/PLCLK[0]
                         net (fo=1, routed)           0.171     0.171    bnn_top_i/zynq_ultra_ps_e_0/inst/pl_clk_unbuffered[0]
    BUFG_PS_X0Y58        BUFG_PS (Prop_BUFG_PS_I_O)
                                                      0.028     0.199 r  bnn_top_i/zynq_ultra_ps_e_0/inst/buffer_pl_clk_0.PL_CLK_0_BUFG/O
    X0Y0 (CLOCK_ROOT)    net (fo=20970, routed)       1.626     1.825    bnn_top_i/rst_ps7_0_100M/U0/slowest_sync_clk
    SLICE_X6Y56          FDRE                                         r  bnn_top_i/rst_ps7_0_100M/U0/ACTIVE_LOW_PR_OUT_DFF[0].FDRE_PER_N/C
  -------------------------------------------------------------------    -------------------
    SLICE_X6Y56          FDRE (Prop_HFF2_SLICEL_C_Q)
                                                      0.080     1.905 r  bnn_top_i/rst_ps7_0_100M/U0/ACTIVE_LOW_PR_OUT_DFF[0].FDRE_PER_N/Q
                         net (fo=13, routed)          0.334     2.239    bnn_top_i/ps7_0_axi_periph/s00_couplers/auto_ds/inst/gen_downsizer.gen_simple_downsizer.axi_downsizer_inst/USE_READ.read_addr_inst/cmd_queue/inst/fifo_gen_inst/inst_fifo_gen/gconvfifo.rf/grf.rf/rstblk/ngwrdrst.grst.g7serrst.gnsckt_wrst.rst_wr_reg2_inst/src_arst
    SLICE_X3Y58          FDPE                                         f  bnn_top_i/ps7_0_axi_periph/s00_couplers/auto_ds/inst/gen_downsizer.gen_simple_downsizer.axi_downsizer_inst/USE_READ.read_addr_inst/cmd_queue/inst/fifo_gen_inst/inst_fifo_gen/gconvfifo.rf/grf.rf/rstblk/ngwrdrst.grst.g7serrst.gnsckt_wrst.rst_wr_reg2_inst/arststages_ff_reg[0]/PRE  (IS_INVERTED)
  -------------------------------------------------------------------    -------------------

                         (clock clk_pl_0 rise edge)
                                                      0.000     0.000 r  
    PS8_X0Y0             PS8                          0.000     0.000 r  bnn_top_i/zynq_ultra_ps_e_0/inst/PS8_i/PLCLK[0]
                         net (fo=1, routed)           0.135     0.135    bnn_top_i/zynq_ultra_ps_e_0/inst/pl_clk_unbuffered[0]
    BUFG_PS_X0Y58        BUFG_PS (Prop_BUFG_PS_I_O)
                                                      0.025     0.160 r  bnn_top_i/zynq_ultra_ps_e_0/inst/buffer_pl_clk_0.PL_CLK_0_BUFG/O
    X0Y0 (CLOCK_ROOT)    net (fo=20970, routed)       1.418     1.578    bnn_top_i/ps7_0_axi_periph/s00_couplers/auto_ds/inst/gen_downsizer.gen_simple_downsizer.axi_downsizer_inst/USE_READ.read_addr_inst/cmd_queue/inst/fifo_gen_inst/inst_fifo_gen/gconvfifo.rf/grf.rf/rstblk/ngwrdrst.grst.g7serrst.gnsckt_wrst.rst_wr_reg2_inst/dest_clk
    SLICE_X3Y58          FDPE                                         r  bnn_top_i/ps7_0_axi_periph/s00_couplers/auto_ds/inst/gen_downsizer.gen_simple_downsizer.axi_downsizer_inst/USE_READ.read_addr_inst/cmd_queue/inst/fifo_gen_inst/inst_fifo_gen/gconvfifo.rf/grf.rf/rstblk/ngwrdrst.grst.g7serrst.gnsckt_wrst.rst_wr_reg2_inst/arststages_ff_reg[0]/C





Min Delay Paths
--------------------------------------------------------------------------------------
Slack:                    inf
  Source:                 bnn_top_i/rst_ps7_0_100M/U0/ACTIVE_LOW_PR_OUT_DFF[0].FDRE_PER_N/C
                            (rising edge-triggered cell FDRE clocked by clk_pl_0  {rise@0.000ns fall@1.666ns period=3.333ns})
  Destination:            bnn_top_i/axi_mem_intercon/s02_couplers/auto_ds/inst/gen_downsizer.gen_simple_downsizer.axi_downsizer_inst/USE_READ.read_addr_inst/cmd_queue/inst/fifo_gen_inst/inst_fifo_gen/gconvfifo.rf/grf.rf/rstblk/ngwrdrst.grst.g7serrst.gnsckt_wrst.rst_wr_reg2_inst/arststages_ff_reg[0]/PRE
                            (removal check against rising-edge clock clk_pl_0  {rise@0.000ns fall@1.666ns period=3.333ns})
  Path Group:             (none)
  Path Type:              Removal (Min at Fast Process Corner)
  Data Path Delay:        0.144ns  (logic 0.039ns (27.119%)  route 0.105ns (72.881%))
  Logic Levels:           0  
  Clock Path Skew:        0.150ns (DCD - SCD - CPR)
    Destination Clock Delay (DCD):    1.154ns
    Source Clock Delay      (SCD):    1.004ns
    Clock Pessimism Removal (CPR):    -0.000ns
  Clock Uncertainty:      0.104ns  ((TSJ^2 + DJ^2)^1/2) / 2 + PE
    Total System Jitter     (TSJ):    0.071ns
    Discrete Jitter          (DJ):    0.195ns
    Phase Error              (PE):    0.000ns
  Clock Net Delay (Source):      0.893ns (routing 0.430ns, distribution 0.463ns)
  Clock Net Delay (Destination): 1.016ns (routing 0.486ns, distribution 0.530ns)
  Timing Exception:       False Path

    Location             Delay type                Incr(ns)  Path(ns)    Netlist Resource(s)
  -------------------------------------------------------------------    -------------------
                         (clock clk_pl_0 rise edge)
                                                      0.000     0.000 r  
    PS8_X0Y0             PS8                          0.000     0.000 r  bnn_top_i/zynq_ultra_ps_e_0/inst/PS8_i/PLCLK[0]
                         net (fo=1, routed)           0.094     0.094    bnn_top_i/zynq_ultra_ps_e_0/inst/pl_clk_unbuffered[0]
    BUFG_PS_X0Y58        BUFG_PS (Prop_BUFG_PS_I_O)
                                                      0.017     0.111 r  bnn_top_i/zynq_ultra_ps_e_0/inst/buffer_pl_clk_0.PL_CLK_0_BUFG/O
    X0Y0 (CLOCK_ROOT)    net (fo=20970, routed)       0.893     1.004    bnn_top_i/rst_ps7_0_100M/U0/slowest_sync_clk
    SLICE_X6Y56          FDRE                                         r  bnn_top_i/rst_ps7_0_100M/U0/ACTIVE_LOW_PR_OUT_DFF[0].FDRE_PER_N/C
  -------------------------------------------------------------------    -------------------
    SLICE_X6Y56          FDRE (Prop_HFF2_SLICEL_C_Q)
                                                      0.039     1.043 r  bnn_top_i/rst_ps7_0_100M/U0/ACTIVE_LOW_PR_OUT_DFF[0].FDRE_PER_N/Q
                         net (fo=13, routed)          0.105     1.148    bnn_top_i/axi_mem_intercon/s02_couplers/auto_ds/inst/gen_downsizer.gen_simple_downsizer.axi_downsizer_inst/USE_READ.read_addr_inst/cmd_queue/inst/fifo_gen_inst/inst_fifo_gen/gconvfifo.rf/grf.rf/rstblk/ngwrdrst.grst.g7serrst.gnsckt_wrst.rst_wr_reg2_inst/src_arst
    SLICE_X6Y58          FDPE                                         f  bnn_top_i/axi_mem_intercon/s02_couplers/auto_ds/inst/gen_downsizer.gen_simple_downsizer.axi_downsizer_inst/USE_READ.read_addr_inst/cmd_queue/inst/fifo_gen_inst/inst_fifo_gen/gconvfifo.rf/grf.rf/rstblk/ngwrdrst.grst.g7serrst.gnsckt_wrst.rst_wr_reg2_inst/arststages_ff_reg[0]/PRE  (IS_INVERTED)
  -------------------------------------------------------------------    -------------------

                         (clock clk_pl_0 rise edge)
                                                      0.000     0.000 r  
    PS8_X0Y0             PS8                          0.000     0.000 r  bnn_top_i/zynq_ultra_ps_e_0/inst/PS8_i/PLCLK[0]
                         net (fo=1, routed)           0.120     0.120    bnn_top_i/zynq_ultra_ps_e_0/inst/pl_clk_unbuffered[0]
    BUFG_PS_X0Y58        BUFG_PS (Prop_BUFG_PS_I_O)
                                                      0.018     0.138 r  bnn_top_i/zynq_ultra_ps_e_0/inst/buffer_pl_clk_0.PL_CLK_0_BUFG/O
    X0Y0 (CLOCK_ROOT)    net (fo=20970, routed)       1.016     1.154    bnn_top_i/axi_mem_intercon/s02_couplers/auto_ds/inst/gen_downsizer.gen_simple_downsizer.axi_downsizer_inst/USE_READ.read_addr_inst/cmd_queue/inst/fifo_gen_inst/inst_fifo_gen/gconvfifo.rf/grf.rf/rstblk/ngwrdrst.grst.g7serrst.gnsckt_wrst.rst_wr_reg2_inst/dest_clk
    SLICE_X6Y58          FDPE                                         r  bnn_top_i/axi_mem_intercon/s02_couplers/auto_ds/inst/gen_downsizer.gen_simple_downsizer.axi_downsizer_inst/USE_READ.read_addr_inst/cmd_queue/inst/fifo_gen_inst/inst_fifo_gen/gconvfifo.rf/grf.rf/rstblk/ngwrdrst.grst.g7serrst.gnsckt_wrst.rst_wr_reg2_inst/arststages_ff_reg[0]/C

Slack:                    inf
  Source:                 bnn_top_i/rst_ps7_0_100M/U0/ACTIVE_LOW_PR_OUT_DFF[0].FDRE_PER_N/C
                            (rising edge-triggered cell FDRE clocked by clk_pl_0  {rise@0.000ns fall@1.666ns period=3.333ns})
  Destination:            bnn_top_i/axi_mem_intercon/s02_couplers/auto_ds/inst/gen_downsizer.gen_simple_downsizer.axi_downsizer_inst/USE_READ.read_addr_inst/cmd_queue/inst/fifo_gen_inst/inst_fifo_gen/gconvfifo.rf/grf.rf/rstblk/ngwrdrst.grst.g7serrst.gnsckt_wrst.rst_wr_reg2_inst/arststages_ff_reg[1]/PRE
                            (removal check against rising-edge clock clk_pl_0  {rise@0.000ns fall@1.666ns period=3.333ns})
  Path Group:             (none)
  Path Type:              Removal (Min at Fast Process Corner)
  Data Path Delay:        0.144ns  (logic 0.039ns (27.119%)  route 0.105ns (72.881%))
  Logic Levels:           0  
  Clock Path Skew:        0.150ns (DCD - SCD - CPR)
    Destination Clock Delay (DCD):    1.154ns
    Source Clock Delay      (SCD):    1.004ns
    Clock Pessimism Removal (CPR):    -0.000ns
  Clock Uncertainty:      0.104ns  ((TSJ^2 + DJ^2)^1/2) / 2 + PE
    Total System Jitter     (TSJ):    0.071ns
    Discrete Jitter          (DJ):    0.195ns
    Phase Error              (PE):    0.000ns
  Clock Net Delay (Source):      0.893ns (routing 0.430ns, distribution 0.463ns)
  Clock Net Delay (Destination): 1.016ns (routing 0.486ns, distribution 0.530ns)
  Timing Exception:       False Path

    Location             Delay type                Incr(ns)  Path(ns)    Netlist Resource(s)
  -------------------------------------------------------------------    -------------------
                         (clock clk_pl_0 rise edge)
                                                      0.000     0.000 r  
    PS8_X0Y0             PS8                          0.000     0.000 r  bnn_top_i/zynq_ultra_ps_e_0/inst/PS8_i/PLCLK[0]
                         net (fo=1, routed)           0.094     0.094    bnn_top_i/zynq_ultra_ps_e_0/inst/pl_clk_unbuffered[0]
    BUFG_PS_X0Y58        BUFG_PS (Prop_BUFG_PS_I_O)
                                                      0.017     0.111 r  bnn_top_i/zynq_ultra_ps_e_0/inst/buffer_pl_clk_0.PL_CLK_0_BUFG/O
    X0Y0 (CLOCK_ROOT)    net (fo=20970, routed)       0.893     1.004    bnn_top_i/rst_ps7_0_100M/U0/slowest_sync_clk
    SLICE_X6Y56          FDRE                                         r  bnn_top_i/rst_ps7_0_100M/U0/ACTIVE_LOW_PR_OUT_DFF[0].FDRE_PER_N/C
  -------------------------------------------------------------------    -------------------
    SLICE_X6Y56          FDRE (Prop_HFF2_SLICEL_C_Q)
                                                      0.039     1.043 r  bnn_top_i/rst_ps7_0_100M/U0/ACTIVE_LOW_PR_OUT_DFF[0].FDRE_PER_N/Q
                         net (fo=13, routed)          0.105     1.148    bnn_top_i/axi_mem_intercon/s02_couplers/auto_ds/inst/gen_downsizer.gen_simple_downsizer.axi_downsizer_inst/USE_READ.read_addr_inst/cmd_queue/inst/fifo_gen_inst/inst_fifo_gen/gconvfifo.rf/grf.rf/rstblk/ngwrdrst.grst.g7serrst.gnsckt_wrst.rst_wr_reg2_inst/src_arst
    SLICE_X6Y58          FDPE                                         f  bnn_top_i/axi_mem_intercon/s02_couplers/auto_ds/inst/gen_downsizer.gen_simple_downsizer.axi_downsizer_inst/USE_READ.read_addr_inst/cmd_queue/inst/fifo_gen_inst/inst_fifo_gen/gconvfifo.rf/grf.rf/rstblk/ngwrdrst.grst.g7serrst.gnsckt_wrst.rst_wr_reg2_inst/arststages_ff_reg[1]/PRE  (IS_INVERTED)
  -------------------------------------------------------------------    -------------------

                         (clock clk_pl_0 rise edge)
                                                      0.000     0.000 r  
    PS8_X0Y0             PS8                          0.000     0.000 r  bnn_top_i/zynq_ultra_ps_e_0/inst/PS8_i/PLCLK[0]
                         net (fo=1, routed)           0.120     0.120    bnn_top_i/zynq_ultra_ps_e_0/inst/pl_clk_unbuffered[0]
    BUFG_PS_X0Y58        BUFG_PS (Prop_BUFG_PS_I_O)
                                                      0.018     0.138 r  bnn_top_i/zynq_ultra_ps_e_0/inst/buffer_pl_clk_0.PL_CLK_0_BUFG/O
    X0Y0 (CLOCK_ROOT)    net (fo=20970, routed)       1.016     1.154    bnn_top_i/axi_mem_intercon/s02_couplers/auto_ds/inst/gen_downsizer.gen_simple_downsizer.axi_downsizer_inst/USE_READ.read_addr_inst/cmd_queue/inst/fifo_gen_inst/inst_fifo_gen/gconvfifo.rf/grf.rf/rstblk/ngwrdrst.grst.g7serrst.gnsckt_wrst.rst_wr_reg2_inst/dest_clk
    SLICE_X6Y58          FDPE                                         r  bnn_top_i/axi_mem_intercon/s02_couplers/auto_ds/inst/gen_downsizer.gen_simple_downsizer.axi_downsizer_inst/USE_READ.read_addr_inst/cmd_queue/inst/fifo_gen_inst/inst_fifo_gen/gconvfifo.rf/grf.rf/rstblk/ngwrdrst.grst.g7serrst.gnsckt_wrst.rst_wr_reg2_inst/arststages_ff_reg[1]/C

Slack:                    inf
  Source:                 bnn_top_i/rst_ps7_0_100M/U0/ACTIVE_LOW_PR_OUT_DFF[0].FDRE_PER_N/C
                            (rising edge-triggered cell FDRE clocked by clk_pl_0  {rise@0.000ns fall@1.666ns period=3.333ns})
  Destination:            bnn_top_i/ps7_0_axi_periph/s00_couplers/auto_ds/inst/gen_downsizer.gen_simple_downsizer.axi_downsizer_inst/USE_READ.read_addr_inst/cmd_queue/inst/fifo_gen_inst/inst_fifo_gen/gconvfifo.rf/grf.rf/rstblk/ngwrdrst.grst.g7serrst.gnsckt_wrst.rst_wr_reg2_inst/arststages_ff_reg[0]/PRE
                            (removal check against rising-edge clock clk_pl_0  {rise@0.000ns fall@1.666ns period=3.333ns})
  Path Group:             (none)
  Path Type:              Removal (Min at Fast Process Corner)
  Data Path Delay:        0.189ns  (logic 0.039ns (20.585%)  route 0.150ns (79.415%))
  Logic Levels:           0  
  Clock Path Skew:        0.147ns (DCD - SCD - CPR)
    Destination Clock Delay (DCD):    1.151ns
    Source Clock Delay      (SCD):    1.004ns
    Clock Pessimism Removal (CPR):    -0.000ns
  Clock Uncertainty:      0.104ns  ((TSJ^2 + DJ^2)^1/2) / 2 + PE
    Total System Jitter     (TSJ):    0.071ns
    Discrete Jitter          (DJ):    0.195ns
    Phase Error              (PE):    0.000ns
  Clock Net Delay (Source):      0.893ns (routing 0.430ns, distribution 0.463ns)
  Clock Net Delay (Destination): 1.013ns (routing 0.486ns, distribution 0.527ns)
  Timing Exception:       False Path

    Location             Delay type                Incr(ns)  Path(ns)    Netlist Resource(s)
  -------------------------------------------------------------------    -------------------
                         (clock clk_pl_0 rise edge)
                                                      0.000     0.000 r  
    PS8_X0Y0             PS8                          0.000     0.000 r  bnn_top_i/zynq_ultra_ps_e_0/inst/PS8_i/PLCLK[0]
                         net (fo=1, routed)           0.094     0.094    bnn_top_i/zynq_ultra_ps_e_0/inst/pl_clk_unbuffered[0]
    BUFG_PS_X0Y58        BUFG_PS (Prop_BUFG_PS_I_O)
                                                      0.017     0.111 r  bnn_top_i/zynq_ultra_ps_e_0/inst/buffer_pl_clk_0.PL_CLK_0_BUFG/O
    X0Y0 (CLOCK_ROOT)    net (fo=20970, routed)       0.893     1.004    bnn_top_i/rst_ps7_0_100M/U0/slowest_sync_clk
    SLICE_X6Y56          FDRE                                         r  bnn_top_i/rst_ps7_0_100M/U0/ACTIVE_LOW_PR_OUT_DFF[0].FDRE_PER_N/C
  -------------------------------------------------------------------    -------------------
    SLICE_X6Y56          FDRE (Prop_HFF2_SLICEL_C_Q)
                                                      0.039     1.043 r  bnn_top_i/rst_ps7_0_100M/U0/ACTIVE_LOW_PR_OUT_DFF[0].FDRE_PER_N/Q
                         net (fo=13, routed)          0.150     1.194    bnn_top_i/ps7_0_axi_periph/s00_couplers/auto_ds/inst/gen_downsizer.gen_simple_downsizer.axi_downsizer_inst/USE_READ.read_addr_inst/cmd_queue/inst/fifo_gen_inst/inst_fifo_gen/gconvfifo.rf/grf.rf/rstblk/ngwrdrst.grst.g7serrst.gnsckt_wrst.rst_wr_reg2_inst/src_arst
    SLICE_X3Y58          FDPE                                         f  bnn_top_i/ps7_0_axi_periph/s00_couplers/auto_ds/inst/gen_downsizer.gen_simple_downsizer.axi_downsizer_inst/USE_READ.read_addr_inst/cmd_queue/inst/fifo_gen_inst/inst_fifo_gen/gconvfifo.rf/grf.rf/rstblk/ngwrdrst.grst.g7serrst.gnsckt_wrst.rst_wr_reg2_inst/arststages_ff_reg[0]/PRE  (IS_INVERTED)
  -------------------------------------------------------------------    -------------------

                         (clock clk_pl_0 rise edge)
                                                      0.000     0.000 r  
    PS8_X0Y0             PS8                          0.000     0.000 r  bnn_top_i/zynq_ultra_ps_e_0/inst/PS8_i/PLCLK[0]
                         net (fo=1, routed)           0.120     0.120    bnn_top_i/zynq_ultra_ps_e_0/inst/pl_clk_unbuffered[0]
    BUFG_PS_X0Y58        BUFG_PS (Prop_BUFG_PS_I_O)
                                                      0.018     0.138 r  bnn_top_i/zynq_ultra_ps_e_0/inst/buffer_pl_clk_0.PL_CLK_0_BUFG/O
    X0Y0 (CLOCK_ROOT)    net (fo=20970, routed)       1.013     1.151    bnn_top_i/ps7_0_axi_periph/s00_couplers/auto_ds/inst/gen_downsizer.gen_simple_downsizer.axi_downsizer_inst/USE_READ.read_addr_inst/cmd_queue/inst/fifo_gen_inst/inst_fifo_gen/gconvfifo.rf/grf.rf/rstblk/ngwrdrst.grst.g7serrst.gnsckt_wrst.rst_wr_reg2_inst/dest_clk
    SLICE_X3Y58          FDPE                                         r  bnn_top_i/ps7_0_axi_periph/s00_couplers/auto_ds/inst/gen_downsizer.gen_simple_downsizer.axi_downsizer_inst/USE_READ.read_addr_inst/cmd_queue/inst/fifo_gen_inst/inst_fifo_gen/gconvfifo.rf/grf.rf/rstblk/ngwrdrst.grst.g7serrst.gnsckt_wrst.rst_wr_reg2_inst/arststages_ff_reg[0]/C

Slack:                    inf
  Source:                 bnn_top_i/rst_ps7_0_100M/U0/ACTIVE_LOW_PR_OUT_DFF[0].FDRE_PER_N/C
                            (rising edge-triggered cell FDRE clocked by clk_pl_0  {rise@0.000ns fall@1.666ns period=3.333ns})
  Destination:            bnn_top_i/ps7_0_axi_periph/s00_couplers/auto_ds/inst/gen_downsizer.gen_simple_downsizer.axi_downsizer_inst/USE_READ.read_addr_inst/cmd_queue/inst/fifo_gen_inst/inst_fifo_gen/gconvfifo.rf/grf.rf/rstblk/ngwrdrst.grst.g7serrst.gnsckt_wrst.rst_wr_reg2_inst/arststages_ff_reg[1]/PRE
                            (removal check against rising-edge clock clk_pl_0  {rise@0.000ns fall@1.666ns period=3.333ns})
  Path Group:             (none)
  Path Type:              Removal (Min at Fast Process Corner)
  Data Path Delay:        0.189ns  (logic 0.039ns (20.585%)  route 0.150ns (79.415%))
  Logic Levels:           0  
  Clock Path Skew:        0.147ns (DCD - SCD - CPR)
    Destination Clock Delay (DCD):    1.151ns
    Source Clock Delay      (SCD):    1.004ns
    Clock Pessimism Removal (CPR):    -0.000ns
  Clock Uncertainty:      0.104ns  ((TSJ^2 + DJ^2)^1/2) / 2 + PE
    Total System Jitter     (TSJ):    0.071ns
    Discrete Jitter          (DJ):    0.195ns
    Phase Error              (PE):    0.000ns
  Clock Net Delay (Source):      0.893ns (routing 0.430ns, distribution 0.463ns)
  Clock Net Delay (Destination): 1.013ns (routing 0.486ns, distribution 0.527ns)
  Timing Exception:       False Path

    Location             Delay type                Incr(ns)  Path(ns)    Netlist Resource(s)
  -------------------------------------------------------------------    -------------------
                         (clock clk_pl_0 rise edge)
                                                      0.000     0.000 r  
    PS8_X0Y0             PS8                          0.000     0.000 r  bnn_top_i/zynq_ultra_ps_e_0/inst/PS8_i/PLCLK[0]
                         net (fo=1, routed)           0.094     0.094    bnn_top_i/zynq_ultra_ps_e_0/inst/pl_clk_unbuffered[0]
    BUFG_PS_X0Y58        BUFG_PS (Prop_BUFG_PS_I_O)
                                                      0.017     0.111 r  bnn_top_i/zynq_ultra_ps_e_0/inst/buffer_pl_clk_0.PL_CLK_0_BUFG/O
    X0Y0 (CLOCK_ROOT)    net (fo=20970, routed)       0.893     1.004    bnn_top_i/rst_ps7_0_100M/U0/slowest_sync_clk
    SLICE_X6Y56          FDRE                                         r  bnn_top_i/rst_ps7_0_100M/U0/ACTIVE_LOW_PR_OUT_DFF[0].FDRE_PER_N/C
  -------------------------------------------------------------------    -------------------
    SLICE_X6Y56          FDRE (Prop_HFF2_SLICEL_C_Q)
                                                      0.039     1.043 r  bnn_top_i/rst_ps7_0_100M/U0/ACTIVE_LOW_PR_OUT_DFF[0].FDRE_PER_N/Q
                         net (fo=13, routed)          0.150     1.194    bnn_top_i/ps7_0_axi_periph/s00_couplers/auto_ds/inst/gen_downsizer.gen_simple_downsizer.axi_downsizer_inst/USE_READ.read_addr_inst/cmd_queue/inst/fifo_gen_inst/inst_fifo_gen/gconvfifo.rf/grf.rf/rstblk/ngwrdrst.grst.g7serrst.gnsckt_wrst.rst_wr_reg2_inst/src_arst
    SLICE_X3Y58          FDPE                                         f  bnn_top_i/ps7_0_axi_periph/s00_couplers/auto_ds/inst/gen_downsizer.gen_simple_downsizer.axi_downsizer_inst/USE_READ.read_addr_inst/cmd_queue/inst/fifo_gen_inst/inst_fifo_gen/gconvfifo.rf/grf.rf/rstblk/ngwrdrst.grst.g7serrst.gnsckt_wrst.rst_wr_reg2_inst/arststages_ff_reg[1]/PRE  (IS_INVERTED)
  -------------------------------------------------------------------    -------------------

                         (clock clk_pl_0 rise edge)
                                                      0.000     0.000 r  
    PS8_X0Y0             PS8                          0.000     0.000 r  bnn_top_i/zynq_ultra_ps_e_0/inst/PS8_i/PLCLK[0]
                         net (fo=1, routed)           0.120     0.120    bnn_top_i/zynq_ultra_ps_e_0/inst/pl_clk_unbuffered[0]
    BUFG_PS_X0Y58        BUFG_PS (Prop_BUFG_PS_I_O)
                                                      0.018     0.138 r  bnn_top_i/zynq_ultra_ps_e_0/inst/buffer_pl_clk_0.PL_CLK_0_BUFG/O
    X0Y0 (CLOCK_ROOT)    net (fo=20970, routed)       1.013     1.151    bnn_top_i/ps7_0_axi_periph/s00_couplers/auto_ds/inst/gen_downsizer.gen_simple_downsizer.axi_downsizer_inst/USE_READ.read_addr_inst/cmd_queue/inst/fifo_gen_inst/inst_fifo_gen/gconvfifo.rf/grf.rf/rstblk/ngwrdrst.grst.g7serrst.gnsckt_wrst.rst_wr_reg2_inst/dest_clk
    SLICE_X3Y58          FDPE                                         r  bnn_top_i/ps7_0_axi_periph/s00_couplers/auto_ds/inst/gen_downsizer.gen_simple_downsizer.axi_downsizer_inst/USE_READ.read_addr_inst/cmd_queue/inst/fifo_gen_inst/inst_fifo_gen/gconvfifo.rf/grf.rf/rstblk/ngwrdrst.grst.g7serrst.gnsckt_wrst.rst_wr_reg2_inst/arststages_ff_reg[1]/C

Slack:                    inf
  Source:                 bnn_top_i/rst_ps7_0_100M/U0/ACTIVE_LOW_PR_OUT_DFF[0].FDRE_PER_N/C
                            (rising edge-triggered cell FDRE clocked by clk_pl_0  {rise@0.000ns fall@1.666ns period=3.333ns})
  Destination:            bnn_top_i/axi_dma/U0/I_RST_MODULE/REG_HRD_RST_OUT/GENERATE_LEVEL_P_S_CDC.SINGLE_BIT.CROSS_PLEVEL_IN2SCNDRY_IN_cdc_to/D
                            (rising edge-triggered cell FDRE clocked by clk_pl_0  {rise@0.000ns fall@1.666ns period=3.333ns})
  Path Group:             (none)
  Path Type:              Hold (Min at Fast Process Corner)
  Data Path Delay:        0.195ns  (logic 0.039ns (20.029%)  route 0.156ns (79.971%))
  Logic Levels:           0  
  Clock Path Skew:        0.151ns (DCD - SCD - CPR)
    Destination Clock Delay (DCD):    1.155ns
    Source Clock Delay      (SCD):    1.004ns
    Clock Pessimism Removal (CPR):    -0.000ns
  Clock Uncertainty:      0.104ns  ((TSJ^2 + DJ^2)^1/2) / 2 + PE
    Total System Jitter     (TSJ):    0.071ns
    Discrete Jitter          (DJ):    0.195ns
    Phase Error              (PE):    0.000ns
  Clock Net Delay (Source):      0.893ns (routing 0.430ns, distribution 0.463ns)
  Clock Net Delay (Destination): 1.017ns (routing 0.486ns, distribution 0.531ns)
  Timing Exception:       False Path

    Location             Delay type                Incr(ns)  Path(ns)    Netlist Resource(s)
  -------------------------------------------------------------------    -------------------
                         (clock clk_pl_0 rise edge)
                                                      0.000     0.000 r  
    PS8_X0Y0             PS8                          0.000     0.000 r  bnn_top_i/zynq_ultra_ps_e_0/inst/PS8_i/PLCLK[0]
                         net (fo=1, routed)           0.094     0.094    bnn_top_i/zynq_ultra_ps_e_0/inst/pl_clk_unbuffered[0]
    BUFG_PS_X0Y58        BUFG_PS (Prop_BUFG_PS_I_O)
                                                      0.017     0.111 r  bnn_top_i/zynq_ultra_ps_e_0/inst/buffer_pl_clk_0.PL_CLK_0_BUFG/O
    X0Y0 (CLOCK_ROOT)    net (fo=20970, routed)       0.893     1.004    bnn_top_i/rst_ps7_0_100M/U0/slowest_sync_clk
    SLICE_X6Y56          FDRE                                         r  bnn_top_i/rst_ps7_0_100M/U0/ACTIVE_LOW_PR_OUT_DFF[0].FDRE_PER_N/C
  -------------------------------------------------------------------    -------------------
    SLICE_X6Y56          FDRE (Prop_HFF2_SLICEL_C_Q)
                                                      0.039     1.043 r  bnn_top_i/rst_ps7_0_100M/U0/ACTIVE_LOW_PR_OUT_DFF[0].FDRE_PER_N/Q
                         net (fo=13, routed)          0.156     1.199    bnn_top_i/axi_dma/U0/I_RST_MODULE/REG_HRD_RST_OUT/axi_resetn
    SLICE_X8Y44          FDRE                                         r  bnn_top_i/axi_dma/U0/I_RST_MODULE/REG_HRD_RST_OUT/GENERATE_LEVEL_P_S_CDC.SINGLE_BIT.CROSS_PLEVEL_IN2SCNDRY_IN_cdc_to/D
  -------------------------------------------------------------------    -------------------

                         (clock clk_pl_0 rise edge)
                                                      0.000     0.000 r  
    PS8_X0Y0             PS8                          0.000     0.000 r  bnn_top_i/zynq_ultra_ps_e_0/inst/PS8_i/PLCLK[0]
                         net (fo=1, routed)           0.120     0.120    bnn_top_i/zynq_ultra_ps_e_0/inst/pl_clk_unbuffered[0]
    BUFG_PS_X0Y58        BUFG_PS (Prop_BUFG_PS_I_O)
                                                      0.018     0.138 r  bnn_top_i/zynq_ultra_ps_e_0/inst/buffer_pl_clk_0.PL_CLK_0_BUFG/O
    X0Y0 (CLOCK_ROOT)    net (fo=20970, routed)       1.017     1.155    bnn_top_i/axi_dma/U0/I_RST_MODULE/REG_HRD_RST_OUT/s_axi_lite_aclk
    SLICE_X8Y44          FDRE                                         r  bnn_top_i/axi_dma/U0/I_RST_MODULE/REG_HRD_RST_OUT/GENERATE_LEVEL_P_S_CDC.SINGLE_BIT.CROSS_PLEVEL_IN2SCNDRY_IN_cdc_to/C

Slack:                    inf
  Source:                 bnn_top_i/rst_ps7_0_100M/U0/ACTIVE_LOW_PR_OUT_DFF[0].FDRE_PER_N/C
                            (rising edge-triggered cell FDRE clocked by clk_pl_0  {rise@0.000ns fall@1.666ns period=3.333ns})
  Destination:            bnn_top_i/ps7_0_axi_periph/s00_couplers/auto_ds/inst/gen_downsizer.gen_simple_downsizer.axi_downsizer_inst/USE_WRITE.write_addr_inst/USE_B_CHANNEL.cmd_b_queue/inst/fifo_gen_inst/inst_fifo_gen/gconvfifo.rf/grf.rf/rstblk/ngwrdrst.grst.g7serrst.gnsckt_wrst.rst_wr_reg2_inst/arststages_ff_reg[0]/PRE
                            (removal check against rising-edge clock clk_pl_0  {rise@0.000ns fall@1.666ns period=3.333ns})
  Path Group:             (none)
  Path Type:              Removal (Min at Fast Process Corner)
  Data Path Delay:        0.241ns  (logic 0.039ns (16.158%)  route 0.202ns (83.842%))
  Logic Levels:           0  
  Clock Path Skew:        0.140ns (DCD - SCD - CPR)
    Destination Clock Delay (DCD):    1.144ns
    Source Clock Delay      (SCD):    1.004ns
    Clock Pessimism Removal (CPR):    -0.000ns
  Clock Uncertainty:      0.104ns  ((TSJ^2 + DJ^2)^1/2) / 2 + PE
    Total System Jitter     (TSJ):    0.071ns
    Discrete Jitter          (DJ):    0.195ns
    Phase Error              (PE):    0.000ns
  Clock Net Delay (Source):      0.893ns (routing 0.430ns, distribution 0.463ns)
  Clock Net Delay (Destination): 1.006ns (routing 0.486ns, distribution 0.520ns)
  Timing Exception:       False Path

    Location             Delay type                Incr(ns)  Path(ns)    Netlist Resource(s)
  -------------------------------------------------------------------    -------------------
                         (clock clk_pl_0 rise edge)
                                                      0.000     0.000 r  
    PS8_X0Y0             PS8                          0.000     0.000 r  bnn_top_i/zynq_ultra_ps_e_0/inst/PS8_i/PLCLK[0]
                         net (fo=1, routed)           0.094     0.094    bnn_top_i/zynq_ultra_ps_e_0/inst/pl_clk_unbuffered[0]
    BUFG_PS_X0Y58        BUFG_PS (Prop_BUFG_PS_I_O)
                                                      0.017     0.111 r  bnn_top_i/zynq_ultra_ps_e_0/inst/buffer_pl_clk_0.PL_CLK_0_BUFG/O
    X0Y0 (CLOCK_ROOT)    net (fo=20970, routed)       0.893     1.004    bnn_top_i/rst_ps7_0_100M/U0/slowest_sync_clk
    SLICE_X6Y56          FDRE                                         r  bnn_top_i/rst_ps7_0_100M/U0/ACTIVE_LOW_PR_OUT_DFF[0].FDRE_PER_N/C
  -------------------------------------------------------------------    -------------------
    SLICE_X6Y56          FDRE (Prop_HFF2_SLICEL_C_Q)
                                                      0.039     1.043 r  bnn_top_i/rst_ps7_0_100M/U0/ACTIVE_LOW_PR_OUT_DFF[0].FDRE_PER_N/Q
                         net (fo=13, routed)          0.202     1.245    bnn_top_i/ps7_0_axi_periph/s00_couplers/auto_ds/inst/gen_downsizer.gen_simple_downsizer.axi_downsizer_inst/USE_WRITE.write_addr_inst/USE_B_CHANNEL.cmd_b_queue/inst/fifo_gen_inst/inst_fifo_gen/gconvfifo.rf/grf.rf/rstblk/ngwrdrst.grst.g7serrst.gnsckt_wrst.rst_wr_reg2_inst/src_arst
    SLICE_X3Y38          FDPE                                         f  bnn_top_i/ps7_0_axi_periph/s00_couplers/auto_ds/inst/gen_downsizer.gen_simple_downsizer.axi_downsizer_inst/USE_WRITE.write_addr_inst/USE_B_CHANNEL.cmd_b_queue/inst/fifo_gen_inst/inst_fifo_gen/gconvfifo.rf/grf.rf/rstblk/ngwrdrst.grst.g7serrst.gnsckt_wrst.rst_wr_reg2_inst/arststages_ff_reg[0]/PRE  (IS_INVERTED)
  -------------------------------------------------------------------    -------------------

                         (clock clk_pl_0 rise edge)
                                                      0.000     0.000 r  
    PS8_X0Y0             PS8                          0.000     0.000 r  bnn_top_i/zynq_ultra_ps_e_0/inst/PS8_i/PLCLK[0]
                         net (fo=1, routed)           0.120     0.120    bnn_top_i/zynq_ultra_ps_e_0/inst/pl_clk_unbuffered[0]
    BUFG_PS_X0Y58        BUFG_PS (Prop_BUFG_PS_I_O)
                                                      0.018     0.138 r  bnn_top_i/zynq_ultra_ps_e_0/inst/buffer_pl_clk_0.PL_CLK_0_BUFG/O
    X0Y0 (CLOCK_ROOT)    net (fo=20970, routed)       1.006     1.144    bnn_top_i/ps7_0_axi_periph/s00_couplers/auto_ds/inst/gen_downsizer.gen_simple_downsizer.axi_downsizer_inst/USE_WRITE.write_addr_inst/USE_B_CHANNEL.cmd_b_queue/inst/fifo_gen_inst/inst_fifo_gen/gconvfifo.rf/grf.rf/rstblk/ngwrdrst.grst.g7serrst.gnsckt_wrst.rst_wr_reg2_inst/dest_clk
    SLICE_X3Y38          FDPE                                         r  bnn_top_i/ps7_0_axi_periph/s00_couplers/auto_ds/inst/gen_downsizer.gen_simple_downsizer.axi_downsizer_inst/USE_WRITE.write_addr_inst/USE_B_CHANNEL.cmd_b_queue/inst/fifo_gen_inst/inst_fifo_gen/gconvfifo.rf/grf.rf/rstblk/ngwrdrst.grst.g7serrst.gnsckt_wrst.rst_wr_reg2_inst/arststages_ff_reg[0]/C

Slack:                    inf
  Source:                 bnn_top_i/rst_ps7_0_100M/U0/ACTIVE_LOW_PR_OUT_DFF[0].FDRE_PER_N/C
                            (rising edge-triggered cell FDRE clocked by clk_pl_0  {rise@0.000ns fall@1.666ns period=3.333ns})
  Destination:            bnn_top_i/ps7_0_axi_periph/s00_couplers/auto_ds/inst/gen_downsizer.gen_simple_downsizer.axi_downsizer_inst/USE_WRITE.write_addr_inst/USE_B_CHANNEL.cmd_b_queue/inst/fifo_gen_inst/inst_fifo_gen/gconvfifo.rf/grf.rf/rstblk/ngwrdrst.grst.g7serrst.gnsckt_wrst.rst_wr_reg2_inst/arststages_ff_reg[1]/PRE
                            (removal check against rising-edge clock clk_pl_0  {rise@0.000ns fall@1.666ns period=3.333ns})
  Path Group:             (none)
  Path Type:              Removal (Min at Fast Process Corner)
  Data Path Delay:        0.241ns  (logic 0.039ns (16.158%)  route 0.202ns (83.842%))
  Logic Levels:           0  
  Clock Path Skew:        0.140ns (DCD - SCD - CPR)
    Destination Clock Delay (DCD):    1.144ns
    Source Clock Delay      (SCD):    1.004ns
    Clock Pessimism Removal (CPR):    -0.000ns
  Clock Uncertainty:      0.104ns  ((TSJ^2 + DJ^2)^1/2) / 2 + PE
    Total System Jitter     (TSJ):    0.071ns
    Discrete Jitter          (DJ):    0.195ns
    Phase Error              (PE):    0.000ns
  Clock Net Delay (Source):      0.893ns (routing 0.430ns, distribution 0.463ns)
  Clock Net Delay (Destination): 1.006ns (routing 0.486ns, distribution 0.520ns)
  Timing Exception:       False Path

    Location             Delay type                Incr(ns)  Path(ns)    Netlist Resource(s)
  -------------------------------------------------------------------    -------------------
                         (clock clk_pl_0 rise edge)
                                                      0.000     0.000 r  
    PS8_X0Y0             PS8                          0.000     0.000 r  bnn_top_i/zynq_ultra_ps_e_0/inst/PS8_i/PLCLK[0]
                         net (fo=1, routed)           0.094     0.094    bnn_top_i/zynq_ultra_ps_e_0/inst/pl_clk_unbuffered[0]
    BUFG_PS_X0Y58        BUFG_PS (Prop_BUFG_PS_I_O)
                                                      0.017     0.111 r  bnn_top_i/zynq_ultra_ps_e_0/inst/buffer_pl_clk_0.PL_CLK_0_BUFG/O
    X0Y0 (CLOCK_ROOT)    net (fo=20970, routed)       0.893     1.004    bnn_top_i/rst_ps7_0_100M/U0/slowest_sync_clk
    SLICE_X6Y56          FDRE                                         r  bnn_top_i/rst_ps7_0_100M/U0/ACTIVE_LOW_PR_OUT_DFF[0].FDRE_PER_N/C
  -------------------------------------------------------------------    -------------------
    SLICE_X6Y56          FDRE (Prop_HFF2_SLICEL_C_Q)
                                                      0.039     1.043 r  bnn_top_i/rst_ps7_0_100M/U0/ACTIVE_LOW_PR_OUT_DFF[0].FDRE_PER_N/Q
                         net (fo=13, routed)          0.202     1.245    bnn_top_i/ps7_0_axi_periph/s00_couplers/auto_ds/inst/gen_downsizer.gen_simple_downsizer.axi_downsizer_inst/USE_WRITE.write_addr_inst/USE_B_CHANNEL.cmd_b_queue/inst/fifo_gen_inst/inst_fifo_gen/gconvfifo.rf/grf.rf/rstblk/ngwrdrst.grst.g7serrst.gnsckt_wrst.rst_wr_reg2_inst/src_arst
    SLICE_X3Y38          FDPE                                         f  bnn_top_i/ps7_0_axi_periph/s00_couplers/auto_ds/inst/gen_downsizer.gen_simple_downsizer.axi_downsizer_inst/USE_WRITE.write_addr_inst/USE_B_CHANNEL.cmd_b_queue/inst/fifo_gen_inst/inst_fifo_gen/gconvfifo.rf/grf.rf/rstblk/ngwrdrst.grst.g7serrst.gnsckt_wrst.rst_wr_reg2_inst/arststages_ff_reg[1]/PRE  (IS_INVERTED)
  -------------------------------------------------------------------    -------------------

                         (clock clk_pl_0 rise edge)
                                                      0.000     0.000 r  
    PS8_X0Y0             PS8                          0.000     0.000 r  bnn_top_i/zynq_ultra_ps_e_0/inst/PS8_i/PLCLK[0]
                         net (fo=1, routed)           0.120     0.120    bnn_top_i/zynq_ultra_ps_e_0/inst/pl_clk_unbuffered[0]
    BUFG_PS_X0Y58        BUFG_PS (Prop_BUFG_PS_I_O)
                                                      0.018     0.138 r  bnn_top_i/zynq_ultra_ps_e_0/inst/buffer_pl_clk_0.PL_CLK_0_BUFG/O
    X0Y0 (CLOCK_ROOT)    net (fo=20970, routed)       1.006     1.144    bnn_top_i/ps7_0_axi_periph/s00_couplers/auto_ds/inst/gen_downsizer.gen_simple_downsizer.axi_downsizer_inst/USE_WRITE.write_addr_inst/USE_B_CHANNEL.cmd_b_queue/inst/fifo_gen_inst/inst_fifo_gen/gconvfifo.rf/grf.rf/rstblk/ngwrdrst.grst.g7serrst.gnsckt_wrst.rst_wr_reg2_inst/dest_clk
    SLICE_X3Y38          FDPE                                         r  bnn_top_i/ps7_0_axi_periph/s00_couplers/auto_ds/inst/gen_downsizer.gen_simple_downsizer.axi_downsizer_inst/USE_WRITE.write_addr_inst/USE_B_CHANNEL.cmd_b_queue/inst/fifo_gen_inst/inst_fifo_gen/gconvfifo.rf/grf.rf/rstblk/ngwrdrst.grst.g7serrst.gnsckt_wrst.rst_wr_reg2_inst/arststages_ff_reg[1]/C

Slack:                    inf
  Source:                 bnn_top_i/rst_ps7_0_100M/U0/ACTIVE_LOW_PR_OUT_DFF[0].FDRE_PER_N/C
                            (rising edge-triggered cell FDRE clocked by clk_pl_0  {rise@0.000ns fall@1.666ns period=3.333ns})
  Destination:            bnn_top_i/ps7_0_axi_periph/s00_couplers/auto_ds/inst/gen_downsizer.gen_simple_downsizer.axi_downsizer_inst/USE_WRITE.write_addr_inst/cmd_queue/inst/fifo_gen_inst/inst_fifo_gen/gconvfifo.rf/grf.rf/rstblk/ngwrdrst.grst.g7serrst.gnsckt_wrst.rst_wr_reg2_inst/arststages_ff_reg[0]/PRE
                            (removal check against rising-edge clock clk_pl_0  {rise@0.000ns fall@1.666ns period=3.333ns})
  Path Group:             (none)
  Path Type:              Removal (Min at Fast Process Corner)
  Data Path Delay:        0.241ns  (logic 0.039ns (16.158%)  route 0.202ns (83.842%))
  Logic Levels:           0  
  Clock Path Skew:        0.140ns (DCD - SCD - CPR)
    Destination Clock Delay (DCD):    1.144ns
    Source Clock Delay      (SCD):    1.004ns
    Clock Pessimism Removal (CPR):    -0.000ns
  Clock Uncertainty:      0.104ns  ((TSJ^2 + DJ^2)^1/2) / 2 + PE
    Total System Jitter     (TSJ):    0.071ns
    Discrete Jitter          (DJ):    0.195ns
    Phase Error              (PE):    0.000ns
  Clock Net Delay (Source):      0.893ns (routing 0.430ns, distribution 0.463ns)
  Clock Net Delay (Destination): 1.006ns (routing 0.486ns, distribution 0.520ns)
  Timing Exception:       False Path

    Location             Delay type                Incr(ns)  Path(ns)    Netlist Resource(s)
  -------------------------------------------------------------------    -------------------
                         (clock clk_pl_0 rise edge)
                                                      0.000     0.000 r  
    PS8_X0Y0             PS8                          0.000     0.000 r  bnn_top_i/zynq_ultra_ps_e_0/inst/PS8_i/PLCLK[0]
                         net (fo=1, routed)           0.094     0.094    bnn_top_i/zynq_ultra_ps_e_0/inst/pl_clk_unbuffered[0]
    BUFG_PS_X0Y58        BUFG_PS (Prop_BUFG_PS_I_O)
                                                      0.017     0.111 r  bnn_top_i/zynq_ultra_ps_e_0/inst/buffer_pl_clk_0.PL_CLK_0_BUFG/O
    X0Y0 (CLOCK_ROOT)    net (fo=20970, routed)       0.893     1.004    bnn_top_i/rst_ps7_0_100M/U0/slowest_sync_clk
    SLICE_X6Y56          FDRE                                         r  bnn_top_i/rst_ps7_0_100M/U0/ACTIVE_LOW_PR_OUT_DFF[0].FDRE_PER_N/C
  -------------------------------------------------------------------    -------------------
    SLICE_X6Y56          FDRE (Prop_HFF2_SLICEL_C_Q)
                                                      0.039     1.043 r  bnn_top_i/rst_ps7_0_100M/U0/ACTIVE_LOW_PR_OUT_DFF[0].FDRE_PER_N/Q
                         net (fo=13, routed)          0.202     1.245    bnn_top_i/ps7_0_axi_periph/s00_couplers/auto_ds/inst/gen_downsizer.gen_simple_downsizer.axi_downsizer_inst/USE_WRITE.write_addr_inst/cmd_queue/inst/fifo_gen_inst/inst_fifo_gen/gconvfifo.rf/grf.rf/rstblk/ngwrdrst.grst.g7serrst.gnsckt_wrst.rst_wr_reg2_inst/src_arst
    SLICE_X3Y38          FDPE                                         f  bnn_top_i/ps7_0_axi_periph/s00_couplers/auto_ds/inst/gen_downsizer.gen_simple_downsizer.axi_downsizer_inst/USE_WRITE.write_addr_inst/cmd_queue/inst/fifo_gen_inst/inst_fifo_gen/gconvfifo.rf/grf.rf/rstblk/ngwrdrst.grst.g7serrst.gnsckt_wrst.rst_wr_reg2_inst/arststages_ff_reg[0]/PRE  (IS_INVERTED)
  -------------------------------------------------------------------    -------------------

                         (clock clk_pl_0 rise edge)
                                                      0.000     0.000 r  
    PS8_X0Y0             PS8                          0.000     0.000 r  bnn_top_i/zynq_ultra_ps_e_0/inst/PS8_i/PLCLK[0]
                         net (fo=1, routed)           0.120     0.120    bnn_top_i/zynq_ultra_ps_e_0/inst/pl_clk_unbuffered[0]
    BUFG_PS_X0Y58        BUFG_PS (Prop_BUFG_PS_I_O)
                                                      0.018     0.138 r  bnn_top_i/zynq_ultra_ps_e_0/inst/buffer_pl_clk_0.PL_CLK_0_BUFG/O
    X0Y0 (CLOCK_ROOT)    net (fo=20970, routed)       1.006     1.144    bnn_top_i/ps7_0_axi_periph/s00_couplers/auto_ds/inst/gen_downsizer.gen_simple_downsizer.axi_downsizer_inst/USE_WRITE.write_addr_inst/cmd_queue/inst/fifo_gen_inst/inst_fifo_gen/gconvfifo.rf/grf.rf/rstblk/ngwrdrst.grst.g7serrst.gnsckt_wrst.rst_wr_reg2_inst/dest_clk
    SLICE_X3Y38          FDPE                                         r  bnn_top_i/ps7_0_axi_periph/s00_couplers/auto_ds/inst/gen_downsizer.gen_simple_downsizer.axi_downsizer_inst/USE_WRITE.write_addr_inst/cmd_queue/inst/fifo_gen_inst/inst_fifo_gen/gconvfifo.rf/grf.rf/rstblk/ngwrdrst.grst.g7serrst.gnsckt_wrst.rst_wr_reg2_inst/arststages_ff_reg[0]/C

Slack:                    inf
  Source:                 bnn_top_i/rst_ps7_0_100M/U0/ACTIVE_LOW_PR_OUT_DFF[0].FDRE_PER_N/C
                            (rising edge-triggered cell FDRE clocked by clk_pl_0  {rise@0.000ns fall@1.666ns period=3.333ns})
  Destination:            bnn_top_i/ps7_0_axi_periph/s00_couplers/auto_ds/inst/gen_downsizer.gen_simple_downsizer.axi_downsizer_inst/USE_WRITE.write_addr_inst/cmd_queue/inst/fifo_gen_inst/inst_fifo_gen/gconvfifo.rf/grf.rf/rstblk/ngwrdrst.grst.g7serrst.gnsckt_wrst.rst_wr_reg2_inst/arststages_ff_reg[1]/PRE
                            (removal check against rising-edge clock clk_pl_0  {rise@0.000ns fall@1.666ns period=3.333ns})
  Path Group:             (none)
  Path Type:              Removal (Min at Fast Process Corner)
  Data Path Delay:        0.241ns  (logic 0.039ns (16.158%)  route 0.202ns (83.842%))
  Logic Levels:           0  
  Clock Path Skew:        0.140ns (DCD - SCD - CPR)
    Destination Clock Delay (DCD):    1.144ns
    Source Clock Delay      (SCD):    1.004ns
    Clock Pessimism Removal (CPR):    -0.000ns
  Clock Uncertainty:      0.104ns  ((TSJ^2 + DJ^2)^1/2) / 2 + PE
    Total System Jitter     (TSJ):    0.071ns
    Discrete Jitter          (DJ):    0.195ns
    Phase Error              (PE):    0.000ns
  Clock Net Delay (Source):      0.893ns (routing 0.430ns, distribution 0.463ns)
  Clock Net Delay (Destination): 1.006ns (routing 0.486ns, distribution 0.520ns)
  Timing Exception:       False Path

    Location             Delay type                Incr(ns)  Path(ns)    Netlist Resource(s)
  -------------------------------------------------------------------    -------------------
                         (clock clk_pl_0 rise edge)
                                                      0.000     0.000 r  
    PS8_X0Y0             PS8                          0.000     0.000 r  bnn_top_i/zynq_ultra_ps_e_0/inst/PS8_i/PLCLK[0]
                         net (fo=1, routed)           0.094     0.094    bnn_top_i/zynq_ultra_ps_e_0/inst/pl_clk_unbuffered[0]
    BUFG_PS_X0Y58        BUFG_PS (Prop_BUFG_PS_I_O)
                                                      0.017     0.111 r  bnn_top_i/zynq_ultra_ps_e_0/inst/buffer_pl_clk_0.PL_CLK_0_BUFG/O
    X0Y0 (CLOCK_ROOT)    net (fo=20970, routed)       0.893     1.004    bnn_top_i/rst_ps7_0_100M/U0/slowest_sync_clk
    SLICE_X6Y56          FDRE                                         r  bnn_top_i/rst_ps7_0_100M/U0/ACTIVE_LOW_PR_OUT_DFF[0].FDRE_PER_N/C
  -------------------------------------------------------------------    -------------------
    SLICE_X6Y56          FDRE (Prop_HFF2_SLICEL_C_Q)
                                                      0.039     1.043 r  bnn_top_i/rst_ps7_0_100M/U0/ACTIVE_LOW_PR_OUT_DFF[0].FDRE_PER_N/Q
                         net (fo=13, routed)          0.202     1.245    bnn_top_i/ps7_0_axi_periph/s00_couplers/auto_ds/inst/gen_downsizer.gen_simple_downsizer.axi_downsizer_inst/USE_WRITE.write_addr_inst/cmd_queue/inst/fifo_gen_inst/inst_fifo_gen/gconvfifo.rf/grf.rf/rstblk/ngwrdrst.grst.g7serrst.gnsckt_wrst.rst_wr_reg2_inst/src_arst
    SLICE_X3Y38          FDPE                                         f  bnn_top_i/ps7_0_axi_periph/s00_couplers/auto_ds/inst/gen_downsizer.gen_simple_downsizer.axi_downsizer_inst/USE_WRITE.write_addr_inst/cmd_queue/inst/fifo_gen_inst/inst_fifo_gen/gconvfifo.rf/grf.rf/rstblk/ngwrdrst.grst.g7serrst.gnsckt_wrst.rst_wr_reg2_inst/arststages_ff_reg[1]/PRE  (IS_INVERTED)
  -------------------------------------------------------------------    -------------------

                         (clock clk_pl_0 rise edge)
                                                      0.000     0.000 r  
    PS8_X0Y0             PS8                          0.000     0.000 r  bnn_top_i/zynq_ultra_ps_e_0/inst/PS8_i/PLCLK[0]
                         net (fo=1, routed)           0.120     0.120    bnn_top_i/zynq_ultra_ps_e_0/inst/pl_clk_unbuffered[0]
    BUFG_PS_X0Y58        BUFG_PS (Prop_BUFG_PS_I_O)
                                                      0.018     0.138 r  bnn_top_i/zynq_ultra_ps_e_0/inst/buffer_pl_clk_0.PL_CLK_0_BUFG/O
    X0Y0 (CLOCK_ROOT)    net (fo=20970, routed)       1.006     1.144    bnn_top_i/ps7_0_axi_periph/s00_couplers/auto_ds/inst/gen_downsizer.gen_simple_downsizer.axi_downsizer_inst/USE_WRITE.write_addr_inst/cmd_queue/inst/fifo_gen_inst/inst_fifo_gen/gconvfifo.rf/grf.rf/rstblk/ngwrdrst.grst.g7serrst.gnsckt_wrst.rst_wr_reg2_inst/dest_clk
    SLICE_X3Y38          FDPE                                         r  bnn_top_i/ps7_0_axi_periph/s00_couplers/auto_ds/inst/gen_downsizer.gen_simple_downsizer.axi_downsizer_inst/USE_WRITE.write_addr_inst/cmd_queue/inst/fifo_gen_inst/inst_fifo_gen/gconvfifo.rf/grf.rf/rstblk/ngwrdrst.grst.g7serrst.gnsckt_wrst.rst_wr_reg2_inst/arststages_ff_reg[1]/C

Slack:                    inf
  Source:                 bnn_top_i/rst_ps7_0_100M/U0/ACTIVE_LOW_PR_OUT_DFF[0].FDRE_PER_N_replica_2/C
                            (rising edge-triggered cell FDRE clocked by clk_pl_0  {rise@0.000ns fall@1.666ns period=3.333ns})
  Destination:            bnn_top_i/axi_dma/U0/I_RST_MODULE/REG_HRD_RST/GENERATE_LEVEL_P_S_CDC.SINGLE_BIT.CROSS_PLEVEL_IN2SCNDRY_IN_cdc_to/D
                            (rising edge-triggered cell FDRE clocked by clk_pl_0  {rise@0.000ns fall@1.666ns period=3.333ns})
  Path Group:             (none)
  Path Type:              Hold (Min at Fast Process Corner)
  Data Path Delay:        0.332ns  (logic 0.039ns (11.756%)  route 0.293ns (88.244%))
  Logic Levels:           0  
  Clock Path Skew:        0.157ns (DCD - SCD - CPR)
    Destination Clock Delay (DCD):    1.138ns
    Source Clock Delay      (SCD):    0.981ns
    Clock Pessimism Removal (CPR):    -0.000ns
  Clock Uncertainty:      0.104ns  ((TSJ^2 + DJ^2)^1/2) / 2 + PE
    Total System Jitter     (TSJ):    0.071ns
    Discrete Jitter          (DJ):    0.195ns
    Phase Error              (PE):    0.000ns
  Clock Net Delay (Source):      0.870ns (routing 0.430ns, distribution 0.440ns)
  Clock Net Delay (Destination): 1.000ns (routing 0.486ns, distribution 0.514ns)
  Timing Exception:       False Path

    Location             Delay type                Incr(ns)  Path(ns)    Netlist Resource(s)
  -------------------------------------------------------------------    -------------------
                         (clock clk_pl_0 rise edge)
                                                      0.000     0.000 r  
    PS8_X0Y0             PS8                          0.000     0.000 r  bnn_top_i/zynq_ultra_ps_e_0/inst/PS8_i/PLCLK[0]
                         net (fo=1, routed)           0.094     0.094    bnn_top_i/zynq_ultra_ps_e_0/inst/pl_clk_unbuffered[0]
    BUFG_PS_X0Y58        BUFG_PS (Prop_BUFG_PS_I_O)
                                                      0.017     0.111 r  bnn_top_i/zynq_ultra_ps_e_0/inst/buffer_pl_clk_0.PL_CLK_0_BUFG/O
    X0Y0 (CLOCK_ROOT)    net (fo=20970, routed)       0.870     0.981    bnn_top_i/rst_ps7_0_100M/U0/slowest_sync_clk
    SLICE_X13Y30         FDRE                                         r  bnn_top_i/rst_ps7_0_100M/U0/ACTIVE_LOW_PR_OUT_DFF[0].FDRE_PER_N_replica_2/C
  -------------------------------------------------------------------    -------------------
    SLICE_X13Y30         FDRE (Prop_AFF_SLICEL_C_Q)
                                                      0.039     1.020 r  bnn_top_i/rst_ps7_0_100M/U0/ACTIVE_LOW_PR_OUT_DFF[0].FDRE_PER_N_replica_2/Q
                         net (fo=226, routed)         0.293     1.313    bnn_top_i/axi_dma/U0/I_RST_MODULE/REG_HRD_RST/peripheral_aresetn[0]_repN_2_alias
    SLICE_X13Y29         FDRE                                         r  bnn_top_i/axi_dma/U0/I_RST_MODULE/REG_HRD_RST/GENERATE_LEVEL_P_S_CDC.SINGLE_BIT.CROSS_PLEVEL_IN2SCNDRY_IN_cdc_to/D
  -------------------------------------------------------------------    -------------------

                         (clock clk_pl_0 rise edge)
                                                      0.000     0.000 r  
    PS8_X0Y0             PS8                          0.000     0.000 r  bnn_top_i/zynq_ultra_ps_e_0/inst/PS8_i/PLCLK[0]
                         net (fo=1, routed)           0.120     0.120    bnn_top_i/zynq_ultra_ps_e_0/inst/pl_clk_unbuffered[0]
    BUFG_PS_X0Y58        BUFG_PS (Prop_BUFG_PS_I_O)
                                                      0.018     0.138 r  bnn_top_i/zynq_ultra_ps_e_0/inst/buffer_pl_clk_0.PL_CLK_0_BUFG/O
    X0Y0 (CLOCK_ROOT)    net (fo=20970, routed)       1.000     1.138    bnn_top_i/axi_dma/U0/I_RST_MODULE/REG_HRD_RST/s_axi_lite_aclk
    SLICE_X13Y29         FDRE                                         r  bnn_top_i/axi_dma/U0/I_RST_MODULE/REG_HRD_RST/GENERATE_LEVEL_P_S_CDC.SINGLE_BIT.CROSS_PLEVEL_IN2SCNDRY_IN_cdc_to/C





